county_fips,year,yield_bu_per_acre
17007,1951,24.0
17007,1952,26.5
17007,1953,22.0
17007,1954,27.5
17007,1955,22.0
17007,1956,27.5
17007,1957,30.0
17007,1958,25.0
17007,1959,31.0
17007,1960,23.5
17007,1961,26.5
17007,1962,26.0
17007,1963,29.0
17007,1964,28.5
17007,1965,26.5
17007,1966,23.5
17007,1967,27.5
17007,1968,34.0
17007,1969,31.0
17007,1970,32.0
17007,1971,29.0
17007,1972,32.5
17007,1973,30.0
17007,1974,20.0
17007,1975,35.0
17007,1976,29.0
17007,1977,37.0
17007,1978,34.5
17007,1979,38.0
17007,1980,39.0
17007,1981,42.0
17007,1982,37.0
17007,1983,37.0
17007,1984,31.5
17007,1985,38.5
17007,1986,36.5
17007,1987,43.0
17007,1988,24.5
17007,1989,41.0
17007,1990,43.0
17007,1991,38.0
17007,1992,42.0
17007,1993,37.0
17007,1994,48.5
17007,1995,42.5
17007,1996,36.0
17007,1997,44.5
17007,1998,52.5
17007,1999,50.0
17007,2000,36.0
17007,2001,45.0
17007,2002,38.0
17007,2003,27.0
17007,2004,49.0
17007,2005,35.0
17007,2006,51.0
17007,2007,48.0
17007,2008,42.0
17007,2009,45.0
17007,2010,58.1
17007,2011,59.5
17007,2012,43.9
17007,2013,52.5
17007,2014,57.4
17007,2015,58.1
17007,2016,62.3
17007,2017,47.4
17007,2018,60.3
17007,2019,50.0
17007,2020,53.0
17007,2021,69.2
17007,2022,62.2
17007,2023,59.6
17007,2024,62.9
17007,2025,66.2
17011,1951,29.0
17011,1952,30.5
17011,1953,26.0
17011,1954,30.0
17011,1955,29.0
17011,1956,31.0
17011,1957,31.5
17011,1958,31.0
17011,1959,31.5
17011,1960,31.5
17011,1961,33.0
17011,1962,31.5
17011,1963,32.0
17011,1964,30.5
17011,1965,33.0
17011,1966,31.0
17011,1967,32.0
17011,1968,35.5
17011,1969,38.5
17011,1970,35.5
17011,1971,36.0
17011,1972,37.0
17011,1973,38.0
17011,1974,27.5
17011,1975,41.0
17011,1976,34.5
17011,1977,42.0
17011,1978,38.5
17011,1979,43.5
17011,1980,39.5
17011,1981,45.0
17011,1982,42.0
17011,1983,42.0
17011,1984,40.0
17011,1985,45.0
17011,1986,43.5
17011,1987,46.0
17011,1988,28.5
17011,1989,42.5
17011,1990,41.5
17011,1991,44.5
17011,1992,43.0
17011,1993,46.5
17011,1994,51.5
17011,1995,43.5
17011,1996,46.5
17011,1997,48.5
17011,1998,52.5
17011,1999,45.0
17011,2000,48.0
17011,2001,49.0
17011,2002,49.0
17011,2003,37.0
17011,2004,51.0
17011,2005,48.0
17011,2006,53.0
17011,2007,51.0
17011,2008,49.0
17011,2009,44.0
17011,2010,55.0
17011,2011,58.1
17011,2012,55.0
17011,2013,56.3
17011,2014,59.9
17011,2015,60.2
17011,2016,64.2
17011,2017,59.1
17011,2018,68.5
17011,2019,57.4
17011,2020,64.8
17011,2021,66.4
17011,2022,67.5
17011,2023,66.9
17011,2024,72.9
17011,2025,71.8
17015,1951,25.5
17015,1952,27.0
17015,1953,19.0
17015,1954,24.5
17015,1955,20.0
17015,1956,22.0
17015,1957,24.5
17015,1958,20.0
17015,1959,23.0
17015,1960,22.5
17015,1961,25.0
17015,1962,26.0
17015,1963,25.0
17015,1964,26.5
17015,1965,26.0
17015,1966,24.5
17015,1967,26.5
17015,1968,32.5
17015,1969,33.5
17015,1970,35.5
17015,1971,34.0
17015,1972,34.0
17015,1973,33.0
17015,1974,24.5
17015,1975,37.0
17015,1976,33.5
17015,1977,38.0
17015,1978,34.0
17015,1979,41.0
17015,1980,37.0
17015,1981,41.5
17015,1982,39.5
17015,1983,37.5
17015,1984,33.5
17015,1985,44.5
17015,1986,42.0
17015,1987,47.0
17015,1988,31.0
17015,1989,46.0
17015,1990,48.5
17015,1991,52.5
17015,1992,43.5
17015,1993,41.5
17015,1994,54.5
17015,1995,51.5
17015,1996,48.0
17015,1997,50.5
17015,1998,56.0
17015,1999,54.0
17015,2000,49.0
17015,2001,55.0
17015,2002,57.0
17015,2003,35.0
17015,2004,56.0
17015,2005,57.0
17015,2006,58.0
17015,2007,51.0
17015,2008,49.0
17015,2009,55.0
17015,2010,58.9
17015,2011,63.7
17015,2012,59.0
17015,2013,57.9
17015,2014,60.4
17015,2015,63.6
17015,2016,69.0
17015,2017,64.3
17015,2018,68.9
17015,2019,64.7
17015,2020,68.1
17015,2021,68.6
17015,2022,68.9
17015,2023,70.4
17015,2024,70.3
17015,2025,71.0
17025,1951,18.5
17025,1952,14.0
17025,1953,8.5
17025,1954,11.5
17025,1955,11.5
17025,1956,21.0
17025,1957,18.0
17025,1958,22.0
17025,1959,21.5
17025,1960,17.0
17025,1961,24.0
17025,1962,21.5
17025,1963,23.0
17025,1964,17.5
17025,1965,22.0
17025,1966,19.5
17025,1967,26.0
17025,1968,24.0
17025,1969,24.5
17025,1970,19.0
17025,1971,19.5
17025,1972,23.0
17025,1973,21.0
17025,1974,19.0
17025,1975,25.0
17025,1976,27.0
17025,1977,30.5
17025,1978,25.5
17025,1979,31.5
17025,1980,22.5
17025,1981,32.0
17025,1982,31.0
17025,1983,13.0
17025,1984,22.0
17025,1985,34.5
17025,1986,33.0
17025,1987,29.0
17025,1988,20.5
17025,1989,30.5
17025,1990,25.5
17025,1991,23.5
17025,1992,30.5
17025,1993,37.5
17025,1994,28.5
17025,1995,28.5
17025,1996,32.0
17025,1997,36.5
17025,1998,34.0
17025,1999,35.0
17025,2000,41.0
17025,2001,39.0
17025,2002,23.0
17025,2003,35.0
17025,2004,43.0
17025,2005,40.0
17025,2006,39.0
17025,2007,29.0
17025,2008,41.0
17025,2009,33.0
17025,2010,44.2
17025,2011,31.9
17025,2012,22.6
17025,2013,40.7
17025,2014,48.2
17025,2015,46.1
17025,2016,52.5
17025,2017,44.3
17025,2018,58.5
17025,2019,40.5
17025,2020,52.4
17025,2021,59.2
17025,2022,57.3
17025,2023,54.4
17025,2024,54.0
17025,2025,45.0
17033,1951,22.0
17033,1952,19.0
17033,1953,13.0
17033,1954,12.5
17033,1955,18.5
17033,1956,24.0
17033,1957,20.5
17033,1958,22.0
17033,1959,23.0
17033,1960,21.0
17033,1961,25.0
17033,1962,27.0
17033,1963,25.0
17033,1964,21.5
17033,1965,25.5
17033,1966,21.5
17033,1967,25.5
17033,1968,27.0
17033,1969,28.5
17033,1970,27.0
17033,1971,26.5
17033,1972,29.0
17033,1973,26.0
17033,1974,21.5
17033,1975,28.0
17033,1976,31.0
17033,1977,32.5
17033,1978,32.0
17033,1979,35.0
17033,1980,35.5
17033,1981,32.5
17033,1982,35.5
17033,1983,20.5
17033,1984,26.5
17033,1985,36.5
17033,1986,37.0
17033,1987,33.5
17033,1988,25.0
17033,1989,35.5
17033,1990,32.0
17033,1991,34.5
17033,1992,42.0
17033,1993,41.0
17033,1994,37.0
17033,1995,35.0
17033,1996,33.5
17033,1997,36.5
17033,1998,37.0
17033,1999,36.0
17033,2000,42.0
17033,2001,42.0
17033,2002,35.0
17033,2003,40.0
17033,2004,47.0
17033,2005,45.0
17033,2006,45.0
17033,2007,40.0
17033,2008,44.0
17033,2009,38.0
17033,2010,45.5
17033,2011,42.2
17033,2012,30.2
17033,2013,47.5
17033,2014,50.2
17033,2015,51.0
17033,2016,56.4
17033,2017,52.7
17033,2018,63.0
17033,2019,49.5
17033,2020,56.3
17033,2021,65.0
17033,2022,61.8
17033,2023,60.8
17033,2024,58.2
17033,2025,55.2
17049,1951,19.0
17049,1952,18.0
17049,1953,17.5
17049,1954,11.5
17049,1955,18.0
17049,1956,25.0
17049,1957,19.5
17049,1958,24.0
17049,1959,22.0
17049,1960,19.0
17049,1961,25.0
17049,1962,24.5
17049,1963,25.0
17049,1964,16.5
17049,1965,26.0
17049,1966,23.0
17049,1967,30.5
17049,1968,30.0
17049,1969,30.5
17049,1970,26.0
17049,1971,25.5
17049,1972,28.0
17049,1973,27.0
17049,1974,22.5
17049,1975,32.0
17049,1976,32.0
17049,1977,33.5
17049,1978,30.5
17049,1979,36.0
17049,1980,31.5
17049,1981,33.5
17049,1982,35.0
17049,1983,15.0
17049,1984,21.5
17049,1985,39.0
17049,1986,40.0
17049,1987,33.5
17049,1988,22.0
17049,1989,33.5
17049,1990,32.0
17049,1991,34.0
17049,1992,37.0
17049,1993,36.5
17049,1994,38.5
17049,1995,35.5
17049,1996,34.5
17049,1997,36.5
17049,1998,39.5
17049,1999,34.0
17049,2000,40.0
17049,2001,43.0
17049,2002,33.0
17049,2003,40.0
17049,2004,50.0
17049,2005,39.0
17049,2006,48.0
17049,2007,36.0
17049,2008,46.0
17049,2009,39.0
17049,2010,49.8
17049,2011,43.8
17049,2012,42.0
17049,2013,46.0
17049,2014,58.8
17049,2015,52.8
17049,2016,58.2
17049,2017,55.3
17049,2018,72.1
17049,2019,51.5
17049,2020,57.9
17049,2021,64.7
17049,2022,59.9
17049,2023,59.3
17049,2024,55.7
17049,2025,54.4
17055,1951,16.0
17055,1952,14.5
17055,1953,9.0
17055,1954,12.5
17055,1955,12.5
17055,1956,23.5
17055,1957,17.0
17055,1958,24.5
17055,1959,18.5
17055,1960,21.0
17055,1961,24.5
17055,1962,23.0
17055,1963,20.5
17055,1964,16.5
17055,1965,19.0
17055,1966,16.0
17055,1967,24.5
17055,1968,20.0
17055,1969,21.5
17055,1970,22.0
17055,1971,22.0
17055,1972,25.0
17055,1973,23.0
17055,1974,18.0
17055,1975,27.5
17055,1976,25.0
17055,1977,29.5
17055,1978,18.0
17055,1979,28.5
17055,1980,20.0
17055,1981,28.0
17055,1982,27.0
17055,1983,13.5
17055,1984,23.0
17055,1985,29.5
17055,1986,31.5
17055,1987,26.5
17055,1988,25.5
17055,1989,29.5
17055,1990,29.0
17055,1991,29.0
17055,1992,33.5
17055,1993,33.5
17055,1994,35.0
17055,1995,28.5
17055,1996,32.5
17055,1997,36.5
17055,1998,29.5
17055,1999,21.0
17055,2000,36.0
17055,2001,40.0
17055,2002,21.0
17055,2003,28.0
17055,2004,42.0
17055,2005,42.0
17055,2006,42.0
17055,2007,25.0
17055,2008,40.0
17055,2009,39.0
17055,2010,36.6
17055,2011,31.8
17055,2012,27.9
17055,2013,41.4
17055,2014,44.4
17055,2015,45.9
17055,2016,45.2
17055,2017,46.4
17055,2018,47.5
17055,2019,38.9
17055,2020,51.2
17055,2021,53.3
17055,2022,47.0
17055,2023,50.1
17055,2024,47.1
17055,2025,43.6
17057,1951,28.5
17057,1952,28.0
17057,1953,23.0
17057,1954,28.5
17057,1955,26.0
17057,1956,29.5
17057,1957,25.5
17057,1958,31.5
17057,1959,27.0
17057,1960,25.5
17057,1961,30.0
17057,1962,29.5
17057,1963,30.0
17057,1964,28.0
17057,1965,30.5
17057,1966,28.0
17057,1967,32.5
17057,1968,32.5
17057,1969,35.5
17057,1970,34.5
17057,1971,37.0
17057,1972,37.5
17057,1973,33.0
17057,1974,19.5
17057,1975,37.5
17057,1976,34.0
17057,1977,37.5
17057,1978,34.5
17057,1979,39.0
17057,1980,34.0
17057,1981,37.5
17057,1982,39.0
17057,1983,27.5
17057,1984,33.5
17057,1985,41.0
17057,1986,43.0
17057,1987,36.0
17057,1988,28.5
17057,1989,39.0
17057,1990,42.0
17057,1991,44.5
17057,1992,44.0
17057,1993,43.0
17057,1994,46.0
17057,1995,37.5
17057,1996,41.5
17057,1997,44.0
17057,1998,45.5
17057,1999,45.0
17057,2000,43.0
17057,2001,46.0
17057,2002,42.0
17057,2003,41.0
17057,2004,51.0
17057,2005,45.0
17057,2006,48.0
17057,2007,42.0
17057,2008,51.0
17057,2009,43.0
17057,2010,49.1
17057,2011,50.0
17057,2012,45.8
17057,2013,51.4
17057,2014,52.5
17057,2015,56.0
17057,2016,56.4
17057,2017,60.1
17057,2018,62.4
17057,2019,53.9
17057,2020,58.4
17057,2021,65.5
17057,2022,62.5
17057,2023,63.0
17057,2024,62.4
17057,2025,62.7
17075,1951,28.5
17075,1952,25.0
17075,1953,23.0
17075,1954,28.0
17075,1955,25.0
17075,1956,29.5
17075,1957,27.5
17075,1958,27.0
17075,1959,25.5
17075,1960,27.0
17075,1961,29.0
17075,1962,30.0
17075,1963,30.0
17075,1964,27.5
17075,1965,32.0
17075,1966,30.0
17075,1967,30.5
17075,1968,32.5
17075,1969,35.5
17075,1970,33.5
17075,1971,39.0
17075,1972,34.5
17075,1973,33.5
17075,1974,27.0
17075,1975,37.5
17075,1976,33.0
17075,1977,39.5
17075,1978,35.5
17075,1979,39.0
17075,1980,34.0
17075,1981,38.5
17075,1982,42.5
17075,1983,37.5
17075,1984,34.0
17075,1985,50.0
17075,1986,35.5
17075,1987,41.0
17075,1988,21.5
17075,1989,44.0
17075,1990,43.0
17075,1991,28.5
17075,1992,45.5
17075,1993,40.5
17075,1994,48.0
17075,1995,39.5
17075,1996,42.5
17075,1997,46.5
17075,1998,42.5
17075,1999,49.0
17075,2000,44.0
17075,2001,49.0
17075,2002,52.0
17075,2003,30.0
17075,2004,49.0
17075,2005,51.0
17075,2006,50.0
17075,2007,52.0
17075,2008,47.0
17075,2009,51.0
17075,2010,46.1
17075,2011,45.0
17075,2012,44.7
17075,2013,49.2
17075,2014,57.1
17075,2015,52.1
17075,2016,59.1
17075,2017,57.1
17075,2018,55.3
17075,2019,45.3
17075,2020,60.0
17075,2021,57.9
17075,2022,63.8
17075,2023,65.6
17075,2024,65.3
17075,2025,67.1
17081,1951,17.5
17081,1952,14.5
17081,1953,9.5
17081,1954,12.5
17081,1955,12.5
17081,1956,23.5
17081,1957,18.5
17081,1958,26.5
17081,1959,21.0
17081,1960,21.0
17081,1961,23.5
17081,1962,22.0
17081,1963,23.0
17081,1964,16.5
17081,1965,21.0
17081,1966,19.5
17081,1967,26.5
17081,1968,22.0
17081,1969,20.5
17081,1970,20.0
17081,1971,20.0
17081,1972,25.0
17081,1973,23.0
17081,1974,19.5
17081,1975,25.5
17081,1976,23.0
17081,1977,29.5
17081,1978,22.0
17081,1979,31.5
17081,1980,21.0
17081,1981,27.0
17081,1982,27.5
17081,1983,14.0
17081,1984,19.0
17081,1985,27.0
17081,1986,29.5
17081,1987,29.0
17081,1988,23.0
17081,1989,26.5
17081,1990,24.0
17081,1991,28.5
17081,1992,31.0
17081,1993,35.0
17081,1994,35.5
17081,1995,28.5
17081,1996,32.0
17081,1997,38.0
17081,1998,33.0
17081,1999,29.0
17081,2000,38.0
17081,2001,39.0
17081,2002,24.0
17081,2003,24.0
17081,2004,41.0
17081,2005,40.0
17081,2006,38.0
17081,2007,20.0
17081,2008,40.0
17081,2009,32.0
17081,2010,39.9
17081,2011,29.0
17081,2012,27.0
17081,2013,38.6
17081,2014,45.5
17081,2015,42.1
17081,2016,48.4
17081,2017,40.9
17081,2018,51.4
17081,2019,37.4
17081,2020,47.6
17081,2021,47.7
17081,2022,48.1
17081,2023,48.5
17081,2024,46.6
17081,2025,39.8
17089,1951,25.0
17089,1952,26.5
17089,1953,25.5
17089,1954,27.0
17089,1955,24.5
17089,1956,30.5
17089,1957,28.5
17089,1958,28.0
17089,1959,33.0
17089,1960,27.5
17089,1961,30.5
17089,1962,28.0
17089,1963,28.0
17089,1964,30.5
17089,1965,30.0
17089,1966,25.0
17089,1967,26.5
17089,1968,36.0
17089,1969,34.0
17089,1970,33.0
17089,1971,32.0
17089,1972,34.5
17089,1973,31.0
17089,1974,24.5
17089,1975,37.5
17089,1976,34.0
17089,1977,41.0
17089,1978,35.0
17089,1979,42.0
17089,1980,40.0
17089,1981,42.5
17089,1982,39.0
17089,1983,38.0
17089,1984,33.5
17089,1985,42.0
17089,1986,38.0
17089,1987,46.0
17089,1988,35.5
17089,1989,42.5
17089,1990,43.5
17089,1991,42.5
17089,1992,42.0
17089,1993,41.0
17089,1994,51.0
17089,1995,46.5
17089,1996,35.0
17089,1997,46.0
17089,1998,51.5
17089,1999,48.0
17089,2000,39.0
17089,2001,41.0
17089,2002,41.0
17089,2003,36.0
17089,2004,47.0
17089,2005,41.0
17089,2006,53.0
17089,2007,50.0
17089,2008,44.0
17089,2009,44.0
17089,2010,56.8
17089,2011,57.5
17089,2012,46.5
17089,2013,57.0
17089,2014,57.1
17089,2015,57.4
17089,2016,64.5
17089,2017,53.6
17089,2018,58.9
17089,2019,50.3
17089,2020,56.0
17089,2021,67.7
17089,2022,64.4
17089,2023,60.8
17089,2024,63.7
17089,2025,64.6
17095,1951,29.5
17095,1952,32.0
17095,1953,28.5
17095,1954,30.0
17095,1955,31.5
17095,1956,31.5
17095,1957,29.5
17095,1958,31.5
17095,1959,29.5
17095,1960,29.5
17095,1961,31.0
17095,1962,28.5
17095,1963,32.0
17095,1964,28.5
17095,1965,31.0
17095,1966,34.0
17095,1967,34.5
17095,1968,37.5
17095,1969,41.5
17095,1970,35.5
17095,1971,39.0
17095,1972,40.5
17095,1973,37.0
17095,1974,26.5
17095,1975,41.5
17095,1976,40.5
17095,1977,41.5
17095,1978,40.5
17095,1979,44.0
17095,1980,40.0
17095,1981,44.0
17095,1982,43.0
17095,1983,38.5
17095,1984,38.0
17095,1985,44.5
17095,1986,47.0
17095,1987,42.5
17095,1988,34.5
17095,1989,43.5
17095,1990,44.0
17095,1991,52.5
17095,1992,46.5
17095,1993,46.5
17095,1994,51.5
17095,1995,43.5
17095,1996,47.5
17095,1997,51.5
17095,1998,54.5
17095,1999,50.0
17095,2000,48.0
17095,2001,48.0
17095,2002,51.0
17095,2003,39.0
17095,2004,55.0
17095,2005,45.0
17095,2006,50.0
17095,2007,51.0
17095,2008,53.0
17095,2009,47.0
17095,2010,58.7
17095,2011,61.9
17095,2012,55.9
17095,2013,56.6
17095,2014,57.1
17095,2015,63.2
17095,2016,63.6
17095,2017,63.7
17095,2018,64.1
17095,2019,55.9
17095,2020,63.9
17095,2021,68.4
17095,2022,67.0
17095,2023,64.1
17095,2024,67.6
17095,2025,69.0
17105,1951,29.0
17105,1952,25.0
17105,1953,22.5
17105,1954,28.5
17105,1955,25.5
17105,1956,31.5
17105,1957,29.5
17105,1958,30.0
17105,1959,29.0
17105,1960,28.0
17105,1961,29.0
17105,1962,31.5
17105,1963,32.0
17105,1964,28.5
17105,1965,35.0
17105,1966,29.5
17105,1967,33.5
17105,1968,30.0
17105,1969,37.5
17105,1970,34.5
17105,1971,37.0
17105,1972,36.5
17105,1973,33.5
17105,1974,25.5
17105,1975,41.5
17105,1976,35.0
17105,1977,41.5
17105,1978,36.5
17105,1979,42.5
17105,1980,34.0
17105,1981,40.5
17105,1982,42.5
17105,1983,34.5
17105,1984,30.0
17105,1985,49.0
17105,1986,40.0
17105,1987,38.0
17105,1988,17.0
17105,1989,47.0
17105,1990,44.0
17105,1991,27.5
17105,1992,45.5
17105,1993,46.0
17105,1994,47.5
17105,1995,42.5
17105,1996,42.5
17105,1997,44.5
17105,1998,40.0
17105,1999,44.0
17105,2000,44.0
17105,2001,45.0
17105,2002,48.0
17105,2003,31.0
17105,2004,51.0
17105,2005,50.0
17105,2006,52.0
17105,2007,54.0
17105,2008,47.0
17105,2009,51.0
17105,2010,51.1
17105,2011,51.7
17105,2012,41.2
17105,2013,56.3
17105,2014,58.6
17105,2015,59.5
17105,2016,60.6
17105,2017,58.8
17105,2018,61.0
17105,2019,56.9
17105,2020,56.0
17105,2021,66.0
17105,2022,63.5
17105,2023,67.7
17105,2024,69.3
17105,2025,69.8
17113,1951,32.5
17113,1952,29.5
17113,1953,26.0
17113,1954,31.0
17113,1955,27.5
17113,1956,32.0
17113,1957,31.5
17113,1958,30.5
17113,1959,29.0
17113,1960,31.5
17113,1961,33.0
17113,1962,33.0
17113,1963,33.0
17113,1964,31.0
17113,1965,34.5
17113,1966,33.0
17113,1967,35.0
17113,1968,36.0
17113,1969,40.5
17113,1970,35.5
17113,1971,41.0
17113,1972,40.5
17113,1973,38.0
17113,1974,27.5
17113,1975,43.0
17113,1976,37.5
17113,1977,43.0
17113,1978,40.5
17113,1979,44.0
17113,1980,37.5
17113,1981,38.5
17113,1982,43.5
17113,1983,38.0
17113,1984,35.5
17113,1985,52.5
17113,1986,45.0
17113,1987,44.0
17113,1988,25.5
17113,1989,49.0
17113,1990,46.5
17113,1991,38.5
17113,1992,47.5
17113,1993,47.5
17113,1994,47.5
17113,1995,45.5
17113,1996,47.0
17113,1997,47.0
17113,1998,48.0
17113,1999,50.0
17113,2000,47.0
17113,2001,49.0
17113,2002,54.0
17113,2003,36.0
17113,2004,54.0
17113,2005,54.0
17113,2006,54.0
17113,2007,54.0
17113,2008,51.0
17113,2009,54.0
17113,2010,58.5
17113,2011,56.0
17113,2012,52.3
17113,2013,57.7
17113,2014,63.2
17113,2015,64.6
17113,2016,63.8
17113,2017,66.8
17113,2018,67.5
17113,2019,61.0
17113,2020,63.9
17113,2021,67.4
17113,2022,68.8
17113,2023,71.8
17113,2024,74.2
17113,2025,74.0
17117,1951,26.5
17117,1952,25.5
17117,1953,22.5
17117,1954,15.5
17117,1955,23.0
17117,1956,29.5
17117,1957,22.5
17117,1958,30.0
17117,1959,26.5
17117,1960,27.0
17117,1961,32.5
17117,1962,31.0
17117,1963,32.0
17117,1964,24.5
17117,1965,32.0
17117,1966,30.5
17117,1967,33.5
17117,1968,33.5
17117,1969,33.0
17117,1970,32.0
17117,1971,34.5
17117,1972,35.0
17117,1973,33.0
17117,1974,27.5
17117,1975,35.5
17117,1976,33.0
17117,1977,39.0
17117,1978,31.0
17117,1979,42.0
17117,1980,31.5
17117,1981,39.0
17117,1982,38.0
17117,1983,21.5
17117,1984,32.0
17117,1985,41.5
17117,1986,40.0
17117,1987,34.0
17117,1988,28.5
17117,1989,41.0
17117,1990,34.0
17117,1991,40.5
17117,1992,44.5
17117,1993,43.5
17117,1994,44.5
17117,1995,38.5
17117,1996,41.0
17117,1997,40.0
17117,1998,42.5
17117,1999,38.0
17117,2000,46.0
17117,2001,43.0
17117,2002,49.0
17117,2003,43.0
17117,2004,50.0
17117,2005,43.0
17117,2006,47.0
17117,2007,37.0
17117,2008,46.0
17117,2009,42.0
17117,2010,55.3
17117,2011,40.2
17117,2012,46.0
17117,2013,49.1
17117,2014,58.0
17117,2015,55.0
17117,2016,63.4
17117,2017,61.3
17117,2018,69.7
17117,2019,58.3
17117,2020,67.4
17117,2021,70.8
17117,2022,65.1
17117,2023,63.7
17117,2024,65.1
17117,2025,64.7
17119,1951,25.5
17119,1952,24.5
17119,1953,16.5
17119,1954,10.5
17119,1955,22.5
17119,1956,26.5
17119,1957,21.0
17119,1958,29.0
17119,1959,25.5
17119,1960,23.0
17119,1961,28.5
17119,1962,28.5
17119,1963,27.5
17119,1964,23.0
17119,1965,30.0
17119,1966,25.5
17119,1967,32.0
17119,1968,28.0
17119,1969,29.0
17119,1970,31.0
17119,1971,30.5
17119,1972,31.0
17119,1973,29.0
17119,1974,27.0
17119,1975,34.0
17119,1976,28.0
17119,1977,32.5
17119,1978,30.0
17119,1979,38.0
17119,1980,31.0
17119,1981,38.0
17119,1982,35.5
17119,1983,22.5
17119,1984,27.0
17119,1985,33.5
17119,1986,36.0
17119,1987,30.5
17119,1988,26.0
17119,1989,34.5
17119,1990,31.0
17119,1991,35.0
17119,1992,38.0
17119,1993,39.5
17119,1994,38.0
17119,1995,31.5
17119,1996,38.0
17119,1997,37.5
17119,1998,40.0
17119,1999,35.0
17119,2000,40.0
17119,2001,41.0
17119,2002,45.0
17119,2003,37.0
17119,2004,46.0
17119,2005,41.0
17119,2006,33.0
17119,2007,31.0
17119,2008,47.0
17119,2009,41.0
17119,2010,50.1
17119,2011,34.8
17119,2012,36.4
17119,2013,43.2
17119,2014,52.7
17119,2015,55.1
17119,2016,54.7
17119,2017,56.7
17119,2018,62.5
17119,2019,56.6
17119,2020,58.5
17119,2021,61.0
17119,2022,59.6
17119,2023,55.9
17119,2024,53.9
17119,2025,60.3
17121,1951,18.5
17121,1952,15.0
17121,1953,8.0
17121,1954,10.5
17121,1955,15.0
17121,1956,24.0
17121,1957,19.0
17121,1958,24.0
17121,1959,22.0
17121,1960,19.0
17121,1961,21.0
17121,1962,21.0
17121,1963,19.0
17121,1964,17.0
17121,1965,22.0
17121,1966,18.5
17121,1967,26.0
17121,1968,21.0
17121,1969,24.5
17121,1970,18.0
17121,1971,20.5
17121,1972,25.0
17121,1973,21.0
17121,1974,19.5
17121,1975,27.0
17121,1976,27.0
17121,1977,32.5
17121,1978,23.5
17121,1979,36.0
17121,1980,23.0
17121,1981,33.0
17121,1982,33.0
17121,1983,13.5
17121,1984,20.5
17121,1985,33.5
17121,1986,31.5
17121,1987,29.0
17121,1988,24.5
17121,1989,28.5
17121,1990,25.5
17121,1991,27.5
17121,1992,33.0
17121,1993,36.5
17121,1994,33.0
17121,1995,28.0
17121,1996,27.0
17121,1997,35.0
17121,1998,35.5
17121,1999,37.0
17121,2000,41.0
17121,2001,40.0
17121,2002,28.0
17121,2003,28.0
17121,2004,46.0
17121,2005,43.0
17121,2006,38.0
17121,2007,28.0
17121,2008,45.0
17121,2009,34.0
17121,2010,47.3
17121,2011,38.0
17121,2012,27.7
17121,2013,42.5
17121,2014,50.6
17121,2015,48.1
17121,2016,53.3
17121,2017,45.9
17121,2018,60.5
17121,2019,46.5
17121,2020,54.9
17121,2021,60.1
17121,2022,54.3
17121,2023,57.5
17121,2024,52.0
17121,2025,43.2
17133,1951,27.5
17133,1952,20.0
17133,1953,13.5
17133,1954,7.5
17133,1955,19.0
17133,1956,28.5
17133,1957,26.0
17133,1958,31.0
17133,1959,22.5
17133,1960,27.0
17133,1961,29.0
17133,1962,24.0
17133,1963,25.0
17133,1964,24.5
17133,1965,29.5
17133,1966,24.0
17133,1967,35.0
17133,1968,29.0
17133,1969,30.0
17133,1970,29.0
17133,1971,29.0
17133,1972,28.5
17133,1973,26.0
17133,1974,25.5
17133,1975,32.5
17133,1976,30.0
17133,1977,37.5
17133,1978,33.0
17133,1979,39.0
17133,1980,29.5
17133,1981,34.5
17133,1982,37.0
17133,1983,27.0
17133,1984,28.0
17133,1985,33.0
17133,1986,33.5
17133,1987,33.0
17133,1988,23.0
17133,1989,36.0
17133,1990,33.5
17133,1991,38.5
17133,1992,34.5
17133,1993,37.5
17133,1994,38.0
17133,1995,31.5
17133,1996,38.5
17133,1997,36.0
17133,1998,37.0
17133,1999,33.0
17133,2000,41.0
17133,2001,40.0
17133,2002,30.0
17133,2003,35.0
17133,2004,46.0
17133,2005,39.0
17133,2006,32.0
17133,2007,27.0
17133,2008,46.0
17133,2009,42.0
17133,2010,45.1
17133,2011,34.1
17133,2012,39.5
17133,2013,33.4
17133,2014,46.8
17133,2015,44.7
17133,2016,48.4
17133,2017,43.4
17133,2018,54.1
17133,2019,47.2
17133,2020,55.7
17133,2021,56.3
17133,2022,53.1
17133,2023,46.5
17133,2024,51.9
17133,2025,46.9
17143,1951,35.0
17143,1952,33.5
17143,1953,25.5
17143,1954,28.5
17143,1955,25.5
17143,1956,29.0
17143,1957,28.0
17143,1958,29.5
17143,1959,26.5
17143,1960,26.0
17143,1961,32.0
17143,1962,27.5
17143,1963,31.5
17143,1964,27.5
17143,1965,30.5
17143,1966,33.5
17143,1967,33.0
17143,1968,32.0
17143,1969,36.5
17143,1970,32.5
17143,1971,35.0
17143,1972,38.5
17143,1973,34.0
17143,1974,20.0
17143,1975,37.5
17143,1976,33.0
17143,1977,38.0
17143,1978,36.0
17143,1979,39.0
17143,1980,38.5
17143,1981,42.5
17143,1982,41.5
17143,1983,34.5
17143,1984,34.0
17143,1985,47.5
17143,1986,45.5
17143,1987,40.0
17143,1988,30.5
17143,1989,42.5
17143,1990,42.5
17143,1991,44.0
17143,1992,43.5
17143,1993,47.0
17143,1994,48.5
17143,1995,42.5
17143,1996,44.5
17143,1997,47.5
17143,1998,52.0
17143,1999,47.0
17143,2000,46.0
17143,2001,46.0
17143,2002,48.0
17143,2003,39.0
17143,2004,55.0
17143,2005,45.0
17143,2006,52.0
17143,2007,48.0
17143,2008,52.0
17143,2009,45.0
17143,2010,54.8
17143,2011,58.0
17143,2012,54.1
17143,2013,51.0
17143,2014,57.3
17143,2015,60.7
17143,2016,60.0
17143,2017,63.9
17143,2018,66.6
17143,2019,55.4
17143,2020,65.2
17143,2021,69.7
17143,2022,64.0
17143,2023,70.7
17143,2024,69.2
17143,2025,71.6
17145,1951,18.5
17145,1952,13.5
17145,1953,7.0
17145,1954,10.5
17145,1955,9.5
17145,1956,22.5
17145,1957,15.5
17145,1958,24.0
17145,1959,17.5
17145,1960,20.5
17145,1961,23.0
17145,1962,16.0
17145,1963,24.5
17145,1964,16.0
17145,1965,21.5
17145,1966,20.0
17145,1967,27.0
17145,1968,24.0
17145,1969,22.5
17145,1970,23.0
17145,1971,22.0
17145,1972,27.5
17145,1973,25.0
17145,1974,19.0
17145,1975,33.5
17145,1976,28.0
17145,1977,35.5
17145,1978,23.5
17145,1979,34.5
17145,1980,26.5
17145,1981,27.5
17145,1982,29.0
17145,1983,16.5
17145,1984,21.0
17145,1985,29.5
17145,1986,33.0
17145,1987,31.5
17145,1988,25.0
17145,1989,24.5
17145,1990,28.0
17145,1991,28.0
17145,1992,30.5
17145,1993,36.5
17145,1994,33.0
17145,1995,26.0
17145,1996,28.0
17145,1997,33.0
17145,1998,29.0
17145,1999,25.0
17145,2000,34.0
17145,2001,39.0
17145,2002,23.0
17145,2003,27.0
17145,2004,42.0
17145,2005,41.0
17145,2006,37.0
17145,2007,21.0
17145,2008,46.0
17145,2009,36.0
17145,2010,42.6
17145,2011,33.8
17145,2012,22.8
17145,2013,34.0
17145,2014,41.0
17145,2015,42.9
17145,2016,48.0
17145,2017,42.7
17145,2018,52.5
17145,2019,35.6
17145,2020,48.2
17145,2021,53.2
17145,2022,43.4
17145,2023,48.3
17145,2024,51.1
17145,2025,35.0
17157,1951,25.5
17157,1952,17.5
17157,1953,10.0
17157,1954,8.0
17157,1955,13.5
17157,1956,23.5
17157,1957,19.0
17157,1958,27.0
17157,1959,23.5
17157,1960,22.5
17157,1961,21.0
17157,1962,21.5
17157,1963,23.5
17157,1964,20.5
17157,1965,25.5
17157,1966,19.0
17157,1967,29.0
17157,1968,27.0
17157,1969,27.0
17157,1970,26.0
17157,1971,25.0
17157,1972,29.5
17157,1973,27.0
17157,1974,22.5
17157,1975,34.5
17157,1976,29.0
17157,1977,35.5
17157,1978,29.5
17157,1979,37.0
17157,1980,27.5
17157,1981,32.0
17157,1982,34.0
17157,1983,18.5
17157,1984,28.5
17157,1985,30.0
17157,1986,31.0
17157,1987,32.5
17157,1988,23.0
17157,1989,30.0
17157,1990,33.0
17157,1991,32.5
17157,1992,32.5
17157,1993,36.5
17157,1994,33.0
17157,1995,27.0
17157,1996,32.0
17157,1997,32.5
17157,1998,33.0
17157,1999,33.0
17157,2000,37.0
17157,2001,37.0
17157,2002,28.0
17157,2003,29.0
17157,2004,42.0
17157,2005,41.0
17157,2006,33.0
17157,2007,28.0
17157,2008,45.0
17157,2009,39.0
17157,2010,43.2
17157,2011,35.6
17157,2012,34.7
17157,2013,39.4
17157,2014,45.4
17157,2015,41.7
17157,2016,50.0
17157,2017,44.4
17157,2018,52.1
17157,2019,41.6
17157,2020,53.4
17157,2021,55.3
17157,2022,50.3
17157,2023,50.8
17157,2024,50.3
17157,2025,43.0
17163,1951,25.5
17163,1952,22.0
17163,1953,13.5
17163,1954,9.5
17163,1955,19.5
17163,1956,26.5
17163,1957,21.5
17163,1958,28.0
17163,1959,26.0
17163,1960,28.0
17163,1961,30.0
17163,1962,26.0
17163,1963,28.5
17163,1964,25.5
17163,1965,30.0
17163,1966,25.0
17163,1967,34.0
17163,1968,31.0
17163,1969,31.0
17163,1970,32.0
17163,1971,28.0
17163,1972,33.5
17163,1973,30.0
17163,1974,29.0
17163,1975,38.5
17163,1976,30.0
17163,1977,37.5
17163,1978,34.0
17163,1979,39.0
17163,1980,27.5
17163,1981,37.0
17163,1982,37.0
17163,1983,27.0
17163,1984,30.5
17163,1985,34.0
17163,1986,35.5
17163,1987,34.0
17163,1988,28.0
17163,1989,34.5
17163,1990,31.0
17163,1991,35.5
17163,1992,39.0
17163,1993,39.0
17163,1994,38.0
17163,1995,28.5
17163,1996,38.0
17163,1997,38.0
17163,1998,39.0
17163,1999,35.0
17163,2000,41.0
17163,2001,41.0
17163,2002,33.0
17163,2003,34.0
17163,2004,46.0
17163,2005,43.0
17163,2006,37.0
17163,2007,32.0
17163,2008,46.0
17163,2009,42.0
17163,2010,50.0
17163,2011,35.8
17163,2012,31.6
17163,2013,39.8
17163,2014,49.2
17163,2015,45.8
17163,2016,52.4
17163,2017,50.9
17163,2018,56.0
17163,2019,53.2
17163,2020,52.7
17163,2021,59.6
17163,2022,53.6
17163,2023,51.0
17163,2024,54.9
17163,2025,42.5
17167,1951,28.5
17167,1952,28.5
17167,1953,23.5
17167,1954,22.0
17167,1955,27.0
17167,1956,32.5
17167,1957,28.5
17167,1958,32.0
17167,1959,29.5
17167,1960,31.5
17167,1961,33.5
17167,1962,33.0
17167,1963,34.5
17167,1964,28.5
17167,1965,34.0
17167,1966,33.0
17167,1967,38.0
17167,1968,35.5
17167,1969,39.0
17167,1970,34.0
17167,1971,38.5
17167,1972,40.0
17167,1973,37.0
17167,1974,27.0
17167,1975,40.5
17167,1976,39.5
17167,1977,43.0
17167,1978,39.0
17167,1979,44.0
17167,1980,38.5
17167,1981,44.0
17167,1982,44.5
17167,1983,33.0
17167,1984,38.0
17167,1985,49.0
17167,1986,48.5
17167,1987,41.5
17167,1988,31.0
17167,1989,48.0
17167,1990,45.0
17167,1991,48.5
17167,1992,48.5
17167,1993,47.0
17167,1994,49.5
17167,1995,42.0
17167,1996,46.0
17167,1997,44.5
17167,1998,49.5
17167,1999,46.0
17167,2000,48.0
17167,2001,48.0
17167,2002,51.0
17167,2003,48.0
17167,2004,54.0
17167,2005,53.0
17167,2006,54.0
17167,2007,51.0
17167,2008,51.0
17167,2009,53.0
17167,2010,60.4
17167,2011,56.1
17167,2012,49.5
17167,2013,57.0
17167,2014,63.3
17167,2015,60.7
17167,2016,66.2
17167,2017,70.3
17167,2018,80.4
17167,2019,65.5
17167,2020,68.8
17167,2021,72.1
17167,2022,72.7
17167,2023,72.1
17167,2024,77.3
17167,2025,71.5
17177,1951,23.5
17177,1952,26.5
17177,1953,19.0
17177,1954,25.0
17177,1955,24.5
17177,1956,27.0
17177,1957,26.0
17177,1958,24.0
17177,1959,26.5
17177,1960,25.5
17177,1961,25.0
17177,1962,26.0
17177,1963,26.0
17177,1964,30.5
17177,1965,30.0
17177,1966,27.5
17177,1967,28.5
17177,1968,34.5
17177,1969,32.5
17177,1970,34.5
17177,1971,33.0
17177,1972,33.0
17177,1973,33.0
17177,1974,22.0
17177,1975,36.0
17177,1976,29.0
17177,1977,39.0
17177,1978,36.0
17177,1979,38.0
17177,1980,37.5
17177,1981,41.5
17177,1982,39.0
17177,1983,36.5
17177,1984,35.5
17177,1985,41.5
17177,1986,38.5
17177,1987,45.5
17177,1988,31.0
17177,1989,42.5
17177,1990,46.5
17177,1991,47.5
17177,1992,42.5
17177,1993,38.5
17177,1994,51.0
17177,1995,50.0
17177,1996,40.5
17177,1997,47.5
17177,1998,54.0
17177,1999,52.0
17177,2000,44.0
17177,2001,46.0
17177,2002,45.0
17177,2003,26.0
17177,2004,50.0
17177,2005,50.0
17177,2006,55.0
17177,2007,54.0
17177,2008,45.0
17177,2009,49.0
17177,2010,56.1
17177,2011,60.3
17177,2012,43.2
17177,2013,55.8
17177,2014,57.2
17177,2015,59.9
17177,2016,66.3
17177,2017,59.2
17177,2018,63.3
17177,2019,56.4
17177,2020,64.1
17177,2021,64.5
17177,2022,62.3
17177,2023,62.5
17177,2024,66.3
17177,2025,71.7
17179,1951,33.5
17179,1952,32.5
17179,1953,26.5
17179,1954,27.5
17179,1955,24.5
17179,1956,31.0
17179,1957,28.5
17179,1958,29.5
17179,1959,25.5
17179,1960,28.0
17179,1961,32.0
17179,1962,27.5
17179,1963,31.0
17179,1964,29.5
17179,1965,32.5
17179,1966,33.0
17179,1967,35.0
17179,1968,37.0
17179,1969,39.5
17179,1970,32.5
17179,1971,39.0
17179,1972,39.5
17179,1973,39.0
17179,1974,22.0
17179,1975,39.5
17179,1976,37.5
17179,1977,42.0
17179,1978,38.0
17179,1979,43.0
17179,1980,38.0
17179,1981,43.0
17179,1982,44.0
17179,1983,36.0
17179,1984,36.5
17179,1985,51.5
17179,1986,47.0
17179,1987,42.5
17179,1988,27.0
17179,1989,48.5
17179,1990,42.0
17179,1991,47.5
17179,1992,47.0
17179,1993,47.5
17179,1994,48.5
17179,1995,44.5
17179,1996,45.5
17179,1997,47.5
17179,1998,52.0
17179,1999,51.0
17179,2000,48.0
17179,2001,51.0
17179,2002,52.0
17179,2003,39.0
17179,2004,54.0
17179,2005,53.0
17179,2006,54.0
17179,2007,53.0
17179,2008,52.0
17179,2009,53.0
17179,2010,58.1
17179,2011,57.3
17179,2012,51.5
17179,2013,54.6
17179,2014,61.0
17179,2015,60.4
17179,2016,65.0
17179,2017,66.8
17179,2018,72.1
17179,2019,63.8
17179,2020,63.8
17179,2021,70.8
17179,2022,71.0
17179,2023,74.7
17179,2024,74.9
17179,2025,76.3
17189,1951,22.5
17189,1952,16.5
17189,1953,7.5
17189,1954,10.5
17189,1955,14.5
17189,1956,20.5
17189,1957,18.0
17189,1958,25.0
17189,1959,23.0
17189,1960,21.5
17189,1961,23.0
17189,1962,20.0
17189,1963,19.0
17189,1964,16.0
17189,1965,22.5
17189,1966,18.5
17189,1967,27.0
17189,1968,24.0
17189,1969,22.5
17189,1970,26.0
17189,1971,23.0
17189,1972,28.5
17189,1973,23.0
17189,1974,23.5
17189,1975,31.0
17189,1976,23.0
17189,1977,33.5
17189,1978,27.5
17189,1979,32.5
17189,1980,25.0
17189,1981,33.0
17189,1982,33.5
17189,1983,17.5
17189,1984,22.0
17189,1985,33.0
17189,1986,32.5
17189,1987,32.0
17189,1988,22.0
17189,1989,23.5
17189,1990,31.0
17189,1991,30.0
17189,1992,31.5
17189,1993,39.0
17189,1994,32.5
17189,1995,25.5
17189,1996,32.0
17189,1997,36.5
17189,1998,35.5
17189,1999,30.0
17189,2000,37.0
17189,2001,36.0
17189,2002,25.0
17189,2003,33.0
17189,2004,43.0
17189,2005,40.0
17189,2006,36.0
17189,2007,19.0
17189,2008,49.0
17189,2009,38.0
17189,2010,45.7
17189,2011,31.2
17189,2012,22.2
17189,2013,36.8
17189,2014,47.8
17189,2015,43.5
17189,2016,48.8
17189,2017,48.3
17189,2018,57.4
17189,2019,43.9
17189,2020,51.8
17189,2021,58.7
17189,2022,50.5
17189,2023,48.4
17189,2024,55.2
17189,2025,38.8
17201,1951,23.0
17201,1952,26.0
17201,1953,19.0
17201,1954,22.5
17201,1955,21.5
17201,1956,27.0
17201,1957,28.5
17201,1958,24.0
17201,1959,28.0
17201,1960,24.5
17201,1961,26.0
17201,1962,25.0
17201,1963,24.0
17201,1964,26.0
17201,1965,27.0
17201,1966,23.5
17201,1967,26.5
17201,1968,31.5
17201,1969,28.5
17201,1970,30.0
17201,1971,31.0
17201,1972,31.0
17201,1973,30.0
17201,1974,17.5
17201,1975,34.0
17201,1976,29.0
17201,1977,39.0
17201,1978,33.0
17201,1979,37.5
17201,1980,36.5
17201,1981,40.0
17201,1982,35.0
17201,1983,35.0
17201,1984,34.5
17201,1985,37.5
17201,1986,36.0
17201,1987,42.0
17201,1988,22.0
17201,1989,40.5
17201,1990,44.5
17201,1991,37.0
17201,1992,40.0
17201,1993,36.5
17201,1994,45.0
17201,1995,45.0
17201,1996,39.5
17201,1997,45.0
17201,1998,50.0
17201,1999,50.0
17201,2000,37.0
17201,2001,38.0
17201,2002,37.0
17201,2003,26.0
17201,2004,43.0
17201,2005,43.0
17201,2006,46.0
17201,2007,53.0
17201,2008,42.0
17201,2009,45.0
17201,2010,54.8
17201,2011,52.5
17201,2012,39.4
17201,2013,52.7
17201,2014,52.6
17201,2015,54.9
17201,2016,58.7
17201,2017,47.2
17201,2018,56.4
17201,2019,55.8
17201,2020,56.7
17201,2021,56.9
17201,2022,62.8
17201,2023,52.4
17201,2024,59.8
17201,2025,65.9
17203,1951,33.0
17203,1952,31.5
17203,1953,28.0
17203,1954,31.0
17203,1955,28.5
17203,1956,30.0
17203,1957,32.0
17203,1958,31.5
17203,1959,29.5
17203,1960,31.5
17203,1961,34.0
17203,1962,31.5
17203,1963,33.5
17203,1964,32.5
17203,1965,34.5
17203,1966,34.5
17203,1967,33.0
17203,1968,37.0
17203,1969,38.5
17203,1970,34.5
17203,1971,39.0
17203,1972,38.5
17203,1973,37.0
17203,1974,25.5
17203,1975,40.5
17203,1976,36.5
17203,1977,42.0
17203,1978,38.5
17203,1979,44.5
17203,1980,40.5
17203,1981,42.5
17203,1982,43.5
17203,1983,39.0
17203,1984,37.0
17203,1985,52.5
17203,1986,45.5
17203,1987,44.5
17203,1988,24.5
17203,1989,48.0
17203,1990,46.0
17203,1991,41.5
17203,1992,46.0
17203,1993,47.5
17203,1994,52.0
17203,1995,45.5
17203,1996,46.5
17203,1997,49.0
17203,1998,49.0
17203,1999,47.0
17203,2000,48.0
17203,2001,51.0
17203,2002,53.0
17203,2003,36.0
17203,2004,54.0
17203,2005,51.0
17203,2006,55.0
17203,2007,54.0
17203,2008,54.0
17203,2009,50.0
17203,2010,56.1
17203,2011,60.5
17203,2012,46.5
17203,2013,56.9
17203,2014,61.4
17203,2015,63.4
17203,2016,67.0
17203,2017,60.4
17203,2018,64.7
17203,2019,61.4
17203,2020,63.3
17203,2021,68.1
17203,2022,69.1
17203,2023,67.4
17203,2024,74.4
17203,2025,72.4
18003,1951,21.6
18003,1952,27.5
18003,1953,22.0
18003,1954,25.2
18003,1955,24.5
18003,1956,26.0
18003,1957,22.7
18003,1958,27.2
18003,1959,25.5
18003,1960,22.2
18003,1961,28.3
18003,1962,22.3
18003,1963,25.8
18003,1964,23.4
18003,1965,28.4
18003,1966,28.8
18003,1967,22.6
18003,1968,32.7
18003,1969,27.3
18003,1970,31.1
18003,1971,31.3
18003,1972,32.5
18003,1973,28.5
18003,1974,24.7
18003,1975,32.2
18003,1976,33.0
18003,1977,40.6
18003,1978,31.3
18003,1979,37.2
18003,1980,39.7
18003,1981,31.1
18003,1982,42.0
18003,1983,31.0
18003,1984,33.1
18003,1985,41.2
18003,1986,39.7
18003,1987,38.4
18003,1988,26.9
18003,1989,32.0
18003,1990,43.6
18003,1991,40.6
18003,1992,41.8
18003,1993,42.6
18003,1994,45.3
18003,1995,41.6
18003,1996,37.2
18003,1997,45.3
18003,1998,43.6
18003,1999,35.2
18003,2000,37.7
18003,2001,46.0
18003,2002,40.8
18003,2003,37.8
18003,2004,49.8
18003,2005,44.4
18003,2006,51.6
18003,2007,50.5
18003,2008,39.5
18003,2009,53.5
18003,2010,43.8
18003,2011,43.8
18003,2012,52.9
18003,2013,51.4
18003,2014,53.7
18003,2015,42.7
18003,2016,54.8
18003,2017,49.9
18003,2018,58.2
18003,2019,52.3
18003,2020,53.8
18003,2021,59.5
18003,2022,54.7
18003,2023,56.3
18003,2024,52.7
18003,2025,53.9
18007,1951,23.6
18007,1952,25.1
18007,1953,23.1
18007,1954,27.6
18007,1955,23.1
18007,1956,29.0
18007,1957,27.4
18007,1958,27.5
18007,1959,26.3
18007,1960,32.3
18007,1961,29.3
18007,1962,31.4
18007,1963,30.7
18007,1964,27.9
18007,1965,32.0
18007,1966,25.5
18007,1967,26.5
18007,1968,34.8
18007,1969,36.8
18007,1970,36.1
18007,1971,36.4
18007,1972,34.5
18007,1973,37.6
18007,1974,29.6
18007,1975,38.1
18007,1976,37.2
18007,1977,39.5
18007,1978,40.7
18007,1979,40.3
18007,1980,38.6
18007,1981,38.9
18007,1982,45.0
18007,1983,33.9
18007,1984,34.1
18007,1985,48.2
18007,1986,34.9
18007,1987,43.4
18007,1988,26.9
18007,1989,42.7
18007,1990,44.5
18007,1991,35.6
18007,1992,44.3
18007,1993,46.9
18007,1994,53.3
18007,1995,41.0
18007,1996,42.4
18007,1997,47.4
18007,1998,43.6
18007,1999,43.9
18007,2000,43.4
18007,2001,50.0
18007,2002,50.7
18007,2003,34.2
18007,2004,52.5
18007,2005,52.6
18007,2006,54.7
18007,2007,54.0
18007,2008,53.5
18007,2009,52.5
18007,2010,53.4
18007,2011,49.6
18007,2012,47.3
18007,2013,51.2
18007,2014,61.8
18007,2015,56.9
18007,2016,61.9
18007,2017,59.7
18007,2018,66.5
18007,2019,54.5
18007,2020,64.1
18007,2021,60.5
18007,2022,61.4
18007,2023,66.6
18007,2024,72.0
18007,2025,69.7
18011,1951,26.9
18011,1952,27.7
18011,1953,24.4
18011,1954,26.0
18011,1955,22.7
18011,1956,24.9
18011,1957,24.4
18011,1958,27.1
18011,1959,29.2
18011,1960,32.2
18011,1961,31.4
18011,1962,31.4
18011,1963,27.7
18011,1964,25.9
18011,1965,29.0
18011,1966,24.7
18011,1967,24.5
18011,1968,31.7
18011,1969,35.7
18011,1970,33.1
18011,1971,36.4
18011,1972,29.6
18011,1973,37.6
18011,1974,20.7
18011,1975,37.6
18011,1976,36.1
18011,1977,42.7
18011,1978,38.6
18011,1979,37.2
18011,1980,38.6
18011,1981,36.0
18011,1982,42.0
18011,1983,40.9
18011,1984,43.2
18011,1985,46.2
18011,1986,40.7
18011,1987,42.4
18011,1988,27.8
18011,1989,36.9
18011,1990,43.6
18011,1991,38.6
18011,1992,48.8
18011,1993,50.7
18011,1994,53.0
18011,1995,40.9
18011,1996,37.5
18011,1997,43.2
18011,1998,42.9
18011,1999,40.1
18011,2000,49.2
18011,2001,50.2
18011,2002,52.2
18011,2003,39.9
18011,2004,54.6
18011,2005,51.5
18011,2006,51.6
18011,2007,50.5
18011,2008,52.0
18011,2009,54.0
18011,2010,54.3
18011,2011,51.9
18011,2012,40.1
18011,2013,56.0
18011,2014,60.2
18011,2015,49.9
18011,2016,62.2
18011,2017,54.5
18011,2018,61.2
18011,2019,52.4
18011,2020,65.0
18011,2021,62.7
18011,2022,62.4
18011,2023,64.4
18011,2024,65.1
18011,2025,64.4
18019,1951,16.2
18019,1952,11.4
18019,1953,14.7
18019,1954,16.8
18019,1955,13.6
18019,1956,23.6
18019,1957,18.0
18019,1958,23.0
18019,1959,22.8
18019,1960,24.7
18019,1961,29.4
18019,1962,26.4
18019,1963,27.7
18019,1964,20.5
18019,1965,26.0
18019,1966,28.2
18019,1967,30.4
18019,1968,30.7
18019,1969,30.2
18019,1970,28.1
18019,1971,30.3
18019,1972,24.7
18019,1973,23.4
18019,1974,26.6
18019,1975,32.7
18019,1976,31.0
18019,1977,31.2
18019,1978,30.2
18019,1979,31.0
18019,1980,31.3
18019,1981,32.1
18019,1982,30.7
18019,1983,17.0
18019,1984,32.1
18019,1985,36.2
18019,1986,36.8
18019,1987,31.3
18019,1988,25.9
18019,1989,34.0
18019,1990,31.7
18019,1991,31.6
18019,1992,36.0
18019,1993,41.9
18019,1994,42.6
18019,1995,37.7
18019,1996,34.1
18019,1997,33.7
18019,1998,34.5
18019,1999,22.9
18019,2000,46.1
18019,2001,45.0
18019,2002,29.1
18019,2003,42.7
18019,2004,49.1
18019,2005,41.0
18019,2006,42.8
18019,2007,25.2
18019,2008,40.0
18019,2009,41.0
18019,2010,40.5
18019,2011,33.3
18019,2012,34.5
18019,2013,52.9
18019,2014,53.3
18019,2015,44.6
18019,2016,45.0
18019,2017,47.8
18019,2018,49.8
18019,2019,40.6
18019,2020,54.4
18019,2021,50.6
18019,2022,52.6
18019,2023,48.3
18019,2024,47.8
18019,2025,48.7
18027,1951,18.1
18027,1952,20.1
18027,1953,16.9
18027,1954,19.9
18027,1955,17.6
18027,1956,24.0
18027,1957,21.5
18027,1958,30.6
18027,1959,27.8
18027,1960,25.9
18027,1961,30.4
18027,1962,28.4
18027,1963,28.7
18027,1964,27.0
18027,1965,30.0
18027,1966,26.2
18027,1967,29.4
18027,1968,31.7
18027,1969,35.4
18027,1970,31.1
18027,1971,31.3
18027,1972,27.6
18027,1973,30.5
18027,1974,28.6
18027,1975,32.7
18027,1976,37.2
18027,1977,35.4
18027,1978,36.5
18027,1979,34.1
18027,1980,35.5
18027,1981,32.1
18027,1982,36.8
18027,1983,26.0
18027,1984,32.1
18027,1985,38.2
18027,1986,41.6
18027,1987,35.3
18027,1988,29.7
18027,1989,37.8
18027,1990,35.6
18027,1991,33.6
18027,1992,45.5
18027,1993,45.3
18027,1994,43.9
18027,1995,39.7
18027,1996,40.4
18027,1997,37.3
18027,1998,36.4
18027,1999,40.8
18027,2000,49.8
18027,2001,49.9
18027,2002,37.4
18027,2003,43.3
18027,2004,52.1
18027,2005,54.3
18027,2006,47.0
18027,2007,43.9
18027,2008,44.5
18027,2009,49.0
18027,2010,48.7
18027,2011,44.5
18027,2012,31.2
18027,2013,48.9
18027,2014,53.3
18027,2015,53.4
18027,2016,55.4
18027,2017,58.3
18027,2018,54.3
18027,2019,53.5
18027,2020,60.9
18027,2021,68.2
18027,2022,58.6
18027,2023,62.9
18027,2024,55.9
18027,2025,57.3
18031,1951,22.6
18031,1952,21.3
18031,1953,17.7
18031,1954,19.3
18031,1955,20.1
18031,1956,28.1
18031,1957,26.1
18031,1958,30.5
18031,1959,28.2
18031,1960,26.5
18031,1961,29.3
18031,1962,33.0
18031,1963,29.7
18031,1964,26.0
18031,1965,31.2
18031,1966,23.3
18031,1967,25.5
18031,1968,31.7
18031,1969,36.7
18031,1970,31.1
18031,1971,34.3
18031,1972,31.5
18031,1973,36.6
18031,1974,31.6
18031,1975,33.7
18031,1976,39.2
18031,1977,38.5
18031,1978,36.5
18031,1979,36.2
18031,1980,38.6
18031,1981,35.0
18031,1982,39.9
18031,1983,35.9
18031,1984,39.1
18031,1985,43.2
18031,1986,44.5
18031,1987,43.4
18031,1988,33.6
18031,1989,40.7
18031,1990,45.5
18031,1991,47.5
18031,1992,47.0
18031,1993,50.2
18031,1994,49.5
18031,1995,46.8
18031,1996,41.5
18031,1997,50.0
18031,1998,47.0
18031,1999,49.5
18031,2000,50.3
18031,2001,54.0
18031,2002,43.0
18031,2003,42.8
18031,2004,54.5
18031,2005,57.4
18031,2006,52.9
18031,2007,38.9
18031,2008,48.0
18031,2009,53.5
18031,2010,50.7
18031,2011,43.9
18031,2012,46.4
18031,2013,56.7
18031,2014,63.3
18031,2015,57.4
18031,2016,61.1
18031,2017,59.5
18031,2018,62.9
18031,2019,53.9
18031,2020,68.4
18031,2021,61.6
18031,2022,68.3
18031,2023,64.4
18031,2024,68.9
18031,2025,63.7
18041,1951,20.4
18041,1952,21.7
18041,1953,20.4
18041,1954,23.6
18041,1955,24.5
18041,1956,25.8
18041,1957,28.6
18041,1958,29.8
18041,1959,25.6
18041,1960,26.7
18041,1961,29.3
18041,1962,31.4
18041,1963,25.8
18041,1964,26.5
18041,1965,26.8
18041,1966,27.2
18041,1967,23.6
18041,1968,31.7
18041,1969,37.0
18041,1970,35.1
18041,1971,35.3
18041,1972,27.6
18041,1973,36.6
18041,1974,30.6
18041,1975,32.7
18041,1976,35.1
18041,1977,35.4
18041,1978,36.5
18041,1979,34.1
18041,1980,35.5
18041,1981,36.0
18041,1982,38.2
18041,1983,35.9
18041,1984,40.1
18041,1985,45.2
18041,1986,37.8
18041,1987,42.4
18041,1988,30.7
18041,1989,35.9
18041,1990,41.6
18041,1991,42.6
18041,1992,47.1
18041,1993,49.4
18041,1994,48.7
18041,1995,38.9
18041,1996,39.0
18041,1997,44.5
18041,1998,43.6
18041,1999,40.8
18041,2000,51.2
18041,2001,52.8
18041,2002,33.5
18041,2003,45.1
18041,2004,53.0
18041,2005,48.1
18041,2006,52.0
18041,2007,39.6
18041,2008,44.5
18041,2009,54.0
18041,2010,52.4
18041,2011,45.3
18041,2012,39.6
18041,2013,49.7
18041,2014,58.2
18041,2015,56.2
18041,2016,57.8
18041,2017,52.1
18041,2018,57.0
18041,2019,51.5
18041,2020,60.6
18041,2021,58.0
18041,2022,57.3
18041,2023,62.7
18041,2024,58.8
18041,2025,56.1
18047,1951,22.0
18047,1952,22.0
18047,1953,19.7
18047,1954,24.3
18047,1955,23.0
18047,1956,26.1
18047,1957,29.6
18047,1958,25.2
18047,1959,22.8
18047,1960,25.8
18047,1961,25.3
18047,1962,29.4
18047,1963,26.8
18047,1964,23.3
18047,1965,27.4
18047,1966,27.8
18047,1967,25.5
18047,1968,31.7
18047,1969,33.2
18047,1970,33.1
18047,1971,30.3
18047,1972,24.6
18047,1973,25.4
18047,1974,29.6
18047,1975,34.2
18047,1976,36.1
18047,1977,37.5
18047,1978,33.4
18047,1979,32.0
18047,1980,31.3
18047,1981,29.2
18047,1982,35.9
18047,1983,27.0
18047,1984,36.1
18047,1985,41.2
18047,1986,40.7
18047,1987,39.4
18047,1988,31.7
18047,1989,37.8
18047,1990,41.6
18047,1991,40.5
18047,1992,41.6
18047,1993,44.7
18047,1994,44.9
18047,1995,42.0
18047,1996,36.1
18047,1997,43.1
18047,1998,38.4
18047,1999,40.6
18047,2000,50.9
18047,2001,49.8
18047,2002,30.5
18047,2003,41.4
18047,2004,50.4
18047,2005,52.3
18047,2006,48.7
18047,2007,32.7
18047,2008,39.5
18047,2009,54.0
18047,2010,49.2
18047,2011,44.9
18047,2012,41.4
18047,2013,53.1
18047,2014,55.4
18047,2015,55.9
18047,2016,56.7
18047,2017,53.3
18047,2018,59.0
18047,2019,41.6
18047,2020,56.5
18047,2021,53.5
18047,2022,57.0
18047,2023,57.9
18047,2024,59.3
18047,2025,54.1
18057,1951,26.6
18057,1952,26.8
18057,1953,25.0
18057,1954,26.3
18057,1955,25.5
18057,1956,26.6
18057,1957,28.1
18057,1958,29.3
18057,1959,29.2
18057,1960,34.4
18057,1961,29.3
18057,1962,33.5
18057,1963,30.7
18057,1964,27.8
18057,1965,31.7
18057,1966,23.3
18057,1967,24.5
18057,1968,35.8
18057,1969,36.1
18057,1970,35.1
18057,1971,35.3
18057,1972,31.5
18057,1973,37.6
18057,1974,21.7
18057,1975,37.6
18057,1976,36.1
18057,1977,39.5
18057,1978,39.6
18057,1979,38.2
18057,1980,39.7
18057,1981,36.0
18057,1982,42.0
18057,1983,36.0
18057,1984,40.1
18057,1985,45.2
18057,1986,38.7
18057,1987,44.4
18057,1988,26.9
18057,1989,36.9
18057,1990,43.6
18057,1991,37.6
18057,1992,43.1
18057,1993,51.5
18057,1994,50.6
18057,1995,40.0
18057,1996,37.7
18057,1997,46.5
18057,1998,43.2
18057,1999,41.3
18057,2000,50.5
18057,2001,51.6
18057,2002,50.3
18057,2003,42.7
18057,2004,53.6
18057,2005,49.0
18057,2006,54.5
18057,2007,53.0
18057,2008,53.5
18057,2009,55.5
18057,2010,54.8
18057,2011,52.5
18057,2012,54.0
18057,2013,50.6
18057,2014,59.5
18057,2015,50.1
18057,2016,60.0
18057,2017,58.5
18057,2018,62.8
18057,2019,48.8
18057,2020,65.2
18057,2021,61.6
18057,2022,59.7
18057,2023,60.1
18057,2024,65.3
18057,2025,62.0
18059,1951,27.4
18059,1952,26.7
18059,1953,25.7
18059,1954,24.9
18059,1955,24.8
18059,1956,26.2
18059,1957,27.9
18059,1958,29.3
18059,1959,27.8
18059,1960,30.0
18059,1961,26.3
18059,1962,32.4
18059,1963,26.8
18059,1964,28.1
18059,1965,29.7
18059,1966,27.3
18059,1967,22.6
18059,1968,31.7
18059,1969,33.9
18059,1970,35.1
18059,1971,37.4
18059,1972,29.6
18059,1973,34.6
18059,1974,27.6
18059,1975,36.2
18059,1976,36.1
18059,1977,38.5
18059,1978,38.6
18059,1979,37.2
18059,1980,37.6
18059,1981,38.0
18059,1982,42.0
18059,1983,34.9
18059,1984,38.1
18059,1985,43.2
18059,1986,35.8
18059,1987,41.4
18059,1988,27.8
18059,1989,37.8
18059,1990,42.6
18059,1991,42.5
18059,1992,42.5
18059,1993,52.5
18059,1994,49.0
18059,1995,40.0
18059,1996,40.2
18059,1997,45.0
18059,1998,41.3
18059,1999,35.4
18059,2000,51.9
18059,2001,52.4
18059,2002,40.8
18059,2003,43.4
18059,2004,51.9
18059,2005,49.4
18059,2006,49.7
18059,2007,48.2
18059,2008,46.5
18059,2009,53.0
18059,2010,48.6
18059,2011,45.2
18059,2012,44.1
18059,2013,51.6
18059,2014,58.3
18059,2015,48.2
18059,2016,56.4
18059,2017,48.9
18059,2018,57.1
18059,2019,42.3
18059,2020,59.3
18059,2021,57.5
18059,2022,56.2
18059,2023,61.2
18059,2024,57.6
18059,2025,59.5
18063,1951,27.0
18063,1952,28.3
18063,1953,24.8
18063,1954,23.8
18063,1955,21.5
18063,1956,24.0
18063,1957,23.9
18063,1958,31.4
18063,1959,30.4
18063,1960,30.8
18063,1961,30.4
18063,1962,32.4
18063,1963,29.7
18063,1964,24.7
18063,1965,30.1
18063,1966,23.5
18063,1967,25.5
18063,1968,30.7
18063,1969,35.5
18063,1970,32.1
18063,1971,34.3
18063,1972,28.6
18063,1973,28.5
18063,1974,21.7
18063,1975,39.6
18063,1976,40.3
18063,1977,40.6
18063,1978,37.5
18063,1979,35.1
18063,1980,37.6
18063,1981,33.1
18063,1982,39.9
18063,1983,32.0
18063,1984,35.1
18063,1985,41.2
18063,1986,36.8
18063,1987,39.4
18063,1988,25.9
18063,1989,36.9
18063,1990,45.5
18063,1991,38.6
18063,1992,42.5
18063,1993,49.1
18063,1994,47.2
18063,1995,43.9
18063,1996,39.2
18063,1997,42.2
18063,1998,43.0
18063,1999,40.9
18063,2000,46.2
18063,2001,51.4
18063,2002,48.1
18063,2003,42.2
18063,2004,51.9
18063,2005,51.2
18063,2006,51.7
18063,2007,48.3
18063,2008,45.0
18063,2009,53.0
18063,2010,52.3
18063,2011,39.7
18063,2012,27.3
18063,2013,54.2
18063,2014,60.7
18063,2015,52.0
18063,2016,61.7
18063,2017,53.7
18063,2018,60.2
18063,2019,53.1
18063,2020,64.4
18063,2021,62.2
18063,2022,59.8
18063,2023,69.8
18063,2024,62.3
18063,2025,63.6
18067,1951,29.3
18067,1952,31.9
18067,1953,29.0
18067,1954,28.9
18067,1955,29.2
18067,1956,27.1
18067,1957,32.1
18067,1958,32.1
18067,1959,32.5
18067,1960,34.6
18067,1961,31.4
18067,1962,32.4
18067,1963,31.7
18067,1964,30.5
18067,1965,31.3
18067,1966,25.9
18067,1967,24.5
18067,1968,35.8
18067,1969,38.7
18067,1970,37.1
18067,1971,37.4
18067,1972,33.5
18067,1973,39.7
18067,1974,30.6
18067,1975,42.6
18067,1976,37.2
18067,1977,42.7
18067,1978,41.7
18067,1979,42.3
18067,1980,40.7
18067,1981,37.0
18067,1982,44.1
18067,1983,36.9
18067,1984,39.1
18067,1985,47.2
18067,1986,40.7
18067,1987,46.4
18067,1988,31.7
18067,1989,38.8
18067,1990,46.5
18067,1991,47.4
18067,1992,46.2
18067,1993,50.6
18067,1994,53.9
18067,1995,42.9
18067,1996,42.4
18067,1997,50.0
18067,1998,46.4
18067,1999,42.7
18067,2000,47.8
18067,2001,52.2
18067,2002,50.4
18067,2003,40.5
18067,2004,54.5
18067,2005,52.9
18067,2006,55.5
18067,2007,52.9
18067,2008,55.5
18067,2009,54.5
18067,2010,55.2
18067,2011,52.8
18067,2012,58.7
18067,2013,58.5
18067,2014,60.3
18067,2015,51.9
18067,2016,62.8
18067,2017,54.8
18067,2018,62.5
18067,2019,55.4
18067,2020,66.0
18067,2021,66.4
18067,2022,64.2
18067,2023,65.0
18067,2024,66.9
18067,2025,64.6
18069,1951,25.3
18069,1952,25.0
18069,1953,21.6
18069,1954,27.9
18069,1955,24.9
18069,1956,25.6
18069,1957,26.0
18069,1958,26.5
18069,1959,27.4
18069,1960,27.1
18069,1961,32.4
18069,1962,27.4
18069,1963,26.8
18069,1964,26.6
18069,1965,30.4
18069,1966,30.7
18069,1967,22.6
18069,1968,33.8
18069,1969,26.8
18069,1970,32.1
18069,1971,36.4
18069,1972,28.6
18069,1973,34.6
18069,1974,26.6
18069,1975,34.2
18069,1976,33.0
18069,1977,39.5
18069,1978,33.4
18069,1979,39.3
18069,1980,36.5
18069,1981,31.1
18069,1982,41.0
18069,1983,29.0
18069,1984,35.1
18069,1985,40.2
18069,1986,37.8
18069,1987,42.4
18069,1988,23.0
18069,1989,34.0
18069,1990,43.6
18069,1991,42.5
18069,1992,43.2
18069,1993,45.7
18069,1994,48.2
18069,1995,37.6
18069,1996,34.0
18069,1997,45.7
18069,1998,40.1
18069,1999,34.8
18069,2000,44.3
18069,2001,50.5
18069,2002,40.0
18069,2003,37.7
18069,2004,55.7
18069,2005,44.4
18069,2006,49.9
18069,2007,48.0
18069,2008,42.0
18069,2009,50.0
18069,2010,49.8
18069,2011,44.3
18069,2012,50.8
18069,2013,54.3
18069,2014,54.0
18069,2015,46.5
18069,2016,57.6
18069,2017,51.4
18069,2018,58.5
18069,2019,54.3
18069,2020,57.9
18069,2021,62.6
18069,2022,57.5
18069,2023,58.6
18069,2024,51.0
18069,2025,61.9
18085,1951,20.6
18085,1952,20.8
18085,1953,18.6
18085,1954,25.4
18085,1955,22.1
18085,1956,24.4
18085,1957,22.3
18085,1958,28.7
18085,1959,24.3
18085,1960,25.8
18085,1961,29.3
18085,1962,21.3
18085,1963,24.8
18085,1964,23.9
18085,1965,24.9
18085,1966,22.3
18085,1967,19.6
18085,1968,31.7
18085,1969,25.9
18085,1970,29.1
18085,1971,29.3
18085,1972,28.6
18085,1973,31.5
18085,1974,20.7
18085,1975,32.2
18085,1976,31.0
18085,1977,35.4
18085,1978,28.1
18085,1979,36.2
18085,1980,37.6
18085,1981,30.2
18085,1982,35.8
18085,1983,25.0
18085,1984,30.1
18085,1985,34.2
18085,1986,33.9
18085,1987,40.4
18085,1988,30.7
18085,1989,36.9
18085,1990,41.6
18085,1991,37.6
18085,1992,42.6
18085,1993,43.9
18085,1994,45.1
18085,1995,38.4
18085,1996,35.2
18085,1997,46.9
18085,1998,47.2
18085,1999,41.3
18085,2000,48.1
18085,2001,49.4
18085,2002,41.3
18085,2003,36.0
18085,2004,53.1
18085,2005,41.5
18085,2006,52.2
18085,2007,51.6
18085,2008,38.5
18085,2009,47.0
18085,2010,49.6
18085,2011,44.9
18085,2012,48.3
18085,2013,52.4
18085,2014,50.8
18085,2015,51.5
18085,2016,53.3
18085,2017,51.1
18085,2018,60.6
18085,2019,49.0
18085,2020,52.1
18085,2021,56.8
18085,2022,54.9
18085,2023,59.9
18085,2024,54.3
18085,2025,61.3
18087,1951,20.2
18087,1952,21.9
18087,1953,15.8
18087,1954,21.6
18087,1955,21.3
18087,1956,24.1
18087,1957,19.8
18087,1958,25.9
18087,1959,18.3
18087,1960,21.5
18087,1961,28.3
18087,1962,20.3
18087,1963,24.8
18087,1964,19.3
18087,1965,24.2
18087,1966,27.6
18087,1967,14.7
18087,1968,32.7
18087,1969,23.0
18087,1970,24.1
18087,1971,21.2
18087,1972,25.6
18087,1973,30.5
18087,1974,18.7
18087,1975,30.2
18087,1976,31.0
18087,1977,38.5
18087,1978,27.1
18087,1979,35.1
18087,1980,36.5
18087,1981,32.1
18087,1982,35.9
18087,1983,32.0
18087,1984,30.1
18087,1985,36.2
18087,1986,35.8
18087,1987,38.4
18087,1988,30.7
18087,1989,36.9
18087,1990,40.6
18087,1991,43.6
18087,1992,40.5
18087,1993,44.3
18087,1994,41.5
18087,1995,40.6
18087,1996,40.9
18087,1997,45.8
18087,1998,47.0
18087,1999,40.1
18087,2000,43.2
18087,2001,39.3
18087,2002,34.1
18087,2003,39.8
18087,2004,49.2
18087,2005,44.7
18087,2006,50.7
18087,2007,47.4
18087,2008,34.0
18087,2009,41.5
18087,2010,46.6
18087,2011,44.7
18087,2012,45.2
18087,2013,47.2
18087,2014,45.2
18087,2015,51.6
18087,2016,54.9
18087,2017,50.2
18087,2018,52.9
18087,2019,47.5
18087,2020,52.7
18087,2021,58.5
18087,2022,56.0
18087,2023,53.6
18087,2024,53.7
18087,2025,59.9
18091,1951,23.9
18091,1952,21.0
18091,1953,18.4
18091,1954,25.6
18091,1955,19.7
18091,1956,22.2
18091,1957,28.4
18091,1958,32.8
18091,1959,25.9
18091,1960,26.8
18091,1961,29.3
18091,1962,23.3
18091,1963,26.8
18091,1964,24.5
18091,1965,28.1
18091,1966,28.5
18091,1967,20.6
18091,1968,30.7
18091,1969,26.5
18091,1970,31.1
18091,1971,31.3
18091,1972,29.6
18091,1973,27.5
18091,1974,20.7
18091,1975,32.2
18091,1976,31.0
18091,1977,33.3
18091,1978,32.3
18091,1979,35.1
18091,1980,33.4
18091,1981,34.1
18091,1982,35.8
18091,1983,30.0
18091,1984,29.1
18091,1985,39.2
18091,1986,33.9
18091,1987,42.4
18091,1988,28.8
18091,1989,38.8
18091,1990,42.6
18091,1991,32.6
18091,1992,39.0
18091,1993,39.4
18091,1994,44.1
18091,1995,40.8
18091,1996,30.0
18091,1997,44.5
18091,1998,41.3
18091,1999,37.5
18091,2000,40.6
18091,2001,47.1
18091,2002,36.3
18091,2003,30.3
18091,2004,51.1
18091,2005,47.6
18091,2006,52.9
18091,2007,49.4
18091,2008,42.0
18091,2009,45.5
18091,2010,47.3
18091,2011,47.0
18091,2012,51.0
18091,2013,51.6
18091,2014,52.0
18091,2015,53.1
18091,2016,56.0
18091,2017,50.8
18091,2018,58.3
18091,2019,50.1
18091,2020,49.7
18091,2021,55.0
18091,2022,52.0
18091,2023,60.1
18091,2024,54.0
18091,2025,62.1
18095,1951,26.5
18095,1952,26.6
18095,1953,26.1
18095,1954,27.3
18095,1955,27.0
18095,1956,25.5
18095,1957,28.6
18095,1958,30.0
18095,1959,30.4
18095,1960,33.9
18095,1961,28.3
18095,1962,31.4
18095,1963,29.7
18095,1964,26.7
18095,1965,28.4
18095,1966,27.0
18095,1967,21.6
18095,1968,30.7
18095,1969,36.7
18095,1970,32.1
18095,1971,34.3
18095,1972,29.6
18095,1973,35.6
18095,1974,26.6
18095,1975,35.2
18095,1976,36.1
18095,1977,39.5
18095,1978,40.7
18095,1979,40.3
18095,1980,40.0
18095,1981,38.9
18095,1982,43.1
18095,1983,38.9
18095,1984,42.1
18095,1985,48.2
18095,1986,41.6
18095,1987,45.4
18095,1988,25.9
18095,1989,36.9
18095,1990,46.5
18095,1991,46.5
18095,1992,44.8
18095,1993,53.3
18095,1994,53.6
18095,1995,43.4
18095,1996,42.1
18095,1997,47.8
18095,1998,46.2
18095,1999,41.2
18095,2000,51.2
18095,2001,54.3
18095,2002,49.5
18095,2003,40.3
18095,2004,52.3
18095,2005,51.6
18095,2006,53.9
18095,2007,52.1
18095,2008,50.5
18095,2009,51.0
18095,2010,52.8
18095,2011,53.7
18095,2012,48.7
18095,2013,53.7
18095,2014,59.6
18095,2015,49.1
18095,2016,62.0
18095,2017,50.2
18095,2018,60.5
18095,2019,47.6
18095,2020,64.5
18095,2021,65.4
18095,2022,56.7
18095,2023,64.1
18095,2024,68.8
18095,2025,63.8
18113,1951,19.9
18113,1952,20.6
18113,1953,18.6
18113,1954,23.5
18113,1955,24.3
18113,1956,22.6
18113,1957,18.0
18113,1958,26.5
18113,1959,24.6
18113,1960,18.4
18113,1961,30.4
18113,1962,22.3
18113,1963,23.8
18113,1964,23.1
18113,1965,26.2
18113,1966,22.5
18113,1967,26.5
18113,1968,30.7
18113,1969,24.6
18113,1970,28.1
18113,1971,23.2
18113,1972,25.6
18113,1973,28.5
18113,1974,20.7
18113,1975,29.2
18113,1976,32.0
18113,1977,37.5
18113,1978,28.1
18113,1979,35.1
18113,1980,39.7
18113,1981,33.1
18113,1982,36.9
18113,1983,27.0
18113,1984,33.1
18113,1985,32.2
18113,1986,35.8
18113,1987,36.3
18113,1988,31.7
18113,1989,34.9
18113,1990,39.6
18113,1991,41.6
18113,1992,40.2
18113,1993,43.4
18113,1994,41.2
18113,1995,39.6
18113,1996,36.5
18113,1997,45.4
18113,1998,44.5
18113,1999,37.7
18113,2000,43.1
18113,2001,42.2
18113,2002,35.7
18113,2003,38.4
18113,2004,50.5
18113,2005,40.3
18113,2006,48.0
18113,2007,48.1
18113,2008,33.0
18113,2009,47.5
18113,2010,42.6
18113,2011,41.0
18113,2012,44.0
18113,2013,44.3
18113,2014,48.0
18113,2015,50.2
18113,2016,54.0
18113,2017,49.7
18113,2018,51.6
18113,2019,54.3
18113,2020,52.2
18113,2021,57.0
18113,2022,59.1
18113,2023,52.0
18113,2024,50.5
18113,2025,56.2
18145,1951,22.9
18145,1952,23.1
18145,1953,18.7
18145,1954,23.4
18145,1955,22.5
18145,1956,23.7
18145,1957,26.6
18145,1958,28.0
18145,1959,27.6
18145,1960,30.6
18145,1961,27.3
18145,1962,34.5
18145,1963,31.7
18145,1964,24.8
18145,1965,30.1
18145,1966,32.4
18145,1967,23.6
18145,1968,29.7
18145,1969,36.8
18145,1970,29.1
18145,1971,35.3
18145,1972,28.6
18145,1973,30.5
18145,1974,30.6
18145,1975,33.7
18145,1976,36.1
18145,1977,38.5
18145,1978,37.5
18145,1979,38.2
18145,1980,36.5
18145,1981,34.1
18145,1982,37.9
18145,1983,33.9
18145,1984,39.1
18145,1985,45.2
18145,1986,37.8
18145,1987,40.4
18145,1988,28.8
18145,1989,36.9
18145,1990,44.5
18145,1991,40.6
18145,1992,45.0
18145,1993,52.2
18145,1994,45.4
18145,1995,40.7
18145,1996,39.9
18145,1997,46.5
18145,1998,41.7
18145,1999,38.0
18145,2000,51.7
18145,2001,52.9
18145,2002,41.8
18145,2003,43.3
18145,2004,55.8
18145,2005,54.7
18145,2006,52.3
18145,2007,36.7
18145,2008,50.0
18145,2009,55.5
18145,2010,48.0
18145,2011,41.3
18145,2012,37.6
18145,2013,54.5
18145,2014,61.4
18145,2015,53.2
18145,2016,61.9
18145,2017,57.6
18145,2018,56.0
18145,2019,51.8
18145,2020,61.8
18145,2021,56.8
18145,2022,63.6
18145,2023,60.9
18145,2024,63.7
18145,2025,63.1
18183,1951,24.7
18183,1952,24.4
18183,1953,23.4
18183,1954,24.9
18183,1955,22.2
18183,1956,23.5
18183,1957,23.4
18183,1958,28.3
18183,1959,23.4
18183,1960,22.8
18183,1961,31.4
18183,1962,22.3
18183,1963,25.8
18183,1964,24.2
18183,1965,24.2
18183,1966,25.5
18183,1967,21.6
18183,1968,31.7
18183,1969,24.3
18183,1970,29.1
18183,1971,28.3
18183,1972,24.6
18183,1973,28.5
18183,1974,21.7
18183,1975,29.7
18183,1976,29.9
18183,1977,35.4
18183,1978,28.1
18183,1979,35.1
18183,1980,36.5
18183,1981,30.2
18183,1982,35.8
18183,1983,26.0
18183,1984,34.1
18183,1985,36.2
18183,1986,35.8
18183,1987,37.4
18183,1988,26.9
18183,1989,34.0
18183,1990,40.6
18183,1991,40.5
18183,1992,42.0
18183,1993,46.8
18183,1994,45.1
18183,1995,41.5
18183,1996,34.4
18183,1997,45.8
18183,1998,40.4
18183,1999,31.3
18183,2000,44.3
18183,2001,49.0
18183,2002,38.5
18183,2003,39.1
18183,2004,51.9
18183,2005,43.1
18183,2006,52.6
18183,2007,52.2
18183,2008,36.0
18183,2009,50.5
18183,2010,43.8
18183,2011,36.2
18183,2012,52.4
18183,2013,53.9
18183,2014,53.1
18183,2015,43.8
18183,2016,58.0
18183,2017,51.7
18183,2018,54.7
18183,2019,53.2
18183,2020,51.3
18183,2021,61.7
18183,2022,54.6
18183,2023,53.3
18183,2024,42.5
18183,2025,53.7
19009,1951,24.5
19009,1952,27.5
19009,1953,20.0
19009,1954,25.6
19009,1955,17.4
19009,1956,20.0
19009,1957,27.2
19009,1958,26.6
19009,1959,24.8
19009,1960,28.3
19009,1961,31.2
19009,1962,28.9
19009,1963,31.8
19009,1964,28.5
19009,1965,28.2
19009,1966,28.4
19009,1967,25.9
19009,1968,31.8
19009,1969,32.0
19009,1970,31.0
19009,1971,30.5
19009,1972,34.0
19009,1973,31.0
19009,1974,27.2
19009,1975,31.5
19009,1976,28.2
19009,1977,33.3
19009,1978,39.6
19009,1979,37.5
19009,1980,35.4
19009,1981,43.8
19009,1982,36.7
19009,1983,36.9
19009,1984,30.7
19009,1985,39.8
19009,1986,40.8
19009,1987,44.8
19009,1988,32.3
19009,1989,40.9
19009,1990,40.1
19009,1991,44.9
19009,1992,44.8
19009,1993,34.7
19009,1994,52.3
19009,1995,45.5
19009,1996,41.9
19009,1997,45.1
19009,1998,43.3
19009,1999,39.4
19009,2000,40.0
19009,2001,39.9
19009,2002,47.7
19009,2003,30.8
19009,2004,51.7
19009,2005,55.2
19009,2006,51.0
19009,2007,53.1
19009,2008,50.0
19009,2009,55.5
19009,2010,55.3
19009,2011,55.1
19009,2012,38.7
19009,2013,45.0
19009,2014,55.2
19009,2015,57.8
19009,2016,62.0
19009,2017,57.2
19009,2018,52.3
19009,2019,58.9
19009,2020,48.3
19009,2021,67.3
19009,2022,57.9
19009,2023,53.6
19009,2024,64.6
19009,2025,65.6
19013,1951,20.7
19013,1952,23.3
19013,1953,20.3
19013,1954,25.1
19013,1955,17.8
19013,1956,23.6
19013,1957,27.8
19013,1958,26.3
19013,1959,28.2
19013,1960,24.7
19013,1961,26.3
19013,1962,28.2
19013,1963,29.6
19013,1964,28.6
19013,1965,29.1
19013,1966,29.4
19013,1967,30.8
19013,1968,32.3
19013,1969,30.4
19013,1970,32.5
19013,1971,30.5
19013,1972,36.0
19013,1973,34.0
19013,1974,31.9
19013,1975,33.9
19013,1976,30.7
19013,1977,35.5
19013,1978,38.0
19013,1979,38.5
19013,1980,41.8
19013,1981,41.7
19013,1982,37.8
19013,1983,39.7
19013,1984,31.1
19013,1985,39.3
19013,1986,45.3
19013,1987,48.5
19013,1988,27.4
19013,1989,35.4
19013,1990,45.3
19013,1991,41.7
19013,1992,46.6
19013,1993,34.3
19013,1994,52.9
19013,1995,50.6
19013,1996,45.5
19013,1997,48.2
19013,1998,52.5
19013,1999,50.7
19013,2000,45.9
19013,2001,46.1
19013,2002,51.4
19013,2003,24.7
19013,2004,50.6
19013,2005,54.4
19013,2006,53.4
19013,2007,52.8
19013,2008,50.0
19013,2009,47.5
19013,2010,52.2
19013,2011,55.7
19013,2012,44.5
19013,2013,47.2
19013,2014,49.2
19013,2015,56.0
19013,2016,61.8
19013,2017,59.5
19013,2018,58.4
19013,2019,51.9
19013,2020,54.2
19013,2021,60.1
19013,2022,64.5
19013,2023,51.1
19013,2024,57.2
19013,2025,62.0
19015,1951,25.5
19015,1952,28.2
19015,1953,23.5
19015,1954,28.7
19015,1955,21.5
19015,1956,17.2
19015,1957,28.9
19015,1958,29.3
19015,1959,29.1
19015,1960,29.5
19015,1961,31.7
19015,1962,30.2
19015,1963,32.9
19015,1964,30.7
19015,1965,24.9
19015,1966,29.0
19015,1967,30.4
19015,1968,33.8
19015,1969,32.1
19015,1970,36.7
19015,1971,33.3
19015,1972,40.0
19015,1973,37.0
19015,1974,30.3
19015,1975,35.9
19015,1976,31.6
19015,1977,24.0
19015,1978,42.5
19015,1979,40.3
19015,1980,43.1
19015,1981,42.0
19015,1982,39.5
19015,1983,41.8
19015,1984,35.0
19015,1985,39.9
19015,1986,42.3
19015,1987,46.5
19015,1988,24.0
19015,1989,41.5
19015,1990,40.3
19015,1991,41.7
19015,1992,46.1
19015,1993,32.6
19015,1994,52.0
19015,1995,50.1
19015,1996,46.3
19015,1997,45.0
19015,1998,47.0
19015,1999,42.9
19015,2000,40.2
19015,2001,40.1
19015,2002,47.7
19015,2003,34.8
19015,2004,52.0
19015,2005,56.3
19015,2006,50.0
19015,2007,54.2
19015,2008,44.0
19015,2009,52.0
19015,2010,46.6
19015,2011,51.2
19015,2012,45.7
19015,2013,42.0
19015,2014,50.2
19015,2015,53.7
19015,2016,60.2
19015,2017,56.7
19015,2018,54.6
19015,2019,53.2
19015,2020,50.9
19015,2021,64.4
19015,2022,60.4
19015,2023,69.1
19015,2024,66.3
19015,2025,66.2
19019,1951,16.4
19019,1952,21.4
19019,1953,19.6
19019,1954,24.1
19019,1955,17.2
19019,1956,21.6
19019,1957,24.7
19019,1958,24.5
19019,1959,24.3
19019,1960,21.9
19019,1961,24.9
19019,1962,24.1
19019,1963,28.5
19019,1964,26.2
19019,1965,26.9
19019,1966,26.4
19019,1967,27.7
19019,1968,29.7
19019,1969,29.8
19019,1970,32.8
19019,1971,28.9
19019,1972,34.0
19019,1973,32.0
19019,1974,30.8
19019,1975,32.8
19019,1976,32.1
19019,1977,37.2
19019,1978,38.1
19019,1979,38.1
19019,1980,39.8
19019,1981,38.1
19019,1982,36.2
19019,1983,36.2
19019,1984,31.0
19019,1985,34.6
19019,1986,43.9
19019,1987,47.7
19019,1988,27.4
19019,1989,36.8
19019,1990,45.4
19019,1991,47.3
19019,1992,44.8
19019,1993,36.4
19019,1994,51.8
19019,1995,44.3
19019,1996,45.6
19019,1997,48.2
19019,1998,53.1
19019,1999,49.1
19019,2000,45.6
19019,2001,44.9
19019,2002,49.3
19019,2003,25.9
19019,2004,45.2
19019,2005,53.6
19019,2006,52.6
19019,2007,50.7
19019,2008,46.5
19019,2009,44.0
19019,2010,50.5
19019,2011,55.1
19019,2012,47.1
19019,2013,49.2
19019,2014,49.5
19019,2015,57.7
19019,2016,60.2
19019,2017,55.9
19019,2018,57.2
19019,2019,55.2
19019,2020,56.7
19019,2021,63.4
19019,2022,65.0
19019,2023,51.8
19019,2024,59.9
19019,2025,64.2
19023,1951,17.0
19023,1952,21.8
19023,1953,19.4
19023,1954,24.2
19023,1955,16.7
19023,1956,21.3
19023,1957,24.4
19023,1958,23.2
19023,1959,26.5
19023,1960,23.1
19023,1961,25.3
19023,1962,26.3
19023,1963,28.5
19023,1964,26.4
19023,1965,25.6
19023,1966,27.3
19023,1967,28.2
19023,1968,31.8
19023,1969,27.7
19023,1970,31.4
19023,1971,32.0
19023,1972,33.0
19023,1973,32.0
19023,1974,27.0
19023,1975,32.1
19023,1976,31.5
19023,1977,34.7
19023,1978,35.7
19023,1979,35.0
19023,1980,40.1
19023,1981,37.4
19023,1982,35.5
19023,1983,37.1
19023,1984,31.3
19023,1985,37.8
19023,1986,42.5
19023,1987,45.0
19023,1988,31.5
19023,1989,33.9
19023,1990,41.6
19023,1991,40.0
19023,1992,45.9
19023,1993,29.9
19023,1994,49.1
19023,1995,49.2
19023,1996,46.5
19023,1997,45.2
19023,1998,51.7
19023,1999,45.0
19023,2000,46.5
19023,2001,44.6
19023,2002,49.4
19023,2003,24.4
19023,2004,49.8
19023,2005,53.9
19023,2006,52.0
19023,2007,52.2
19023,2008,47.5
19023,2009,48.0
19023,2010,54.5
19023,2011,55.3
19023,2012,40.0
19023,2013,49.4
19023,2014,46.3
19023,2015,57.7
19023,2016,59.9
19023,2017,55.9
19023,2018,56.1
19023,2019,55.0
19023,2020,54.2
19023,2021,60.8
19023,2022,61.6
19023,2023,50.9
19023,2024,58.3
19023,2025,63.3
19025,1951,22.7
19025,1952,27.1
19025,1953,21.4
19025,1954,26.7
19025,1955,21.8
19025,1956,12.5
19025,1957,31.2
19025,1958,28.0
19025,1959,28.2
19025,1960,28.0
19025,1961,31.9
19025,1962,28.9
19025,1963,31.7
19025,1964,29.9
19025,1965,25.5
19025,1966,30.5
19025,1967,28.9
19025,1968,35.6
19025,1969,29.7
19025,1970,30.2
19025,1971,29.3
19025,1972,39.0
19025,1973,31.0
19025,1974,30.6
19025,1975,34.5
19025,1976,29.0
19025,1977,33.4
19025,1978,40.3
19025,1979,39.5
19025,1980,43.3
19025,1981,40.1
19025,1982,38.3
19025,1983,36.5
19025,1984,31.1
19025,1985,38.0
19025,1986,41.7
19025,1987,46.9
19025,1988,37.0
19025,1989,41.8
19025,1990,40.2
19025,1991,37.0
19025,1992,45.9
19025,1993,28.9
19025,1994,54.6
19025,1995,48.2
19025,1996,47.9
19025,1997,45.0
19025,1998,41.0
19025,1999,43.5
19025,2000,40.1
19025,2001,43.7
19025,2002,51.2
19025,2003,33.1
19025,2004,46.0
19025,2005,52.0
19025,2006,49.4
19025,2007,52.2
19025,2008,49.0
19025,2009,45.5
19025,2010,47.6
19025,2011,51.7
19025,2012,40.3
19025,2013,36.4
19025,2014,51.0
19025,2015,55.2
19025,2016,62.3
19025,2017,57.5
19025,2018,53.1
19025,2019,55.1
19025,2020,47.7
19025,2021,63.5
19025,2022,61.2
19025,2023,57.4
19025,2024,62.6
19025,2025,63.0
19041,1951,20.0
19041,1952,25.6
19041,1953,24.1
19041,1954,28.4
19041,1955,18.5
19041,1956,20.2
19041,1957,25.4
19041,1958,20.1
19041,1959,28.2
19041,1960,25.5
19041,1961,28.1
19041,1962,28.2
19041,1963,30.6
19041,1964,28.4
19041,1965,22.4
19041,1966,30.6
19041,1967,22.6
19041,1968,27.4
19041,1969,34.9
19041,1970,28.9
19041,1971,32.9
19041,1972,38.0
19041,1973,35.0
19041,1974,27.3
19041,1975,34.8
19041,1976,29.8
19041,1977,39.5
19041,1978,36.9
19041,1979,37.4
19041,1980,37.4
19041,1981,37.9
19041,1982,35.0
19041,1983,35.1
19041,1984,32.2
19041,1985,35.5
19041,1986,38.6
19041,1987,43.0
19041,1988,35.7
19041,1989,41.5
19041,1990,44.3
19041,1991,39.4
19041,1992,44.2
19041,1993,19.7
19041,1994,49.4
19041,1995,45.7
19041,1996,44.5
19041,1997,46.1
19041,1998,50.0
19041,1999,48.2
19041,2000,49.0
19041,2001,43.2
19041,2002,42.3
19041,2003,34.2
19041,2004,47.3
19041,2005,50.0
19041,2006,49.4
19041,2007,50.4
19041,2008,48.0
19041,2009,50.5
19041,2010,52.7
19041,2011,51.9
19041,2012,50.1
19041,2013,44.4
19041,2014,47.8
19041,2015,60.7
19041,2016,61.9
19041,2017,57.6
19041,2018,52.6
19041,2019,50.9
19041,2020,50.3
19041,2021,62.4
19041,2022,56.9
19041,2023,62.1
19041,2024,49.4
19041,2025,61.9
19045,1951,23.6
19045,1952,24.8
19045,1953,21.4
19045,1954,25.5
19045,1955,24.2
19045,1956,27.7
19045,1957,28.2
19045,1958,25.1
19045,1959,26.5
19045,1960,22.9
19045,1961,28.7
19045,1962,28.3
19045,1963,27.9
19045,1964,30.9
19045,1965,31.3
19045,1966,28.8
19045,1967,33.5
19045,1968,34.3
19045,1969,38.4
19045,1970,37.5
19045,1971,35.2
19045,1972,36.0
19045,1973,33.0
19045,1974,28.0
19045,1975,37.6
19045,1976,32.9
19045,1977,43.7
19045,1978,37.3
19045,1979,44.5
19045,1980,45.1
19045,1981,46.7
19045,1982,42.0
19045,1983,37.4
19045,1984,36.7
19045,1985,41.6
19045,1986,41.3
19045,1987,46.8
19045,1988,28.1
19045,1989,46.2
19045,1990,49.8
19045,1991,47.2
19045,1992,47.0
19045,1993,39.3
19045,1994,54.2
19045,1995,50.1
19045,1996,48.3
19045,1997,51.2
19045,1998,53.7
19045,1999,53.1
19045,2000,45.9
19045,2001,49.5
19045,2002,50.4
19045,2003,32.3
19045,2004,49.5
19045,2005,42.5
19045,2006,52.7
19045,2007,50.6
19045,2008,47.5
19045,2009,52.0
19045,2010,51.4
19045,2011,61.7
19045,2012,52.0
19045,2013,51.9
19045,2014,57.5
19045,2015,59.2
19045,2016,59.8
19045,2017,59.7
19045,2018,58.3
19045,2019,59.5
19045,2020,57.0
19045,2021,63.9
19045,2022,66.0
19045,2023,58.8
19045,2024,65.2
19045,2025,68.3
19047,1951,20.0
19047,1952,27.1
19047,1953,23.3
19047,1954,27.1
19047,1955,16.9
19047,1956,18.0
19047,1957,27.0
19047,1958,27.9
19047,1959,26.0
19047,1960,29.2
19047,1961,29.1
19047,1962,28.5
19047,1963,31.5
19047,1964,30.5
19047,1965,27.5
19047,1966,29.9
19047,1967,26.8
19047,1968,32.2
19047,1969,33.2
19047,1970,27.5
19047,1971,30.0
19047,1972,35.0
19047,1973,34.0
19047,1974,29.7
19047,1975,35.6
19047,1976,25.8
19047,1977,33.7
19047,1978,41.6
19047,1979,36.6
19047,1980,33.7
19047,1981,39.0
19047,1982,38.1
19047,1983,35.7
19047,1984,32.5
19047,1985,36.9
19047,1986,43.8
19047,1987,40.3
19047,1988,38.0
19047,1989,37.2
19047,1990,43.2
19047,1991,42.0
19047,1992,44.0
19047,1993,36.8
19047,1994,52.5
19047,1995,44.3
19047,1996,43.5
19047,1997,45.4
19047,1998,47.2
19047,1999,39.0
19047,2000,38.1
19047,2001,47.9
19047,2002,50.5
19047,2003,32.7
19047,2004,49.1
19047,2005,55.3
19047,2006,50.4
19047,2007,50.3
19047,2008,53.5
19047,2009,53.0
19047,2010,57.0
19047,2011,53.0
19047,2012,45.6
19047,2013,46.4
19047,2014,55.6
19047,2015,58.5
19047,2016,64.3
19047,2017,61.3
19047,2018,61.7
19047,2019,61.9
19047,2020,54.2
19047,2021,63.5
19047,2022,62.8
19047,2023,53.6
19047,2024,62.5
19047,2025,65.6
19049,1951,25.9
19049,1952,28.6
19049,1953,20.7
19049,1954,28.2
19049,1955,18.9
19049,1956,18.3
19049,1957,28.6
19049,1958,28.7
19049,1959,28.3
19049,1960,29.7
19049,1961,30.0
19049,1962,29.2
19049,1963,31.5
19049,1964,29.5
19049,1965,25.0
19049,1966,29.5
19049,1967,26.4
19049,1968,33.5
19049,1969,34.0
19049,1970,36.1
19049,1971,33.2
19049,1972,38.0
19049,1973,33.0
19049,1974,28.2
19049,1975,30.3
19049,1976,30.0
19049,1977,30.3
19049,1978,35.0
19049,1979,39.2
19049,1980,42.1
19049,1981,45.3
19049,1982,39.7
19049,1983,36.0
19049,1984,32.1
19049,1985,35.6
19049,1986,41.2
19049,1987,46.1
19049,1988,24.6
19049,1989,42.0
19049,1990,41.7
19049,1991,41.2
19049,1992,44.0
19049,1993,35.7
19049,1994,52.2
19049,1995,45.2
19049,1996,46.6
19049,1997,43.1
19049,1998,48.7
19049,1999,43.6
19049,2000,44.3
19049,2001,38.9
19049,2002,43.6
19049,2003,32.1
19049,2004,53.2
19049,2005,58.2
19049,2006,49.3
19049,2007,53.7
19049,2008,47.0
19049,2009,54.5
19049,2010,49.8
19049,2011,52.2
19049,2012,40.1
19049,2013,41.7
19049,2014,52.5
19049,2015,55.1
19049,2016,58.7
19049,2017,54.6
19049,2018,52.8
19049,2019,54.4
19049,2020,47.1
19049,2021,63.6
19049,2022,59.8
19049,2023,60.8
19049,2024,64.5
19049,2025,64.4
19051,1951,21.2
19051,1952,24.0
19051,1953,15.5
19051,1954,23.4
19051,1955,19.1
19051,1956,19.9
19051,1957,22.2
19051,1958,23.6
19051,1959,21.5
19051,1960,17.0
19051,1961,23.7
19051,1962,24.7
19051,1963,25.5
19051,1964,24.2
19051,1965,22.0
19051,1966,25.7
19051,1967,17.5
19051,1968,25.7
19051,1969,28.5
19051,1970,26.3
19051,1971,30.2
19051,1972,33.1
19051,1973,29.0
19051,1974,19.4
19051,1975,28.8
19051,1976,28.6
19051,1977,30.2
19051,1978,30.9
19051,1979,35.5
19051,1980,31.3
19051,1981,33.7
19051,1982,27.4
19051,1983,17.9
19051,1984,26.1
19051,1985,36.2
19051,1986,35.7
19051,1987,34.4
19051,1988,24.6
19051,1989,24.0
19051,1990,35.4
19051,1991,35.8
19051,1992,41.5
19051,1993,30.5
19051,1994,41.9
19051,1995,30.5
19051,1996,40.2
19051,1997,45.5
19051,1998,46.6
19051,1999,33.7
19051,2000,41.7
19051,2001,39.0
19051,2002,39.3
19051,2003,32.8
19051,2004,52.7
19051,2005,40.5
19051,2006,44.9
19051,2007,48.2
19051,2008,36.5
19051,2009,40.0
19051,2010,46.6
19051,2011,32.8
19051,2012,29.3
19051,2013,36.8
19051,2014,45.7
19051,2015,48.9
19051,2016,57.4
19051,2017,37.6
19051,2018,50.2
19051,2019,54.6
19051,2020,42.0
19051,2021,56.7
19051,2022,44.6
19051,2023,53.4
19051,2024,59.1
19051,2025,60.6
19059,1951,17.3
19059,1952,19.0
19059,1953,20.2
19059,1954,25.7
19059,1955,18.6
19059,1956,18.9
19059,1957,23.4
19059,1958,19.6
19059,1959,20.1
19059,1960,22.7
19059,1961,23.3
19059,1962,23.9
19059,1963,28.3
19059,1964,25.5
19059,1965,19.2
19059,1966,29.0
19059,1967,19.5
19059,1968,21.8
19059,1969,31.6
19059,1970,29.2
19059,1971,29.5
19059,1972,37.0
19059,1973,35.0
19059,1974,26.1
19059,1975,31.3
19059,1976,26.3
19059,1977,33.9
19059,1978,37.5
19059,1979,35.7
19059,1980,40.0
19059,1981,37.1
19059,1982,34.5
19059,1983,34.1
19059,1984,31.7
19059,1985,33.5
19059,1986,39.3
19059,1987,41.3
19059,1988,33.6
19059,1989,40.7
19059,1990,41.5
19059,1991,39.5
19059,1992,40.8
19059,1993,16.5
19059,1994,47.5
19059,1995,44.1
19059,1996,45.8
19059,1997,41.0
19059,1998,50.3
19059,1999,43.6
19059,2000,45.5
19059,2001,40.2
19059,2002,45.9
19059,2003,34.9
19059,2004,44.4
19059,2005,49.2
19059,2006,48.1
19059,2007,51.0
19059,2008,44.0
19059,2009,49.5
19059,2010,50.2
19059,2011,48.1
19059,2012,48.2
19059,2013,44.7
19059,2014,44.0
19059,2015,56.4
19059,2016,56.1
19059,2017,57.7
19059,2018,49.8
19059,2019,51.3
19059,2020,55.5
19059,2021,56.0
19059,2022,58.8
19059,2023,56.8
19059,2024,46.1
19059,2025,60.8
19069,1951,17.6
19069,1952,22.9
19069,1953,20.6
19069,1954,26.2
19069,1955,19.3
19069,1956,21.5
19069,1957,26.7
19069,1958,24.0
19069,1959,30.9
19069,1960,25.3
19069,1961,28.2
19069,1962,26.7
19069,1963,29.9
19069,1964,30.6
19069,1965,27.2
19069,1966,30.6
19069,1967,30.4
19069,1968,34.0
19069,1969,34.1
19069,1970,35.1
19069,1971,35.4
19069,1972,36.0
19069,1973,35.0
19069,1974,32.0
19069,1975,37.7
19069,1976,35.0
19069,1977,35.4
19069,1978,36.9
19069,1979,38.3
19069,1980,39.9
19069,1981,35.7
19069,1982,37.6
19069,1983,38.4
19069,1984,34.2
19069,1985,38.6
19069,1986,43.4
19069,1987,45.2
19069,1988,33.7
19069,1989,40.3
19069,1990,40.5
19069,1991,36.7
19069,1992,44.5
19069,1993,26.1
19069,1994,47.9
19069,1995,47.5
19069,1996,44.7
19069,1997,41.8
19069,1998,50.6
19069,1999,43.7
19069,2000,45.0
19069,2001,43.3
19069,2002,47.5
19069,2003,31.7
19069,2004,47.5
19069,2005,51.5
19069,2006,52.5
19069,2007,50.7
19069,2008,45.0
19069,2009,49.5
19069,2010,50.3
19069,2011,52.4
19069,2012,44.5
19069,2013,46.0
19069,2014,47.4
19069,2015,57.8
19069,2016,60.5
19069,2017,57.0
19069,2018,58.5
19069,2019,54.1
19069,2020,55.4
19069,2021,59.7
19069,2022,62.8
19069,2023,59.4
19069,2024,58.2
19069,2025,62.4
19073,1951,24.1
19073,1952,27.5
19073,1953,22.2
19073,1954,28.4
19073,1955,24.5
19073,1956,20.5
19073,1957,25.8
19073,1958,28.9
19073,1959,24.9
19073,1960,28.7
19073,1961,32.2
19073,1962,29.7
19073,1963,32.3
19073,1964,30.1
19073,1965,24.6
19073,1966,30.2
19073,1967,28.5
19073,1968,35.2
19073,1969,32.9
19073,1970,33.7
19073,1971,30.0
19073,1972,39.0
19073,1973,34.0
19073,1974,29.8
19073,1975,36.1
19073,1976,29.8
19073,1977,25.5
19073,1978,43.0
19073,1979,41.0
19073,1980,41.9
19073,1981,44.4
19073,1982,39.5
19073,1983,39.7
19073,1984,34.7
19073,1985,41.1
19073,1986,42.7
19073,1987,47.0
19073,1988,27.8
19073,1989,40.2
19073,1990,40.0
19073,1991,40.1
19073,1992,47.6
19073,1993,32.3
19073,1994,52.7
19073,1995,48.3
19073,1996,48.5
19073,1997,45.9
19073,1998,46.2
19073,1999,43.8
19073,2000,39.3
19073,2001,42.1
19073,2002,48.5
19073,2003,36.9
19073,2004,49.0
19073,2005,53.9
19073,2006,48.0
19073,2007,52.8
19073,2008,46.5
19073,2009,53.5
19073,2010,48.1
19073,2011,51.0
19073,2012,38.3
19073,2013,36.5
19073,2014,52.2
19073,2015,53.6
19073,2016,63.5
19073,2017,56.7
19073,2018,55.5
19073,2019,54.2
19073,2020,49.0
19073,2021,64.1
19073,2022,59.0
19073,2023,60.7
19073,2024,61.8
19073,2025,63.5
19079,1951,23.9
19079,1952,26.5
19079,1953,23.9
19079,1954,27.2
19079,1955,23.4
19079,1956,21.3
19079,1957,29.5
19079,1958,27.8
19079,1959,30.0
19079,1960,29.3
19079,1961,30.3
19079,1962,29.0
19079,1963,30.9
19079,1964,29.9
19079,1965,26.4
19079,1966,31.1
19079,1967,31.7
19079,1968,36.9
19079,1969,31.2
19079,1970,34.8
19079,1971,34.0
19079,1972,37.0
19079,1973,37.0
19079,1974,26.7
19079,1975,34.8
19079,1976,32.7
19079,1977,29.1
19079,1978,39.1
19079,1979,40.7
19079,1980,40.1
19079,1981,44.0
19079,1982,37.1
19079,1983,37.5
19079,1984,34.1
19079,1985,40.2
19079,1986,41.5
19079,1987,43.5
19079,1988,24.4
19079,1989,45.9
19079,1990,39.1
19079,1991,40.1
19079,1992,47.1
19079,1993,26.9
19079,1994,52.3
19079,1995,49.2
19079,1996,45.6
19079,1997,45.2
19079,1998,47.9
19079,1999,45.3
19079,2000,39.9
19079,2001,42.2
19079,2002,49.4
19079,2003,34.4
19079,2004,49.6
19079,2005,52.5
19079,2006,49.4
19079,2007,50.4
19079,2008,47.0
19079,2009,44.5
19079,2010,48.1
19079,2011,52.5
19079,2012,45.8
19079,2013,38.0
19079,2014,46.1
19079,2015,54.3
19079,2016,61.0
19079,2017,57.2
19079,2018,49.9
19079,2019,51.4
19079,2020,51.5
19079,2021,62.2
19079,2022,61.3
19079,2023,62.2
19079,2024,58.6
19079,2025,65.1
19081,1951,15.7
19081,1952,23.9
19081,1953,22.3
19081,1954,24.6
19081,1955,21.2
19081,1956,21.5
19081,1957,24.3
19081,1958,20.6
19081,1959,26.1
19081,1960,23.8
19081,1961,28.3
19081,1962,23.0
19081,1963,28.1
19081,1964,29.8
19081,1965,24.9
19081,1966,28.4
19081,1967,29.0
19081,1968,32.5
19081,1969,33.0
19081,1970,32.5
19081,1971,32.7
19081,1972,38.0
19081,1973,31.5
19081,1974,30.0
19081,1975,34.7
19081,1976,34.0
19081,1977,37.5
19081,1978,36.4
19081,1979,34.8
19081,1980,39.3
19081,1981,36.9
19081,1982,37.0
19081,1983,36.7
19081,1984,31.7
19081,1985,35.2
19081,1986,41.2
19081,1987,43.1
19081,1988,35.5
19081,1989,36.8
19081,1990,40.5
19081,1991,34.2
19081,1992,41.4
19081,1993,25.1
19081,1994,44.1
19081,1995,45.4
19081,1996,42.3
19081,1997,42.7
19081,1998,48.2
19081,1999,42.9
19081,2000,47.5
19081,2001,42.1
19081,2002,49.5
19081,2003,34.0
19081,2004,43.4
19081,2005,53.7
19081,2006,50.2
19081,2007,53.0
19081,2008,50.0
19081,2009,50.0
19081,2010,51.2
19081,2011,50.3
19081,2012,41.4
19081,2013,45.7
19081,2014,47.6
19081,2015,59.6
19081,2016,62.4
19081,2017,57.4
19081,2018,53.2
19081,2019,49.6
19081,2020,60.0
19081,2021,63.5
19081,2022,63.0
19081,2023,60.2
19081,2024,58.2
19081,2025,58.9
19087,1951,25.8
19087,1952,30.6
19087,1953,23.9
19087,1954,29.2
19087,1955,27.0
19087,1956,26.9
19087,1957,28.3
19087,1958,28.9
19087,1959,30.3
19087,1960,24.2
19087,1961,28.9
19087,1962,28.8
19087,1963,32.7
19087,1964,29.6
19087,1965,26.9
19087,1966,28.6
19087,1967,32.9
19087,1968,35.7
19087,1969,35.7
19087,1970,37.0
19087,1971,38.5
19087,1972,39.0
19087,1973,34.0
19087,1974,28.8
19087,1975,37.7
19087,1976,36.4
19087,1977,41.0
19087,1978,37.8
19087,1979,42.2
19087,1980,39.3
19087,1981,42.3
19087,1982,39.2
19087,1983,31.7
19087,1984,35.4
19087,1985,41.1
19087,1986,42.1
19087,1987,39.0
19087,1988,32.0
19087,1989,36.7
19087,1990,41.8
19087,1991,44.2
19087,1992,46.0
19087,1993,39.8
19087,1994,54.3
19087,1995,41.8
19087,1996,45.3
19087,1997,48.9
19087,1998,52.1
19087,1999,40.1
19087,2000,40.8
19087,2001,43.3
19087,2002,47.4
19087,2003,35.7
19087,2004,54.1
19087,2005,51.4
19087,2006,49.3
19087,2007,51.1
19087,2008,48.0
19087,2009,52.0
19087,2010,49.7
19087,2011,44.5
19087,2012,50.3
19087,2013,45.3
19087,2014,56.1
19087,2015,55.8
19087,2016,57.2
19087,2017,60.5
19087,2018,62.3
19087,2019,56.9
19087,2020,54.9
19087,2021,58.3
19087,2022,60.3
19087,2023,63.9
19087,2024,66.4
19087,2025,64.8
19089,1951,9.4
19089,1952,17.4
19089,1953,14.9
19089,1954,18.6
19089,1955,12.4
19089,1956,19.3
19089,1957,20.6
19089,1958,17.9
19089,1959,22.0
19089,1960,15.3
19089,1961,22.8
19089,1962,19.2
19089,1963,24.2
19089,1964,17.4
19089,1965,19.4
19089,1966,20.8
19089,1967,16.8
19089,1968,25.4
19089,1969,21.9
19089,1970,29.1
19089,1971,24.0
19089,1972,31.0
19089,1973,27.0
19089,1974,18.6
19089,1975,20.8
19089,1976,24.2
19089,1977,36.8
19089,1978,33.8
19089,1979,32.1
19089,1980,34.1
19089,1981,34.2
19089,1982,29.6
19089,1983,32.5
19089,1984,29.2
19089,1985,27.2
19089,1986,35.4
19089,1987,42.0
19089,1988,23.9
19089,1989,37.2
19089,1990,40.5
19089,1991,38.6
19089,1992,34.0
19089,1993,22.4
19089,1994,46.4
19089,1995,47.0
19089,1996,38.9
19089,1997,44.3
19089,1998,47.1
19089,1999,46.7
19089,2000,48.0
19089,2001,31.4
19089,2002,49.2
19089,2003,26.4
19089,2004,40.4
19089,2005,54.9
19089,2006,47.3
19089,2007,48.8
19089,2008,44.5
19089,2009,43.5
19089,2010,54.7
19089,2011,51.4
19089,2012,46.4
19089,2013,41.2
19089,2014,48.7
19089,2015,59.9
19089,2016,56.4
19089,2017,51.6
19089,2018,53.7
19089,2019,52.1
19089,2020,54.5
19089,2021,60.3
19089,2022,60.9
19089,2023,51.0
19089,2024,55.2
19089,2025,63.0
19091,1951,20.6
19091,1952,27.4
19091,1953,26.3
19091,1954,29.8
19091,1955,21.4
19091,1956,16.1
19091,1957,29.0
19091,1958,26.2
19091,1959,30.8
19091,1960,27.5
19091,1961,30.4
19091,1962,27.8
19091,1963,31.4
19091,1964,29.8
19091,1965,27.6
19091,1966,31.7
19091,1967,28.3
19091,1968,34.3
19091,1969,35.2
19091,1970,30.7
19091,1971,34.6
19091,1972,34.0
19091,1973,37.0
19091,1974,32.2
19091,1975,38.2
19091,1976,32.8
19091,1977,36.1
19091,1978,37.8
19091,1979,36.2
19091,1980,38.9
19091,1981,41.5
19091,1982,39.2
19091,1983,36.1
19091,1984,34.4
19091,1985,37.3
19091,1986,40.2
19091,1987,46.5
19091,1988,34.8
19091,1989,46.3
19091,1990,45.3
19091,1991,36.3
19091,1992,46.6
19091,1993,27.0
19091,1994,49.6
19091,1995,50.2
19091,1996,46.0
19091,1997,46.3
19091,1998,46.7
19091,1999,41.8
19091,2000,45.9
19091,2001,42.8
19091,2002,47.4
19091,2003,33.8
19091,2004,47.4
19091,2005,51.9
19091,2006,52.5
19091,2007,51.8
19091,2008,49.5
19091,2009,53.5
19091,2010,46.0
19091,2011,51.8
19091,2012,43.0
19091,2013,43.9
19091,2014,46.4
19091,2015,56.6
19091,2016,61.0
19091,2017,58.0
19091,2018,50.4
19091,2019,54.9
19091,2020,56.9
19091,2021,62.4
19091,2022,59.0
19091,2023,56.9
19091,2024,56.7
19091,2025,59.4
19101,1951,23.0
19101,1952,27.8
19101,1953,20.8
19101,1954,25.8
19101,1955,23.1
19101,1956,23.9
19101,1957,27.8
19101,1958,28.0
19101,1959,26.9
19101,1960,21.5
19101,1961,27.6
19101,1962,27.3
19101,1963,31.4
19101,1964,27.9
19101,1965,27.3
19101,1966,27.2
19101,1967,29.0
19101,1968,32.8
19101,1969,31.8
19101,1970,33.2
19101,1971,34.3
19101,1972,34.0
19101,1973,29.0
19101,1974,25.4
19101,1975,32.0
19101,1976,33.2
19101,1977,35.7
19101,1978,34.4
19101,1979,38.0
19101,1980,37.8
19101,1981,38.3
19101,1982,33.5
19101,1983,26.1
19101,1984,32.6
19101,1985,38.1
19101,1986,37.6
19101,1987,38.3
19101,1988,24.0
19101,1989,34.0
19101,1990,38.0
19101,1991,40.4
19101,1992,42.6
19101,1993,34.9
19101,1994,51.1
19101,1995,37.8
19101,1996,41.8
19101,1997,45.7
19101,1998,47.0
19101,1999,32.5
19101,2000,38.2
19101,2001,40.5
19101,2002,36.9
19101,2003,32.1
19101,2004,53.6
19101,2005,52.8
19101,2006,46.5
19101,2007,46.3
19101,2008,42.0
19101,2009,51.5
19101,2010,46.8
19101,2011,41.9
19101,2012,44.0
19101,2013,41.1
19101,2014,47.3
19101,2015,50.1
19101,2016,55.1
19101,2017,46.1
19101,2018,62.0
19101,2019,53.3
19101,2020,53.8
19101,2021,53.9
19101,2022,50.7
19101,2023,57.9
19101,2024,60.5
19101,2025,62.9
19105,1951,23.2
19105,1952,28.2
19105,1953,22.5
19105,1954,28.1
19105,1955,21.7
19105,1956,27.6
19105,1957,29.4
19105,1958,27.6
19105,1959,28.8
19105,1960,25.0
19105,1961,29.6
19105,1962,28.1
19105,1963,30.7
19105,1964,31.2
19105,1965,31.2
19105,1966,30.8
19105,1967,32.2
19105,1968,35.6
19105,1969,34.3
19105,1970,39.0
19105,1971,35.4
19105,1972,36.0
19105,1973,35.0
19105,1974,29.0
19105,1975,36.8
19105,1976,30.6
19105,1977,40.9
19105,1978,38.9
19105,1979,42.2
19105,1980,43.2
19105,1981,44.6
19105,1982,41.0
19105,1983,35.7
19105,1984,35.4
19105,1985,38.5
19105,1986,43.0
19105,1987,46.6
19105,1988,23.5
19105,1989,38.2
19105,1990,48.1
19105,1991,48.5
19105,1992,43.4
19105,1993,36.6
19105,1994,51.9
19105,1995,44.6
19105,1996,46.8
19105,1997,50.9
19105,1998,53.7
19105,1999,53.5
19105,2000,45.9
19105,2001,50.4
19105,2002,49.8
19105,2003,32.2
19105,2004,46.8
19105,2005,51.8
19105,2006,52.4
19105,2007,52.5
19105,2008,46.5
19105,2009,50.0
19105,2010,52.6
19105,2011,60.4
19105,2012,51.6
19105,2013,53.5
19105,2014,52.5
19105,2015,55.2
19105,2016,60.4
19105,2017,54.9
19105,2018,60.1
19105,2019,57.2
19105,2020,54.0
19105,2021,64.5
19105,2022,61.7
19105,2023,54.5
19105,2024,63.8
19105,2025,68.6
19111,1951,23.6
19111,1952,23.0
19111,1953,19.3
19111,1954,24.1
19111,1955,20.8
19111,1956,24.4
19111,1957,23.8
19111,1958,27.7
19111,1959,24.9
19111,1960,17.6
19111,1961,24.9
19111,1962,26.1
19111,1963,30.1
19111,1964,27.0
19111,1965,28.1
19111,1966,27.0
19111,1967,24.9
19111,1968,31.9
19111,1969,30.3
19111,1970,32.7
19111,1971,32.0
19111,1972,34.0
19111,1973,30.7
19111,1974,22.9
19111,1975,33.1
19111,1976,31.1
19111,1977,37.6
19111,1978,32.9
19111,1979,39.9
19111,1980,37.5
19111,1981,37.1
19111,1982,37.9
19111,1983,28.2
19111,1984,33.2
19111,1985,39.9
19111,1986,38.4
19111,1987,34.0
19111,1988,28.1
19111,1989,27.9
19111,1990,34.6
19111,1991,37.0
19111,1992,45.2
19111,1993,36.5
19111,1994,52.0
19111,1995,38.9
19111,1996,42.7
19111,1997,49.2
19111,1998,46.6
19111,1999,37.8
19111,2000,40.3
19111,2001,44.3
19111,2002,41.5
19111,2003,36.4
19111,2004,54.7
19111,2005,45.8
19111,2006,44.6
19111,2007,48.7
19111,2008,42.5
19111,2009,48.5
19111,2010,49.3
19111,2011,40.6
19111,2012,43.1
19111,2013,39.4
19111,2014,54.5
19111,2015,47.0
19111,2016,61.4
19111,2017,53.5
19111,2018,64.7
19111,2019,54.8
19111,2020,52.1
19111,2021,59.7
19111,2022,54.6
19111,2023,66.1
19111,2024,66.9
19111,2025,63.0
19131,1951,13.3
19131,1952,20.4
19131,1953,18.3
19131,1954,23.8
19131,1955,16.5
19131,1956,21.1
19131,1957,23.3
19131,1958,21.1
19131,1959,23.8
19131,1960,21.4
19131,1961,27.3
19131,1962,24.3
19131,1963,28.4
19131,1964,17.3
19131,1965,24.4
19131,1966,25.8
19131,1967,24.0
19131,1968,28.4
19131,1969,27.4
19131,1970,32.7
19131,1971,26.0
19131,1972,32.0
19131,1973,32.0
19131,1974,22.3
19131,1975,28.3
19131,1976,25.7
19131,1977,37.7
19131,1978,36.8
19131,1979,31.8
19131,1980,29.0
19131,1981,31.5
19131,1982,34.0
19131,1983,36.4
19131,1984,30.9
19131,1985,31.9
19131,1986,40.3
19131,1987,43.7
19131,1988,29.0
19131,1989,37.8
19131,1990,43.6
19131,1991,42.2
19131,1992,41.0
19131,1993,22.1
19131,1994,44.6
19131,1995,49.7
19131,1996,44.4
19131,1997,46.5
19131,1998,50.8
19131,1999,47.8
19131,2000,48.3
19131,2001,35.4
19131,2002,49.6
19131,2003,31.2
19131,2004,43.8
19131,2005,53.6
19131,2006,52.5
19131,2007,53.5
19131,2008,45.0
19131,2009,45.5
19131,2010,54.2
19131,2011,51.0
19131,2012,42.5
19131,2013,40.8
19131,2014,49.2
19131,2015,59.7
19131,2016,61.0
19131,2017,54.4
19131,2018,55.6
19131,2019,49.8
19131,2020,59.4
19131,2021,62.5
19131,2022,64.6
19131,2023,46.9
19131,2024,62.0
19131,2025,62.4
19133,1951,18.5
19133,1952,21.1
19133,1953,19.4
19133,1954,21.8
19133,1955,13.7
19133,1956,16.3
19133,1957,25.5
19133,1958,25.7
19133,1959,21.6
19133,1960,20.0
19133,1961,21.1
19133,1962,21.9
19133,1963,28.5
19133,1964,26.7
19133,1965,23.6
19133,1966,28.1
19133,1967,21.2
19133,1968,26.3
19133,1969,32.0
19133,1970,20.6
19133,1971,30.5
19133,1972,33.0
19133,1973,32.0
19133,1974,22.1
19133,1975,33.4
19133,1976,22.5
19133,1977,38.2
19133,1978,35.6
19133,1979,34.0
19133,1980,26.5
19133,1981,37.3
19133,1982,36.4
19133,1983,26.2
19133,1984,25.0
19133,1985,37.0
19133,1986,40.1
19133,1987,39.5
19133,1988,32.0
19133,1989,38.2
19133,1990,36.6
19133,1991,31.0
19133,1992,44.2
19133,1993,33.7
19133,1994,50.1
19133,1995,35.7
19133,1996,41.3
19133,1997,41.8
19133,1998,43.0
19133,1999,41.4
19133,2000,37.6
19133,2001,43.9
19133,2002,42.3
19133,2003,35.7
19133,2004,42.9
19133,2005,42.3
19133,2006,46.3
19133,2007,48.5
19133,2008,44.5
19133,2009,53.5
19133,2010,48.7
19133,2011,45.4
19133,2012,36.3
19133,2013,52.5
19133,2014,47.2
19133,2015,52.4
19133,2016,56.1
19133,2017,57.1
19133,2018,55.3
19133,2019,55.8
19133,2020,56.0
19133,2021,61.8
19133,2022,48.6
19133,2023,50.9
19133,2024,55.2
19133,2025,62.0
19135,1951,15.7
19135,1952,25.6
19135,1953,17.0
19135,1954,20.9
19135,1955,21.1
19135,1956,22.8
19135,1957,25.4
19135,1958,25.8
19135,1959,22.2
19135,1960,22.0
19135,1961,22.2
19135,1962,25.5
19135,1963,28.9
19135,1964,25.3
19135,1965,24.9
19135,1966,25.4
19135,1967,17.5
19135,1968,29.3
19135,1969,23.2
19135,1970,31.1
19135,1971,30.0
19135,1972,32.4
19135,1973,24.5
19135,1974,17.2
19135,1975,28.4
19135,1976,29.8
19135,1977,31.7
19135,1978,28.0
19135,1979,34.1
19135,1980,33.8
19135,1981,36.2
19135,1982,26.0
19135,1983,23.7
19135,1984,23.9
19135,1985,34.0
19135,1986,36.9
19135,1987,39.5
19135,1988,23.2
19135,1989,28.5
19135,1990,33.4
19135,1991,38.0
19135,1992,37.0
19135,1993,28.4
19135,1994,48.1
19135,1995,30.5
19135,1996,37.0
19135,1997,45.0
19135,1998,41.1
19135,1999,35.2
19135,2000,38.5
19135,2001,40.0
19135,2002,40.7
19135,2003,24.0
19135,2004,48.3
19135,2005,48.5
19135,2006,40.6
19135,2007,49.3
19135,2008,33.5
19135,2009,47.0
19135,2010,44.8
19135,2011,42.4
19135,2012,32.9
19135,2013,29.0
19135,2014,48.9
19135,2015,50.9
19135,2016,57.3
19135,2017,51.0
19135,2018,50.4
19135,2019,56.1
19135,2020,45.4
19135,2021,59.3
19135,2022,47.4
19135,2023,50.9
19135,2024,56.3
19135,2025,59.0
19137,1951,18.5
19137,1952,27.3
19137,1953,24.1
19137,1954,25.6
19137,1955,18.5
19137,1956,21.3
19137,1957,27.1
19137,1958,29.7
19137,1959,26.0
19137,1960,29.3
19137,1961,28.8
19137,1962,30.4
19137,1963,34.2
19137,1964,29.3
19137,1965,29.6
19137,1966,32.9
19137,1967,29.2
19137,1968,32.9
19137,1969,36.2
19137,1970,31.0
19137,1971,33.2
19137,1972,38.0
19137,1973,32.0
19137,1974,29.5
19137,1975,31.5
19137,1976,29.2
19137,1977,34.4
19137,1978,35.4
19137,1979,37.5
19137,1980,35.6
19137,1981,39.4
19137,1982,31.9
19137,1983,28.3
19137,1984,21.9
19137,1985,36.7
19137,1986,41.9
19137,1987,38.0
19137,1988,28.4
19137,1989,36.5
19137,1990,38.2
19137,1991,41.9
19137,1992,43.6
19137,1993,31.5
19137,1994,47.6
19137,1995,29.1
19137,1996,40.3
19137,1997,44.8
19137,1998,43.9
19137,1999,40.2
19137,2000,42.2
19137,2001,44.2
19137,2002,45.6
19137,2003,30.3
19137,2004,51.5
19137,2005,48.3
19137,2006,50.6
19137,2007,51.9
19137,2008,38.0
19137,2009,56.0
19137,2010,49.7
19137,2011,45.9
19137,2012,42.6
19137,2013,45.9
19137,2014,50.0
19137,2015,51.0
19137,2016,57.8
19137,2017,56.2
19137,2018,51.8
19137,2019,58.3
19137,2020,49.2
19137,2021,63.0
19137,2022,54.8
19137,2023,54.6
19137,2024,61.6
19137,2025,62.7
19139,1951,24.1
19139,1952,26.5
19139,1953,17.7
19139,1954,25.1
19139,1955,20.0
19139,1956,20.4
19139,1957,22.9
19139,1958,27.9
19139,1959,25.2
19139,1960,21.5
19139,1961,28.4
19139,1962,25.0
19139,1963,28.1
19139,1964,31.0
19139,1965,28.8
19139,1966,27.6
19139,1967,30.8
19139,1968,31.9
19139,1969,36.8
19139,1970,34.5
19139,1971,34.7
19139,1972,35.0
19139,1973,33.0
19139,1974,28.4
19139,1975,35.8
19139,1976,34.5
19139,1977,36.9
19139,1978,35.4
19139,1979,38.8
19139,1980,42.2
19139,1981,43.0
19139,1982,38.1
19139,1983,35.5
19139,1984,35.3
19139,1985,38.6
19139,1986,40.5
19139,1987,39.0
19139,1988,28.0
19139,1989,40.0
19139,1990,44.1
19139,1991,37.0
19139,1992,41.9
19139,1993,36.7
19139,1994,51.7
19139,1995,43.2
19139,1996,40.7
19139,1997,46.9
19139,1998,49.5
19139,1999,46.9
19139,2000,41.9
19139,2001,45.8
19139,2002,49.3
19139,2003,35.2
19139,2004,51.9
19139,2005,45.3
19139,2006,49.0
19139,2007,50.0
19139,2008,44.5
19139,2009,51.5
19139,2010,48.9
19139,2011,56.7
19139,2012,52.1
19139,2013,47.1
19139,2014,56.7
19139,2015,56.2
19139,2016,60.8
19139,2017,60.3
19139,2018,61.7
19139,2019,55.2
19139,2020,55.6
19139,2021,62.6
19139,2022,65.5
19139,2023,62.4
19139,2024,62.6
19139,2025,67.3
19141,1951,16.8
19141,1952,23.8
19141,1953,25.5
19141,1954,29.5
19141,1955,21.0
19141,1956,18.6
19141,1957,28.9
19141,1958,22.7
19141,1959,29.2
19141,1960,28.2
19141,1961,30.1
19141,1962,29.1
19141,1963,31.1
19141,1964,29.3
19141,1965,23.8
19141,1966,31.5
19141,1967,23.5
19141,1968,22.3
19141,1969,37.7
19141,1970,28.0
19141,1971,34.7
19141,1972,42.0
19141,1973,40.0
19141,1974,27.9
19141,1975,37.2
19141,1976,34.0
19141,1977,40.4
19141,1978,38.8
19141,1979,39.9
19141,1980,39.6
19141,1981,40.7
19141,1982,34.6
19141,1983,36.8
19141,1984,36.1
19141,1985,36.9
19141,1986,41.6
19141,1987,44.2
19141,1988,43.1
19141,1989,44.4
19141,1990,42.4
19141,1991,46.7
19141,1992,44.3
19141,1993,23.2
19141,1994,47.4
19141,1995,47.1
19141,1996,48.3
19141,1997,48.1
19141,1998,50.7
19141,1999,52.3
19141,2000,49.7
19141,2001,49.5
19141,2002,48.4
19141,2003,40.6
19141,2004,48.6
19141,2005,57.0
19141,2006,57.4
19141,2007,54.8
19141,2008,53.5
19141,2009,53.0
19141,2010,52.9
19141,2011,55.4
19141,2012,50.5
19141,2013,57.3
19141,2014,55.7
19141,2015,62.6
19141,2016,63.9
19141,2017,62.3
19141,2018,59.9
19141,2019,56.0
19141,2020,62.0
19141,2021,66.4
19141,2022,59.4
19141,2023,65.4
19141,2024,56.4
19141,2025,63.7
19153,1951,26.1
19153,1952,29.1
19153,1953,23.8
19153,1954,28.6
19153,1955,20.7
19153,1956,18.7
19153,1957,28.2
19153,1958,28.9
19153,1959,25.5
19153,1960,27.7
19153,1961,28.4
19153,1962,28.0
19153,1963,30.7
19153,1964,29.0
19153,1965,25.4
19153,1966,27.9
19153,1967,25.7
19153,1968,31.6
19153,1969,32.6
19153,1970,35.2
19153,1971,31.8
19153,1972,36.0
19153,1973,34.0
19153,1974,23.0
19153,1975,30.0
19153,1976,31.1
19153,1977,30.3
19153,1978,36.9
19153,1979,37.9
19153,1980,40.5
19153,1981,43.3
19153,1982,38.3
19153,1983,37.3
19153,1984,31.0
19153,1985,35.4
19153,1986,40.4
19153,1987,46.3
19153,1988,25.7
19153,1989,40.8
19153,1990,40.3
19153,1991,40.4
19153,1992,44.9
19153,1993,34.4
19153,1994,54.4
19153,1995,50.4
19153,1996,45.0
19153,1997,46.7
19153,1998,45.8
19153,1999,44.5
19153,2000,41.9
19153,2001,43.1
19153,2002,47.1
19153,2003,32.5
19153,2004,49.9
19153,2005,51.1
19153,2006,50.3
19153,2007,51.7
19153,2008,44.5
19153,2009,53.5
19153,2010,46.1
19153,2011,52.8
19153,2012,49.7
19153,2013,42.6
19153,2014,49.8
19153,2015,52.4
19153,2016,55.2
19153,2017,57.1
19153,2018,53.4
19153,2019,51.0
19153,2020,50.2
19153,2021,64.6
19153,2022,54.1
19153,2023,61.2
19153,2024,61.7
19153,2025,64.7
19163,1951,27.3
19163,1952,31.4
19163,1953,25.7
19163,1954,29.0
19163,1955,28.9
19163,1956,30.1
19163,1957,30.7
19163,1958,30.4
19163,1959,29.2
19163,1960,27.3
19163,1961,33.5
19163,1962,33.5
19163,1963,33.4
19163,1964,34.0
19163,1965,33.7
19163,1966,34.3
19163,1967,35.2
19163,1968,36.1
19163,1969,39.0
19163,1970,35.4
19163,1971,38.7
19163,1972,38.0
19163,1973,36.8
19163,1974,27.5
19163,1975,40.7
19163,1976,38.4
19163,1977,41.4
19163,1978,40.0
19163,1979,42.9
19163,1980,44.2
19163,1981,45.9
19163,1982,43.0
19163,1983,41.9
19163,1984,42.3
19163,1985,45.1
19163,1986,46.9
19163,1987,47.8
19163,1988,35.9
19163,1989,47.4
19163,1990,48.1
19163,1991,50.6
19163,1992,47.5
19163,1993,42.9
19163,1994,56.8
19163,1995,50.5
19163,1996,49.8
19163,1997,52.7
19163,1998,55.7
19163,1999,56.4
19163,2000,49.3
19163,2001,53.6
19163,2002,54.0
19163,2003,37.7
19163,2004,52.2
19163,2005,51.0
19163,2006,55.1
19163,2007,52.2
19163,2008,51.0
19163,2009,54.0
19163,2010,52.4
19163,2011,64.0
19163,2012,49.7
19163,2013,54.2
19163,2014,59.7
19163,2015,61.1
19163,2016,64.4
19163,2017,63.4
19163,2018,63.7
19163,2019,60.5
19163,2020,61.0
19163,2021,68.1
19163,2022,69.1
19163,2023,66.3
19163,2024,70.1
19163,2025,67.7
19169,1951,23.0
19169,1952,29.1
19169,1953,23.3
19169,1954,28.4
19169,1955,22.0
19169,1956,18.1
19169,1957,29.4
19169,1958,28.1
19169,1959,29.2
19169,1960,28.9
19169,1961,30.4
19169,1962,29.9
19169,1963,32.4
19169,1964,30.2
19169,1965,27.3
19169,1966,28.6
19169,1967,30.9
19169,1968,34.7
19169,1969,33.8
19169,1970,36.9
19169,1971,34.6
19169,1972,39.0
19169,1973,37.0
19169,1974,25.4
19169,1975,34.6
19169,1976,32.6
19169,1977,22.2
19169,1978,41.5
19169,1979,39.1
19169,1980,42.2
19169,1981,44.2
19169,1982,38.6
19169,1983,39.8
19169,1984,32.8
19169,1985,37.2
19169,1986,40.1
19169,1987,47.5
19169,1988,24.1
19169,1989,41.6
19169,1990,41.1
19169,1991,40.3
19169,1992,46.9
19169,1993,32.0
19169,1994,53.1
19169,1995,50.0
19169,1996,47.3
19169,1997,46.4
19169,1998,47.5
19169,1999,44.8
19169,2000,43.3
19169,2001,42.9
19169,2002,46.4
19169,2003,32.1
19169,2004,50.0
19169,2005,58.5
19169,2006,51.5
19169,2007,54.0
19169,2008,46.5
19169,2009,52.5
19169,2010,48.4
19169,2011,51.7
19169,2012,48.9
19169,2013,40.4
19169,2014,46.9
19169,2015,51.0
19169,2016,58.4
19169,2017,57.9
19169,2018,52.8
19169,2019,50.0
19169,2020,52.2
19169,2021,63.6
19169,2022,60.0
19169,2023,64.1
19169,2024,63.2
19169,2025,63.6
19187,1951,23.7
19187,1952,26.6
19187,1953,23.8
19187,1954,28.1
19187,1955,21.1
19187,1956,18.3
19187,1957,30.3
19187,1958,27.2
19187,1959,29.5
19187,1960,27.2
19187,1961,30.8
19187,1962,28.6
19187,1963,31.1
19187,1964,30.1
19187,1965,25.9
19187,1966,31.2
19187,1967,32.0
19187,1968,36.6
19187,1969,30.0
19187,1970,34.7
19187,1971,32.9
19187,1972,36.0
19187,1973,37.0
19187,1974,30.2
19187,1975,35.8
19187,1976,31.6
19187,1977,34.8
19187,1978,42.7
19187,1979,40.0
19187,1980,42.7
19187,1981,44.9
19187,1982,39.4
19187,1983,38.2
19187,1984,34.2
19187,1985,38.9
19187,1986,42.5
19187,1987,44.9
19187,1988,27.9
19187,1989,45.1
19187,1990,38.3
19187,1991,40.3
19187,1992,45.4
19187,1993,27.0
19187,1994,51.8
19187,1995,51.5
19187,1996,47.1
19187,1997,46.0
19187,1998,45.7
19187,1999,45.5
19187,2000,46.1
19187,2001,43.4
19187,2002,50.0
19187,2003,35.4
19187,2004,48.1
19187,2005,51.1
19187,2006,49.2
19187,2007,51.1
19187,2008,47.5
19187,2009,48.0
19187,2010,45.5
19187,2011,51.9
19187,2012,46.7
19187,2013,39.1
19187,2014,52.4
19187,2015,54.9
19187,2016,58.4
19187,2017,57.9
19187,2018,51.1
19187,2019,49.1
19187,2020,50.4
19187,2021,64.6
19187,2022,57.5
19187,2023,60.0
19187,2024,59.8
19187,2025,61.5
19189,1951,16.7
19189,1952,23.3
19189,1953,22.8
19189,1954,25.2
19189,1955,20.8
19189,1956,24.5
19189,1957,24.6
19189,1958,20.5
19189,1959,26.9
19189,1960,23.8
19189,1961,28.5
19189,1962,25.1
19189,1963,26.5
19189,1964,28.4
19189,1965,25.6
19189,1966,29.6
19189,1967,28.4
19189,1968,30.1
19189,1969,31.6
19189,1970,33.9
19189,1971,30.0
19189,1972,33.0
19189,1973,35.0
19189,1974,25.9
19189,1975,33.0
19189,1976,32.0
19189,1977,37.2
19189,1978,29.9
19189,1979,31.1
19189,1980,33.2
19189,1981,28.1
19189,1982,34.6
19189,1983,33.2
19189,1984,31.4
19189,1985,32.2
19189,1986,37.7
19189,1987,39.2
19189,1988,34.5
19189,1989,36.0
19189,1990,40.6
19189,1991,32.8
19189,1992,39.8
19189,1993,21.9
19189,1994,43.0
19189,1995,42.8
19189,1996,39.3
19189,1997,43.6
19189,1998,47.2
19189,1999,40.4
19189,2000,46.9
19189,2001,37.2
19189,2002,47.7
19189,2003,35.5
19189,2004,42.0
19189,2005,53.4
19189,2006,53.0
19189,2007,55.1
19189,2008,46.5
19189,2009,50.0
19189,2010,51.5
19189,2011,47.3
19189,2012,47.7
19189,2013,38.8
19189,2014,47.6
19189,2015,59.4
19189,2016,62.5
19189,2017,59.9
19189,2018,51.8
19189,2019,54.2
19189,2020,60.8
19189,2021,61.6
19189,2022,64.4
19189,2023,60.7
19189,2024,53.8
19189,2025,59.9
19195,1951,14.9
19195,1952,20.1
19195,1953,20.2
19195,1954,23.0
19195,1955,18.4
19195,1956,20.6
19195,1957,22.5
19195,1958,19.3
19195,1959,23.5
19195,1960,21.6
19195,1961,25.8
19195,1962,21.4
19195,1963,26.6
19195,1964,21.9
19195,1965,22.2
19195,1966,25.6
19195,1967,25.5
19195,1968,26.8
19195,1969,29.2
19195,1970,33.2
19195,1971,28.0
19195,1972,32.0
19195,1973,32.0
19195,1974,24.5
19195,1975,30.1
19195,1976,28.0
19195,1977,35.5
19195,1978,37.8
19195,1979,36.9
19195,1980,31.3
19195,1981,28.0
19195,1982,34.8
19195,1983,36.6
19195,1984,32.3
19195,1985,32.5
19195,1986,39.2
19195,1987,42.5
19195,1988,33.0
19195,1989,39.5
19195,1990,42.8
19195,1991,36.3
19195,1992,39.8
19195,1993,23.1
19195,1994,43.1
19195,1995,46.5
19195,1996,42.2
19195,1997,44.3
19195,1998,49.1
19195,1999,42.1
19195,2000,47.4
19195,2001,38.0
19195,2002,50.9
19195,2003,33.0
19195,2004,40.9
19195,2005,52.7
19195,2006,48.6
19195,2007,52.0
19195,2008,45.5
19195,2009,42.5
19195,2010,52.7
19195,2011,47.8
19195,2012,45.6
19195,2013,41.1
19195,2014,49.8
19195,2015,59.4
19195,2016,58.2
19195,2017,54.8
19195,2018,53.7
19195,2019,51.0
19195,2020,58.2
19195,2021,60.1
19195,2022,62.0
19195,2023,51.0
19195,2024,56.6
19195,2025,58.0
19197,1951,19.7
19197,1952,25.1
19197,1953,24.5
19197,1954,28.9
19197,1955,21.6
19197,1956,20.8
19197,1957,28.1
19197,1958,25.9
19197,1959,29.6
19197,1960,26.1
19197,1961,28.3
19197,1962,27.4
19197,1963,31.2
19197,1964,31.1
19197,1965,26.2
19197,1966,31.8
19197,1967,30.0
19197,1968,34.7
19197,1969,33.6
19197,1970,34.4
19197,1971,34.1
19197,1972,37.0
19197,1973,35.0
19197,1974,31.2
19197,1975,37.8
19197,1976,33.2
19197,1977,38.0
19197,1978,38.3
19197,1979,38.2
19197,1980,38.2
19197,1981,41.3
19197,1982,38.5
19197,1983,36.6
19197,1984,34.0
19197,1985,36.8
19197,1986,41.8
19197,1987,43.7
19197,1988,35.3
19197,1989,44.8
19197,1990,43.7
19197,1991,37.4
19197,1992,44.9
19197,1993,25.3
19197,1994,47.6
19197,1995,47.8
19197,1996,44.4
19197,1997,42.8
19197,1998,46.5
19197,1999,43.0
19197,2000,42.8
19197,2001,39.7
19197,2002,47.1
19197,2003,34.0
19197,2004,49.2
19197,2005,51.1
19197,2006,52.3
19197,2007,51.4
19197,2008,46.5
19197,2009,52.0
19197,2010,41.7
19197,2011,53.5
19197,2012,45.4
19197,2013,43.5
19197,2014,42.7
19197,2015,59.0
19197,2016,58.8
19197,2017,57.9
19197,2018,52.6
19197,2019,54.1
19197,2020,55.9
19197,2021,61.0
19197,2022,60.6
19197,2023,60.8
19197,2024,55.5
19197,2025,59.0
27011,1951,13.0
27011,1952,11.0
27011,1953,18.0
27011,1954,16.0
27011,1955,15.0
27011,1956,16.0
27011,1957,10.0
27011,1958,12.0
27011,1959,9.0
27011,1960,15.0
27011,1961,19.0
27011,1962,9.0
27011,1963,22.0
27011,1964,14.0
27011,1965,15.0
27011,1966,19.0
27011,1967,13.0
27011,1968,15.0
27011,1969,16.0
27011,1970,16.0
27011,1971,17.0
27011,1972,15.0
27011,1973,21.0
27011,1974,15.0
27011,1975,18.4
27011,1976,7.0
27011,1977,24.7
27011,1978,24.8
27011,1979,27.5
27011,1980,24.0
27011,1981,27.0
27011,1982,27.0
27011,1983,32.0
27011,1984,30.0
27011,1985,31.0
27011,1986,33.0
27011,1987,31.0
27011,1988,14.0
27011,1989,34.0
27011,1990,34.0
27011,1991,38.0
27011,1992,25.0
27011,1993,19.0
27011,1994,29.0
27011,1995,29.0
27011,1996,32.0
27011,1997,35.0
27011,1998,37.0
27011,1999,39.0
27011,2000,39.0
27011,2001,34.0
27011,2002,39.0
27011,2003,27.0
27011,2004,33.0
27011,2005,43.0
27011,2006,40.0
27011,2007,39.0
27011,2008,36.0
27011,2009,39.0
27011,2010,41.1
27011,2011,33.4
27011,2012,44.1
27011,2013,39.1
27011,2014,42.5
27011,2015,46.9
27011,2016,51.3
27011,2017,45.5
27011,2018,51.5
27011,2019,42.1
27011,2020,47.7
27011,2021,49.6
27011,2022,41.0
27011,2023,49.7
27011,2024,37.7
27011,2025,44.7
27013,1951,22.0
27013,1952,24.0
27013,1953,23.0
27013,1954,25.0
27013,1955,24.0
27013,1956,25.0
27013,1957,27.0
27013,1958,20.0
27013,1959,23.0
27013,1960,20.0
27013,1961,27.0
27013,1962,23.0
27013,1963,26.0
27013,1964,26.0
27013,1965,22.0
27013,1966,29.0
27013,1967,24.0
27013,1968,25.0
27013,1969,29.0
27013,1970,31.0
27013,1971,26.0
27013,1972,32.0
27013,1973,34.6
27013,1974,24.0
27013,1975,31.2
27013,1976,31.0
27013,1977,40.9
27013,1978,39.8
27013,1979,37.0
27013,1980,34.0
27013,1981,23.6
27013,1982,37.8
27013,1983,36.0
27013,1984,38.0
27013,1985,37.0
27013,1986,40.0
27013,1987,44.0
27013,1988,33.0
27013,1989,43.0
27013,1990,41.0
27013,1991,30.0
27013,1992,39.0
27013,1993,31.0
27013,1994,44.0
27013,1995,43.0
27013,1996,42.0
27013,1997,43.0
27013,1998,49.0
27013,1999,45.0
27013,2000,45.0
27013,2001,38.0
27013,2002,50.0
27013,2003,35.0
27013,2004,43.0
27013,2005,53.0
27013,2006,55.0
27013,2007,49.0
27013,2008,43.5
27013,2009,47.0
27013,2010,48.1
27013,2011,47.6
27013,2012,50.7
27013,2013,49.4
27013,2014,43.2
27013,2015,59.8
27013,2016,58.8
27013,2017,58.0
27013,2018,52.9
27013,2019,51.0
27013,2020,60.3
27013,2021,61.9
27013,2022,62.5
27013,2023,60.6
27013,2024,50.9
27013,2025,62.5
27015,1951,20.0
27015,1952,20.0
27015,1953,21.0
27015,1954,23.0
27015,1955,22.0
27015,1956,22.0
27015,1957,26.0
27015,1958,19.0
27015,1959,21.0
27015,1960,22.0
27015,1961,26.0
27015,1962,21.0
27015,1963,26.0
27015,1964,26.0
27015,1965,19.0
27015,1966,26.0
27015,1967,23.0
27015,1968,24.0
27015,1969,26.0
27015,1970,28.0
27015,1971,25.0
27015,1972,30.0
27015,1973,29.0
27015,1974,23.5
27015,1975,26.4
27015,1976,20.0
27015,1977,37.0
27015,1978,39.4
27015,1979,32.0
27015,1980,35.0
27015,1981,28.3
27015,1982,38.7
27015,1983,36.0
27015,1984,37.0
27015,1985,37.0
27015,1986,38.0
27015,1987,42.0
27015,1988,24.0
27015,1989,42.0
27015,1990,42.0
27015,1991,37.0
27015,1992,38.0
27015,1993,25.0
27015,1994,44.0
27015,1995,44.0
27015,1996,44.0
27015,1997,43.0
27015,1998,42.0
27015,1999,45.0
27015,2000,45.0
27015,2001,42.0
27015,2002,45.0
27015,2003,35.0
27015,2004,41.0
27015,2005,52.0
27015,2006,52.0
27015,2007,48.0
27015,2008,44.5
27015,2009,44.5
27015,2010,51.3
27015,2011,42.0
27015,2012,43.2
27015,2013,47.1
27015,2014,48.6
27015,2015,56.5
27015,2016,53.2
27015,2017,54.8
27015,2018,51.9
27015,2019,47.1
27015,2020,62.1
27015,2021,59.8
27015,2022,56.5
27015,2023,54.3
27015,2024,48.9
27015,2025,61.1
27019,1951,18.0
27019,1952,24.0
27019,1953,22.0
27019,1954,23.0
27019,1955,26.0
27019,1956,18.0
27019,1957,26.0
27019,1958,21.0
27019,1959,25.0
27019,1960,24.0
27019,1961,27.0
27019,1962,20.0
27019,1963,25.0
27019,1964,23.0
27019,1965,17.0
27019,1966,26.0
27019,1967,21.0
27019,1968,26.0
27019,1969,22.0
27019,1970,28.0
27019,1971,25.0
27019,1972,22.0
27019,1973,26.0
27019,1974,21.0
27019,1975,26.4
27019,1976,23.5
27019,1977,37.1
27019,1978,36.1
27019,1979,37.0
27019,1980,33.0
27019,1981,42.0
27019,1982,35.0
27019,1983,38.0
27019,1984,38.0
27019,1985,32.0
27019,1986,36.0
27019,1987,40.0
27019,1988,22.0
27019,1989,41.0
27019,1990,42.0
27019,1991,41.0
27019,1992,31.0
27019,1993,29.0
27019,1994,38.0
27019,1995,44.0
27019,1996,41.0
27019,1997,40.0
27019,1998,51.0
27019,1999,50.0
27019,2000,50.0
27019,2001,41.0
27019,2002,49.0
27019,2003,31.0
27019,2004,37.0
27019,2005,49.0
27019,2006,51.0
27019,2007,48.0
27019,2008,42.5
27019,2009,46.5
27019,2010,51.6
27019,2011,36.8
27019,2012,49.5
27019,2013,41.7
27019,2014,34.3
27019,2015,58.5
27019,2016,58.1
27019,2017,53.5
27019,2018,54.5
27019,2019,51.7
27019,2020,58.4
27019,2021,57.6
27019,2022,59.5
27019,2023,57.8
27019,2024,52.3
27019,2025,58.0
27033,1951,16.0
27033,1952,20.0
27033,1953,19.0
27033,1954,21.0
27033,1955,19.0
27033,1956,19.0
27033,1957,22.0
27033,1958,19.0
27033,1959,18.0
27033,1960,21.0
27033,1961,24.0
27033,1962,21.0
27033,1963,25.0
27033,1964,24.0
27033,1965,17.0
27033,1966,24.0
27033,1967,22.0
27033,1968,21.0
27033,1969,28.0
27033,1970,28.0
27033,1971,24.0
27033,1972,32.0
27033,1973,27.0
27033,1974,23.5
27033,1975,27.6
27033,1976,24.5
27033,1977,39.9
27033,1978,39.9
27033,1979,31.0
27033,1980,35.0
27033,1981,36.0
27033,1982,38.3
27033,1983,32.0
27033,1984,37.0
27033,1985,33.0
27033,1986,36.0
27033,1987,41.0
27033,1988,29.0
27033,1989,40.0
27033,1990,43.0
27033,1991,34.0
27033,1992,36.0
27033,1993,19.0
27033,1994,42.0
27033,1995,43.0
27033,1996,43.0
27033,1997,42.0
27033,1998,46.0
27033,1999,43.0
27033,2000,42.0
27033,2001,38.0
27033,2002,47.0
27033,2003,35.0
27033,2004,40.0
27033,2005,50.0
27033,2006,49.0
27033,2007,48.0
27033,2008,43.0
27033,2009,47.0
27033,2010,46.5
27033,2011,44.1
27033,2012,44.4
27033,2013,49.5
27033,2014,50.5
27033,2015,56.8
27033,2016,59.3
27033,2017,56.5
27033,2018,51.8
27033,2019,47.3
27033,2020,59.0
27033,2021,56.2
27033,2022,53.1
27033,2023,54.8
27033,2024,47.9
27033,2025,61.4
27039,1951,14.0
27039,1952,18.0
27039,1953,20.0
27039,1954,20.0
27039,1955,20.0
27039,1956,23.0
27039,1957,24.0
27039,1958,17.0
27039,1959,24.0
27039,1960,15.0
27039,1961,25.0
27039,1962,18.0
27039,1963,23.0
27039,1964,17.0
27039,1965,20.0
27039,1966,23.0
27039,1967,21.0
27039,1968,21.0
27039,1969,24.0
27039,1970,24.0
27039,1971,20.0
27039,1972,27.0
27039,1973,26.0
27039,1974,20.0
27039,1975,21.8
27039,1976,17.5
27039,1977,34.6
27039,1978,33.0
27039,1979,32.5
27039,1980,36.0
27039,1981,36.0
27039,1982,32.0
27039,1983,35.0
27039,1984,33.0
27039,1985,29.0
27039,1986,37.0
27039,1987,42.0
27039,1988,33.0
27039,1989,39.0
27039,1990,35.0
27039,1991,35.0
27039,1992,33.0
27039,1993,22.0
27039,1994,43.0
27039,1995,47.0
27039,1996,39.0
27039,1997,43.0
27039,1998,48.0
27039,1999,44.0
27039,2000,47.0
27039,2001,42.0
27039,2002,52.0
27039,2003,33.0
27039,2004,41.0
27039,2005,54.0
27039,2006,53.0
27039,2007,51.0
27039,2008,40.5
27039,2009,44.0
27039,2010,51.9
27039,2011,48.3
27039,2012,54.2
27039,2013,47.0
27039,2014,51.5
27039,2015,60.6
27039,2016,58.7
27039,2017,54.9
27039,2018,57.4
27039,2019,48.7
27039,2020,60.0
27039,2021,60.1
27039,2022,61.9
27039,2023,51.1
27039,2024,54.2
27039,2025,63.8
27045,1951,12.0
27045,1952,17.0
27045,1953,19.0
27045,1954,22.0
27045,1955,16.0
27045,1956,22.0
27045,1957,26.0
27045,1958,20.0
27045,1959,23.0
27045,1960,17.0
27045,1961,26.0
27045,1962,20.0
27045,1963,26.0
27045,1964,17.0
27045,1965,20.0
27045,1966,23.0
27045,1967,19.0
27045,1968,23.0
27045,1969,27.0
27045,1970,30.0
27045,1971,24.0
27045,1972,29.0
27045,1973,27.0
27045,1974,19.5
27045,1975,24.3
27045,1976,24.0
27045,1977,36.1
27045,1978,34.5
27045,1979,31.0
27045,1980,31.0
27045,1981,34.0
27045,1982,31.0
27045,1983,32.0
27045,1984,31.0
27045,1985,27.0
27045,1986,35.0
27045,1987,42.0
27045,1988,27.0
27045,1989,40.0
27045,1990,40.0
27045,1991,43.0
27045,1992,31.0
27045,1993,28.0
27045,1994,44.0
27045,1995,48.0
27045,1996,41.0
27045,1997,46.0
27045,1998,47.0
27045,1999,46.0
27045,2000,46.0
27045,2001,34.0
27045,2002,51.0
27045,2003,33.0
27045,2004,41.0
27045,2005,57.0
27045,2006,52.0
27045,2007,50.0
27045,2008,42.0
27045,2009,44.0
27045,2010,54.0
27045,2011,48.4
27045,2012,52.4
27045,2013,44.9
27045,2014,52.1
27045,2015,56.3
27045,2016,57.8
27045,2017,54.3
27045,2018,53.4
27045,2019,51.6
27045,2020,56.2
27045,2021,62.1
27045,2022,61.1
27045,2023,49.3
27045,2024,56.8
27045,2025,62.8
27047,1951,18.0
27047,1952,21.0
27047,1953,23.0
27047,1954,24.0
27047,1955,21.0
27047,1956,24.0
27047,1957,25.0
27047,1958,20.0
27047,1959,25.0
27047,1960,20.0
27047,1961,28.0
27047,1962,24.0
27047,1963,27.0
27047,1964,23.0
27047,1965,24.0
27047,1966,27.0
27047,1967,25.0
27047,1968,23.0
27047,1969,28.0
27047,1970,31.0
27047,1971,25.0
27047,1972,32.0
27047,1973,30.0
27047,1974,25.5
27047,1975,27.2
27047,1976,29.6
27047,1977,40.5
27047,1978,36.6
27047,1979,36.0
27047,1980,28.0
27047,1981,28.3
27047,1982,36.7
27047,1983,34.0
27047,1984,35.0
27047,1985,34.0
27047,1986,41.0
27047,1987,44.0
27047,1988,35.0
27047,1989,43.0
27047,1990,41.0
27047,1991,37.0
27047,1992,36.0
27047,1993,24.0
27047,1994,44.0
27047,1995,46.0
27047,1996,42.0
27047,1997,45.0
27047,1998,46.0
27047,1999,41.0
27047,2000,45.0
27047,2001,37.0
27047,2002,51.0
27047,2003,36.0
27047,2004,38.0
27047,2005,54.0
27047,2006,52.0
27047,2007,52.0
27047,2008,43.5
27047,2009,42.5
27047,2010,49.1
27047,2011,45.8
27047,2012,47.9
27047,2013,42.8
27047,2014,49.2
27047,2015,58.6
27047,2016,59.2
27047,2017,56.0
27047,2018,51.8
27047,2019,49.9
27047,2020,58.5
27047,2021,60.4
27047,2022,60.0
27047,2023,50.1
27047,2024,53.5
27047,2025,57.2
27059,1951,12.0
27059,1952,13.0
27059,1953,16.0
27059,1954,15.0
27059,1955,13.0
27059,1956,12.0
27059,1957,16.0
27059,1958,12.0
27059,1959,16.0
27059,1960,11.0
27059,1961,15.0
27059,1962,15.0
27059,1963,17.0
27059,1964,14.0
27059,1965,11.0
27059,1966,14.0
27059,1967,14.0
27059,1968,16.0
27059,1969,11.0
27059,1970,20.0
27059,1971,14.0
27059,1972,20.0
27059,1973,25.0
27059,1974,11.5
27059,1975,21.0
27059,1976,10.5
27059,1977,23.4
27059,1978,26.6
27059,1979,27.5
27059,1980,25.0
27059,1981,22.0
27059,1982,22.0
27059,1983,29.0
27059,1984,22.0
27059,1985,24.0
27059,1986,31.0
27059,1987,31.0
27059,1988,23.0
27059,1989,25.0
27059,1990,30.0
27059,1991,28.0
27059,1992,15.0
27059,1993,26.0
27059,1994,32.0
27059,1995,33.0
27059,1996,21.0
27059,1997,27.0
27059,1998,33.0
27059,1999,33.0
27059,2000,27.0
27059,2001,26.0
27059,2002,34.0
27059,2003,19.0
27059,2004,22.0
27059,2005,30.0
27059,2006,30.0
27059,2007,21.0
27059,2008,25.0
27059,2009,25.5
27059,2010,37.2
27059,2011,31.9
27059,2012,32.1
27059,2013,25.4
27059,2014,21.5
27059,2015,43.8
27059,2016,43.3
27059,2017,36.8
27059,2018,36.7
27059,2019,30.9
27059,2020,41.9
27059,2021,36.5
27059,2022,41.9
27059,2023,44.8
27059,2024,35.5
27059,2025,44.4
27063,1951,16.0
27063,1952,19.0
27063,1953,20.0
27063,1954,23.0
27063,1955,20.0
27063,1956,21.0
27063,1957,26.0
27063,1958,19.0
27063,1959,21.0
27063,1960,24.0
27063,1961,26.0
27063,1962,24.0
27063,1963,27.0
27063,1964,27.0
27063,1965,18.0
27063,1966,27.0
27063,1967,22.0
27063,1968,25.0
27063,1969,31.0
27063,1970,32.0
27063,1971,28.0
27063,1972,33.0
27063,1973,28.0
27063,1974,26.0
27063,1975,34.3
27063,1976,25.0
27063,1977,34.7
27063,1978,38.8
27063,1979,34.0
27063,1980,36.0
27063,1981,36.0
27063,1982,39.3
27063,1983,33.0
27063,1984,34.0
27063,1985,34.0
27063,1986,36.0
27063,1987,42.0
27063,1988,34.0
27063,1989,41.0
27063,1990,44.0
27063,1991,33.0
27063,1992,36.0
27063,1993,20.0
27063,1994,40.0
27063,1995,42.0
27063,1996,43.0
27063,1997,41.0
27063,1998,44.0
27063,1999,42.0
27063,2000,42.0
27063,2001,36.0
27063,2002,46.0
27063,2003,39.0
27063,2004,39.0
27063,2005,55.0
27063,2006,49.0
27063,2007,49.0
27063,2008,42.5
27063,2009,49.0
27063,2010,48.7
27063,2011,45.7
27063,2012,48.0
27063,2013,47.1
27063,2014,46.9
27063,2015,56.7
27063,2016,56.9
27063,2017,55.9
27063,2018,49.3
27063,2019,46.7
27063,2020,54.3
27063,2021,57.8
27063,2022,56.2
27063,2023,54.1
27063,2024,42.0
27063,2025,59.4
27085,1951,20.0
27085,1952,23.0
27085,1953,20.0
27085,1954,21.0
27085,1955,24.0
27085,1956,25.0
27085,1957,26.0
27085,1958,20.0
27085,1959,25.0
27085,1960,26.0
27085,1961,26.0
27085,1962,21.0
27085,1963,27.0
27085,1964,24.0
27085,1965,19.0
27085,1966,27.0
27085,1967,17.0
27085,1968,25.0
27085,1969,24.0
27085,1970,26.0
27085,1971,23.0
27085,1972,27.0
27085,1973,29.0
27085,1974,19.0
27085,1975,28.5
27085,1976,21.4
27085,1977,36.8
27085,1978,39.1
27085,1979,37.0
27085,1980,33.0
27085,1981,33.0
27085,1982,37.0
27085,1983,37.0
27085,1984,37.0
27085,1985,33.0
27085,1986,32.0
27085,1987,40.0
27085,1988,29.0
27085,1989,40.0
27085,1990,38.0
27085,1991,40.0
27085,1992,33.0
27085,1993,27.0
27085,1994,42.0
27085,1995,44.0
27085,1996,38.0
27085,1997,36.0
27085,1998,47.0
27085,1999,48.0
27085,2000,46.0
27085,2001,39.0
27085,2002,44.0
27085,2003,28.0
27085,2004,34.0
27085,2005,46.0
27085,2006,52.0
27085,2007,45.0
27085,2008,43.5
27085,2009,43.5
27085,2010,48.9
27085,2011,35.4
27085,2012,47.6
27085,2013,43.3
27085,2014,32.6
27085,2015,52.5
27085,2016,51.5
27085,2017,48.9
27085,2018,50.3
27085,2019,47.8
27085,2020,53.7
27085,2021,53.1
27085,2022,54.3
27085,2023,48.4
27085,2024,43.5
27085,2025,55.9
27129,1951,19.0
27129,1952,20.0
27129,1953,22.0
27129,1954,23.0
27129,1955,22.0
27129,1956,22.0
27129,1957,21.0
27129,1958,20.0
27129,1959,22.0
27129,1960,24.0
27129,1961,22.0
27129,1962,21.0
27129,1963,26.0
27129,1964,22.0
27129,1965,20.0
27129,1966,26.0
27129,1967,22.0
27129,1968,22.0
27129,1969,25.0
27129,1970,26.0
27129,1971,21.0
27129,1972,26.0
27129,1973,30.0
27129,1974,23.0
27129,1975,27.8
27129,1976,20.8
27129,1977,37.2
27129,1978,36.6
27129,1979,30.0
27129,1980,32.0
27129,1981,34.0
27129,1982,37.3
27129,1983,38.0
27129,1984,38.0
27129,1985,35.0
27129,1986,34.0
27129,1987,43.0
27129,1988,23.0
27129,1989,40.0
27129,1990,43.0
27129,1991,40.0
27129,1992,34.0
27129,1993,22.0
27129,1994,44.0
27129,1995,44.0
27129,1996,41.0
27129,1997,40.0
27129,1998,45.0
27129,1999,47.0
27129,2000,45.0
27129,2001,39.0
27129,2002,48.0
27129,2003,33.0
27129,2004,34.0
27129,2005,50.0
27129,2006,53.0
27129,2007,45.0
27129,2008,44.0
27129,2009,46.0
27129,2010,51.8
27129,2011,37.0
27129,2012,45.8
27129,2013,49.3
27129,2014,42.2
27129,2015,55.3
27129,2016,54.8
27129,2017,52.5
27129,2018,54.3
27129,2019,49.5
27129,2020,53.2
27129,2021,52.2
27129,2022,53.6
27129,2023,53.3
27129,2024,44.8
27129,2025,57.6
27143,1951,19.0
27143,1952,19.0
27143,1953,22.0
27143,1954,22.0
27143,1955,25.0
27143,1956,24.0
27143,1957,24.0
27143,1958,20.0
27143,1959,25.0
27143,1960,25.0
27143,1961,28.0
27143,1962,20.0
27143,1963,26.0
27143,1964,24.0
27143,1965,17.0
27143,1966,28.0
27143,1967,25.0
27143,1968,25.0
27143,1969,27.0
27143,1970,28.0
27143,1971,27.0
27143,1972,31.0
27143,1973,32.0
27143,1974,21.0
27143,1975,29.8
27143,1976,24.2
27143,1977,40.1
27143,1978,39.2
27143,1979,35.0
27143,1980,32.0
27143,1981,36.0
27143,1982,37.0
27143,1983,32.0
27143,1984,38.0
27143,1985,36.0
27143,1986,34.0
27143,1987,41.0
27143,1988,27.0
27143,1989,41.0
27143,1990,42.0
27143,1991,40.0
27143,1992,37.0
27143,1993,28.0
27143,1994,43.0
27143,1995,47.0
27143,1996,43.0
27143,1997,38.0
27143,1998,47.0
27143,1999,48.0
27143,2000,47.0
27143,2001,41.0
27143,2002,47.0
27143,2003,30.0
27143,2004,37.0
27143,2005,51.0
27143,2006,56.0
27143,2007,49.0
27143,2008,45.5
27143,2009,46.0
27143,2010,52.2
27143,2011,38.7
27143,2012,43.0
27143,2013,47.0
27143,2014,40.5
27143,2015,55.7
27143,2016,57.4
27143,2017,54.6
27143,2018,54.6
27143,2019,49.8
27143,2020,56.9
27143,2021,60.3
27143,2022,58.2
27143,2023,52.7
27143,2024,46.4
27143,2025,60.1
27147,1951,18.0
27147,1952,21.0
27147,1953,23.0
27147,1954,22.0
27147,1955,20.0
27147,1956,25.0
27147,1957,27.0
27147,1958,19.0
27147,1959,24.0
27147,1960,18.0
27147,1961,27.0
27147,1962,21.0
27147,1963,26.0
27147,1964,22.0
27147,1965,23.0
27147,1966,29.0
27147,1967,22.0
27147,1968,25.0
27147,1969,28.0
27147,1970,29.0
27147,1971,24.0
27147,1972,31.0
27147,1973,32.6
27147,1974,24.5
27147,1975,27.1
27147,1976,25.8
27147,1977,39.3
27147,1978,39.1
27147,1979,35.5
27147,1980,34.0
27147,1981,34.9
27147,1982,33.0
27147,1983,34.0
27147,1984,34.0
27147,1985,32.0
27147,1986,39.0
27147,1987,44.0
27147,1988,31.0
27147,1989,41.0
27147,1990,40.0
27147,1991,39.0
27147,1992,33.0
27147,1993,23.0
27147,1994,44.0
27147,1995,46.0
27147,1996,39.0
27147,1997,42.0
27147,1998,49.0
27147,1999,43.0
27147,2000,46.0
27147,2001,40.0
27147,2002,51.0
27147,2003,31.0
27147,2004,38.0
27147,2005,53.0
27147,2006,52.0
27147,2007,52.0
27147,2008,41.5
27147,2009,43.0
27147,2010,51.6
27147,2011,41.6
27147,2012,50.3
27147,2013,44.5
27147,2014,48.1
27147,2015,58.0
27147,2016,59.2
27147,2017,55.9
27147,2018,53.7
27147,2019,46.6
27147,2020,60.6
27147,2021,61.9
27147,2022,63.0
27147,2023,53.5
27147,2024,48.9
27147,2025,62.8
27149,1951,16.0
27149,1952,14.0
27149,1953,18.0
27149,1954,17.0
27149,1955,16.0
27149,1956,16.0
27149,1957,16.0
27149,1958,12.0
27149,1959,10.0
27149,1960,16.0
27149,1961,18.0
27149,1962,12.0
27149,1963,24.0
27149,1964,12.0
27149,1965,15.0
27149,1966,18.0
27149,1967,14.0
27149,1968,16.0
27149,1969,18.0
27149,1970,17.0
27149,1971,18.0
27149,1972,17.0
27149,1973,26.0
27149,1974,18.5
27149,1975,23.2
27149,1976,10.9
27149,1977,26.1
27149,1978,28.9
27149,1979,28.5
27149,1980,29.0
27149,1981,33.0
27149,1982,33.0
27149,1983,33.0
27149,1984,34.0
27149,1985,29.0
27149,1986,32.0
27149,1987,33.0
27149,1988,16.0
27149,1989,36.0
27149,1990,34.0
27149,1991,40.0
27149,1992,26.0
27149,1993,23.0
27149,1994,33.0
27149,1995,39.0
27149,1996,34.0
27149,1997,39.0
27149,1998,40.0
27149,1999,41.0
27149,2000,42.0
27149,2001,39.0
27149,2002,43.0
27149,2003,34.0
27149,2004,33.0
27149,2005,41.0
27149,2006,39.0
27149,2007,41.0
27149,2008,38.0
27149,2009,36.5
27149,2010,44.8
27149,2011,37.5
27149,2012,47.2
27149,2013,41.9
27149,2014,47.1
27149,2015,47.3
27149,2016,52.2
27149,2017,46.4
27149,2018,51.2
27149,2019,43.1
27149,2020,48.3
27149,2021,45.7
27149,2022,45.4
27149,2023,48.2
27149,2024,42.6
27149,2025,42.4
27151,1951,16.0
27151,1952,13.0
27151,1953,17.0
27151,1954,16.0
27151,1955,16.0
27151,1956,17.0
27151,1957,16.0
27151,1958,13.0
27151,1959,14.0
27151,1960,16.0
27151,1961,18.0
27151,1962,15.0
27151,1963,25.0
27151,1964,14.0
27151,1965,15.0
27151,1966,20.0
27151,1967,14.0
27151,1968,19.0
27151,1969,18.0
27151,1970,21.0
27151,1971,17.0
27151,1972,18.0
27151,1973,27.0
27151,1974,18.5
27151,1975,26.6
27151,1976,13.3
27151,1977,27.1
27151,1978,30.9
27151,1979,28.0
27151,1980,26.0
27151,1981,31.0
27151,1982,35.0
27151,1983,34.0
27151,1984,33.0
27151,1985,29.0
27151,1986,30.0
27151,1987,33.0
27151,1988,19.0
27151,1989,33.0
27151,1990,36.0
27151,1991,38.0
27151,1992,28.0
27151,1993,22.0
27151,1994,37.0
27151,1995,32.0
27151,1996,36.0
27151,1997,36.0
27151,1998,39.0
27151,1999,41.0
27151,2000,39.0
27151,2001,37.0
27151,2002,42.0
27151,2003,31.0
27151,2004,30.0
27151,2005,44.0
27151,2006,42.0
27151,2007,39.0
27151,2008,39.0
27151,2009,40.0
27151,2010,46.8
27151,2011,38.4
27151,2012,46.9
27151,2013,38.5
27151,2014,43.8
27151,2015,49.6
27151,2016,55.5
27151,2017,46.3
27151,2018,53.8
27151,2019,42.8
27151,2020,51.2
27151,2021,50.2
27151,2022,46.6
27151,2023,47.4
27151,2024,43.5
27151,2025,47.5
27161,1951,19.0
27161,1952,23.0
27161,1953,23.0
27161,1954,24.0
27161,1955,22.0
27161,1956,23.0
27161,1957,29.0
27161,1958,19.0
27161,1959,25.0
27161,1960,19.0
27161,1961,26.0
27161,1962,23.0
27161,1963,27.0
27161,1964,27.0
27161,1965,23.0
27161,1966,30.0
27161,1967,25.0
27161,1968,24.0
27161,1969,28.0
27161,1970,32.0
27161,1971,27.0
27161,1972,33.0
27161,1973,37.0
27161,1974,22.5
27161,1975,31.2
27161,1976,30.8
27161,1977,43.6
27161,1978,39.9
27161,1979,36.5
27161,1980,34.0
27161,1981,32.0
27161,1982,36.9
27161,1983,36.0
27161,1984,37.0
27161,1985,36.0
27161,1986,40.0
27161,1987,43.0
27161,1988,35.0
27161,1989,42.0
27161,1990,41.0
27161,1991,36.0
27161,1992,38.0
27161,1993,26.0
27161,1994,44.0
27161,1995,45.0
27161,1996,41.0
27161,1997,43.0
27161,1998,48.0
27161,1999,45.0
27161,2000,46.0
27161,2001,41.0
27161,2002,51.0
27161,2003,36.0
27161,2004,41.0
27161,2005,55.0
27161,2006,55.0
27161,2007,52.0
27161,2008,45.5
27161,2009,47.5
27161,2010,51.2
27161,2011,45.8
27161,2012,51.6
27161,2013,48.4
27161,2014,43.2
27161,2015,60.1
27161,2016,61.0
27161,2017,56.9
27161,2018,58.9
27161,2019,52.4
27161,2020,64.4
27161,2021,67.4
27161,2022,60.5
27161,2023,60.7
27161,2024,49.8
27161,2025,57.6
27163,1951,16.0
27163,1952,17.0
27163,1953,23.0
27163,1954,18.0
27163,1955,20.0
27163,1956,22.0
27163,1957,23.0
27163,1958,15.0
27163,1959,22.0
27163,1960,17.0
27163,1961,18.0
27163,1962,16.0
27163,1963,18.0
27163,1964,16.0
27163,1965,16.0
27163,1966,20.0
27163,1967,14.0
27163,1968,21.0
27163,1969,16.0
27163,1970,24.0
27163,1971,21.0
27163,1972,26.0
27163,1973,27.0
27163,1974,17.0
27163,1975,21.0
27163,1976,17.0
27163,1977,32.5
27163,1978,34.4
27163,1979,35.5
27163,1980,31.0
27163,1981,35.0
27163,1982,23.0
27163,1983,33.0
27163,1984,34.0
27163,1985,31.0
27163,1986,35.0
27163,1987,39.0
27163,1988,17.0
27163,1989,36.0
27163,1990,38.0
27163,1991,40.0
27163,1992,30.0
27163,1993,39.0
27163,1994,40.0
27163,1995,41.0
27163,1996,34.0
27163,1997,39.0
27163,1998,41.0
27163,1999,43.0
27163,2000,42.0
27163,2001,30.0
27163,2002,44.0
27163,2003,20.0
27163,2004,28.0
27163,2005,46.0
27163,2006,48.0
27163,2007,31.0
27163,2008,32.0
27163,2009,46.5
27163,2010,47.8
27163,2011,43.7
27163,2012,36.4
27163,2013,26.2
27163,2014,42.6
27163,2015,53.6
27163,2016,58.7
27163,2017,47.7
27163,2018,49.4
27163,2019,51.0
27163,2020,51.8
27163,2021,51.1
27163,2022,45.5
27163,2023,51.4
27163,2024,51.4
27163,2025,55.7
27165,1951,18.0
27165,1952,20.0
27165,1953,20.0
27165,1954,22.0
27165,1955,23.0
27165,1956,22.0
27165,1957,24.0
27165,1958,20.0
27165,1959,20.0
27165,1960,22.0
27165,1961,26.0
27165,1962,23.0
27165,1963,25.0
27165,1964,25.0
27165,1965,21.0
27165,1966,30.0
27165,1967,25.0
27165,1968,23.0
27165,1969,29.0
27165,1970,31.0
27165,1971,27.0
27165,1972,34.0
27165,1973,34.0
27165,1974,28.0
27165,1975,31.0
27165,1976,28.1
27165,1977,39.7
27165,1978,42.1
27165,1979,34.5
27165,1980,34.0
27165,1981,29.2
27165,1982,41.1
27165,1983,36.0
27165,1984,40.0
27165,1985,39.0
27165,1986,41.0
27165,1987,43.0
27165,1988,30.0
27165,1989,41.0
27165,1990,45.0
27165,1991,28.0
27165,1992,39.0
27165,1993,28.0
27165,1994,43.0
27165,1995,46.0
27165,1996,43.0
27165,1997,43.0
27165,1998,45.0
27165,1999,44.0
27165,2000,43.0
27165,2001,39.0
27165,2002,48.0
27165,2003,36.0
27165,2004,44.0
27165,2005,54.0
27165,2006,52.0
27165,2007,48.0
27165,2008,44.0
27165,2009,48.0
27165,2010,48.3
27165,2011,45.0
27165,2012,48.9
27165,2013,53.5
27165,2014,52.3
27165,2015,59.0
27165,2016,58.5
27165,2017,60.9
27165,2018,52.5
27165,2019,48.1
27165,2020,61.8
27165,2021,62.7
27165,2022,60.7
27165,2023,56.4
27165,2024,52.0
27165,2025,60.7
29011,1951,13.7
29011,1952,11.7
29011,1953,5.0
29011,1954,3.7
29011,1955,12.7
29011,1956,10.5
29011,1957,11.0
29011,1958,18.8
29011,1959,18.7
29011,1960,17.4
29011,1961,19.3
29011,1962,14.1
29011,1963,14.7
29011,1964,19.3
29011,1965,18.5
29011,1966,23.6
29011,1967,18.9
29011,1968,28.1
29011,1969,26.0
29011,1970,17.0
29011,1971,20.0
29011,1972,25.0
29011,1973,20.0
29011,1974,20.4
29011,1975,22.7
29011,1976,17.9
29011,1977,24.5
29011,1978,25.1
29011,1979,26.8
29011,1980,11.7
29011,1981,24.6
29011,1982,27.8
29011,1983,16.4
29011,1984,10.8
29011,1985,29.0
29011,1986,28.2
29011,1987,29.7
29011,1988,28.1
29011,1989,30.1
29011,1990,23.2
29011,1991,18.6
29011,1992,29.4
29011,1993,24.9
29011,1994,38.1
29011,1995,22.2
29011,1996,30.7
29011,1997,32.9
29011,1998,27.0
29011,1999,24.6
29011,2000,15.7
29011,2001,32.5
29011,2002,19.4
29011,2003,26.8
29011,2004,34.1
29011,2005,26.6
29011,2006,21.0
29011,2007,34.0
29011,2008,34.0
29011,2009,37.0
29011,2010,36.4
29011,2011,20.4
29011,2012,26.3
29011,2013,31.0
29011,2014,35.8
29011,2015,38.8
29011,2016,40.0
29011,2017,48.2
29011,2018,37.0
29011,2019,39.2
29011,2020,40.3
29011,2021,41.5
29011,2022,20.6
29011,2023,45.6
29011,2024,31.9
29011,2025,40.3
29057,1951,18.5
29057,1952,11.7
29057,1953,5.7
29057,1954,3.6
29057,1955,6.6
29057,1956,5.3
29057,1957,16.2
29057,1958,15.0
29057,1959,17.7
29057,1960,16.4
29057,1961,20.1
29057,1962,19.0
29057,1963,20.4
29057,1964,20.2
29057,1965,23.5
29057,1966,25.5
29057,1967,21.5
29057,1968,27.0
29057,1969,25.0
29057,1970,18.0
29057,1971,22.0
29057,1972,26.0
29057,1973,21.0
29057,1974,21.5
29057,1975,25.9
29057,1976,17.6
29057,1977,21.0
29057,1978,25.6
29057,1979,25.0
29057,1980,7.9
29057,1981,20.3
29057,1982,29.1
29057,1983,16.8
29057,1984,9.6
29057,1985,25.8
29057,1986,22.5
29057,1987,27.3
29057,1988,28.7
29057,1989,29.8
29057,1990,24.9
29057,1991,15.9
29057,1992,28.6
29057,1993,27.2
29057,1994,33.7
29057,1995,15.0
29057,1996,25.7
29057,1997,29.4
29057,1998,24.4
29057,1999,27.3
29057,2000,16.4
29057,2001,32.0
29057,2002,25.7
29057,2003,29.1
29057,2004,35.9
29057,2005,29.3
29057,2006,19.0
29057,2007,32.0
29057,2008,37.0
29057,2009,41.0
29057,2010,34.5
29057,2011,16.2
29057,2012,27.4
29057,2013,31.6
29057,2014,29.0
29057,2015,35.6
29057,2016,36.6
29057,2017,44.0
29057,2018,39.7
29057,2019,45.1
29057,2020,37.9
29057,2021,35.5
29057,2022,25.2
29057,2023,37.4
29057,2024,28.8
29057,2025,32.2
29069,1951,20.2
29069,1952,21.1
29069,1953,12.9
29069,1954,13.9
29069,1955,20.9
29069,1956,17.7
29069,1957,27.8
29069,1958,32.6
29069,1959,21.2
29069,1960,20.4
29069,1961,18.0
29069,1962,25.7
29069,1963,21.9
29069,1964,21.1
29069,1965,20.3
29069,1966,25.2
29069,1967,22.5
29069,1968,23.5
29069,1969,23.0
29069,1970,23.0
29069,1971,22.0
29069,1972,22.0
29069,1973,27.0
29069,1974,18.1
29069,1975,26.4
29069,1976,17.2
29069,1977,26.9
29069,1978,25.8
29069,1979,24.9
29069,1980,13.5
29069,1981,24.3
29069,1982,25.9
29069,1983,14.9
29069,1984,29.2
29069,1985,33.8
29069,1986,23.8
29069,1987,21.6
29069,1988,27.2
29069,1989,23.8
29069,1990,25.6
29069,1991,26.3
29069,1992,31.7
29069,1993,31.8
29069,1994,30.9
29069,1995,26.1
29069,1996,29.7
29069,1997,30.3
29069,1998,19.8
29069,1999,16.3
29069,2000,20.3
29069,2001,25.0
29069,2002,31.7
29069,2003,36.2
29069,2004,36.6
29069,2005,27.6
29069,2006,35.0
29069,2007,27.0
29069,2008,40.0
29069,2009,42.5
29069,2010,32.1
29069,2011,36.1
29069,2012,32.8
29069,2013,38.6
29069,2014,44.4
29069,2015,42.8
29069,2016,41.0
29069,2017,51.3
29069,2018,40.8
29069,2019,46.3
29069,2020,44.7
29069,2021,50.9
29069,2022,46.5
29069,2023,46.0
29069,2024,51.0
29069,2025,44.9
29143,1951,19.4
29143,1952,17.8
29143,1953,16.2
29143,1954,12.7
29143,1955,20.9
29143,1956,22.8
29143,1957,22.6
29143,1958,26.4
29143,1959,24.2
29143,1960,22.4
29143,1961,25.5
29143,1962,25.7
29143,1963,23.9
29143,1964,22.1
29143,1965,22.1
29143,1966,23.8
29143,1967,22.0
29143,1968,22.5
29143,1969,25.0
29143,1970,24.0
29143,1971,26.0
29143,1972,26.0
29143,1973,26.5
29143,1974,21.5
29143,1975,27.7
29143,1976,19.2
29143,1977,28.9
29143,1978,27.3
29143,1979,26.8
29143,1980,21.0
29143,1981,25.9
29143,1982,28.9
29143,1983,19.3
29143,1984,31.5
29143,1985,34.3
29143,1986,27.0
29143,1987,27.3
29143,1988,30.9
29143,1989,25.4
29143,1990,32.4
29143,1991,29.1
29143,1992,39.0
29143,1993,32.3
29143,1994,41.2
29143,1995,31.0
29143,1996,35.1
29143,1997,33.0
29143,1998,23.0
29143,1999,23.4
29143,2000,31.0
29143,2001,34.5
29143,2002,32.0
29143,2003,41.2
29143,2004,41.2
29143,2005,35.8
29143,2006,38.0
29143,2007,31.0
29143,2008,43.0
29143,2009,45.0
29143,2010,38.4
29143,2011,42.0
29143,2012,42.6
29143,2013,45.7
29143,2014,50.9
29143,2015,42.2
29143,2016,43.8
29143,2017,55.3
29143,2018,49.8
29143,2019,40.0
29143,2020,55.5
29143,2021,56.7
29143,2022,50.1
29143,2023,55.5
29143,2024,52.5
29143,2025,54.1
29155,1951,20.5
29155,1952,22.5
29155,1953,9.7
29155,1954,14.7
29155,1955,18.0
29155,1956,16.2
29155,1957,27.3
29155,1958,26.5
29155,1959,24.2
29155,1960,21.4
29155,1961,17.8
29155,1962,26.3
29155,1963,20.9
29155,1964,23.7
29155,1965,19.8
29155,1966,24.4
29155,1967,22.8
29155,1968,25.0
29155,1969,26.0
29155,1970,23.0
29155,1971,26.0
29155,1972,25.0
29155,1973,30.0
29155,1974,17.6
29155,1975,30.0
29155,1976,20.0
29155,1977,28.4
29155,1978,30.9
29155,1979,29.2
29155,1980,21.2
29155,1981,27.8
29155,1982,30.9
29155,1983,19.4
29155,1984,30.9
29155,1985,36.7
29155,1986,25.5
29155,1987,26.5
29155,1988,32.8
29155,1989,24.3
29155,1990,32.5
29155,1991,31.8
29155,1992,39.0
29155,1993,34.0
29155,1994,34.7
29155,1995,28.5
29155,1996,33.8
29155,1997,34.1
29155,1998,19.5
29155,1999,22.4
29155,2000,23.0
29155,2001,29.9
29155,2002,31.2
29155,2003,39.1
29155,2004,40.0
29155,2005,32.9
29155,2006,40.0
29155,2007,31.0
29155,2008,41.5
29155,2009,44.5
29155,2010,33.1
29155,2011,36.5
29155,2012,39.4
29155,2013,41.0
29155,2014,41.4
29155,2015,41.0
29155,2016,43.9
29155,2017,52.3
29155,2018,46.9
29155,2019,45.7
29155,2020,51.1
29155,2021,54.2
29155,2022,47.8
29155,2023,53.4
29155,2024,46.4
29155,2025,42.5
29207,1951,18.2
29207,1952,15.9
29207,1953,10.5
29207,1954,14.6
29207,1955,19.0
29207,1956,23.3
29207,1957,22.7
29207,1958,27.4
29207,1959,22.2
29207,1960,23.2
29207,1961,19.4
29207,1962,24.3
29207,1963,24.9
29207,1964,21.1
29207,1965,24.2
29207,1966,24.0
29207,1967,25.5
29207,1968,25.0
29207,1969,23.0
29207,1970,26.0
29207,1971,25.0
29207,1972,25.0
29207,1973,24.0
29207,1974,19.4
29207,1975,24.5
29207,1976,18.9
29207,1977,29.9
29207,1978,27.7
29207,1979,27.1
29207,1980,17.3
29207,1981,24.9
29207,1982,29.4
29207,1983,20.7
29207,1984,30.8
29207,1985,33.7
29207,1986,30.9
29207,1987,27.4
29207,1988,29.0
29207,1989,26.1
29207,1990,31.8
29207,1991,31.9
29207,1992,37.0
29207,1993,32.7
29207,1994,34.7
29207,1995,32.6
29207,1996,36.4
29207,1997,34.7
29207,1998,29.4
29207,1999,28.3
29207,2000,36.5
29207,2001,38.4
29207,2002,39.6
29207,2003,39.2
29207,2004,39.4
29207,2005,38.3
29207,2006,41.0
29207,2007,35.0
29207,2008,48.0
29207,2009,45.5
29207,2010,41.0
29207,2011,45.0
29207,2012,38.9
29207,2013,44.8
29207,2014,48.3
29207,2015,50.2
29207,2016,45.1
29207,2017,48.1
29207,2018,51.2
29207,2019,54.4
29207,2020,52.4
29207,2021,61.0
29207,2022,47.4
29207,2023,53.4
29207,2024,50.6
29207,2025,49.9
39003,1951,19.9
39003,1952,23.1
39003,1953,21.7
39003,1954,25.4
39003,1955,25.5
39003,1956,27.0
39003,1957,24.5
39003,1958,27.0
39003,1959,24.2
39003,1960,24.0
39003,1961,29.0
39003,1962,22.0
39003,1963,24.0
39003,1964,22.5
39003,1965,25.5
39003,1966,28.0
39003,1967,22.5
39003,1968,31.5
39003,1969,27.5
39003,1970,28.0
39003,1971,33.5
39003,1972,26.5
39003,1973,26.1
39003,1974,23.0
39003,1975,33.2
39003,1976,32.2
39003,1977,38.1
39003,1978,32.7
39003,1979,38.3
39003,1980,38.6
39003,1981,28.0
39003,1982,38.7
39003,1983,29.6
39003,1984,39.0
39003,1985,41.6
39003,1986,41.8
39003,1987,39.8
39003,1988,23.5
39003,1989,35.3
39003,1990,41.3
39003,1991,34.6
39003,1992,38.5
39003,1993,37.9
39003,1994,45.5
39003,1995,39.3
39003,1996,35.7
39003,1997,44.8
39003,1998,44.1
39003,1999,42.0
39003,2000,43.2
39003,2001,43.3
39003,2002,33.2
39003,2003,39.9
39003,2004,45.0
39003,2005,47.7
39003,2006,49.3
39003,2007,47.2
39003,2008,33.5
39003,2009,40.5
39003,2010,49.8
39003,2011,50.8
39003,2012,53.4
39003,2013,46.3
39003,2014,54.9
39003,2015,46.8
39003,2016,54.4
39003,2017,49.3
39003,2018,60.6
39003,2019,52.8
39003,2020,57.1
39003,2021,64.5
39003,2022,58.3
39003,2023,59.8
39003,2024,58.0
39003,2025,59.2
39007,1951,16.1
39007,1952,21.3
39007,1953,16.1
39007,1954,11.2
39007,1955,18.0
39007,1956,16.1
39007,1957,15.0
39007,1958,21.0
39007,1959,21.0
39007,1960,21.0
39007,1961,22.0
39007,1962,21.0
39007,1963,21.0
39007,1964,19.5
39007,1965,20.0
39007,1966,21.0
39007,1967,21.0
39007,1968,27.0
39007,1969,24.5
39007,1970,23.0
39007,1971,22.0
39007,1972,20.0
39007,1973,24.4
39007,1974,23.2
39007,1975,29.0
39007,1976,26.8
39007,1977,30.8
39007,1978,26.6
39007,1979,30.7
39007,1980,34.0
39007,1981,24.1
39007,1982,27.4
39007,1983,32.3
39007,1984,33.0
39007,1985,38.9
39007,1986,27.7
39007,1987,33.6
39007,1988,25.4
39007,1989,26.4
39007,1990,30.7
39007,1991,27.0
39007,1992,35.4
39007,1993,34.9
39007,1994,41.6
39007,1995,34.5
39007,1996,36.5
39007,1997,31.4
39007,1998,37.4
39007,1999,39.8
39007,2000,36.0
39007,2001,29.9
39007,2002,32.1
39007,2003,33.5
39007,2004,38.8
39007,2005,48.0
39007,2006,40.4
39007,2007,45.3
39007,2008,40.5
39007,2009,39.5
39007,2010,49.9
39007,2011,46.2
39007,2012,47.4
39007,2013,43.6
39007,2014,43.2
39007,2015,31.4
39007,2016,54.6
39007,2017,48.3
39007,2018,46.3
39007,2019,46.4
39007,2020,49.1
39007,2021,46.0
39007,2022,45.3
39007,2023,46.3
39007,2024,49.7
39007,2025,42.7
39011,1951,18.6
39011,1952,24.5
39011,1953,20.4
39011,1954,24.3
39011,1955,25.0
39011,1956,25.5
39011,1957,24.0
39011,1958,24.5
39011,1959,23.6
39011,1960,25.5
39011,1961,28.0
39011,1962,28.0
39011,1963,25.0
39011,1964,22.0
39011,1965,19.0
39011,1966,27.0
39011,1967,24.0
39011,1968,30.0
39011,1969,29.5
39011,1970,28.5
39011,1971,34.0
39011,1972,26.5
39011,1973,28.1
39011,1974,24.0
39011,1975,36.0
39011,1976,33.6
39011,1977,37.3
39011,1978,31.5
39011,1979,38.3
39011,1980,37.1
39011,1981,26.3
39011,1982,38.9
39011,1983,24.6
39011,1984,38.0
39011,1985,41.1
39011,1986,42.7
39011,1987,38.6
39011,1988,26.4
39011,1989,33.6
39011,1990,41.0
39011,1991,32.6
39011,1992,38.8
39011,1993,42.3
39011,1994,46.2
39011,1995,38.1
39011,1996,35.1
39011,1997,46.1
39011,1998,44.8
39011,1999,35.8
39011,2000,41.3
39011,2001,45.0
39011,2002,28.6
39011,2003,38.8
39011,2004,52.2
39011,2005,47.2
39011,2006,46.7
39011,2007,51.9
39011,2008,35.5
39011,2009,45.5
39011,2010,50.2
39011,2011,50.3
39011,2012,50.4
39011,2013,47.8
39011,2014,58.9
39011,2015,52.1
39011,2016,53.2
39011,2017,50.6
39011,2018,64.0
39011,2019,48.8
39011,2020,55.0
39011,2021,61.0
39011,2022,60.2
39011,2023,58.0
39011,2024,52.1
39011,2025,53.2
39015,1951,16.7
39015,1952,20.0
39015,1953,19.6
39015,1954,17.9
39015,1955,17.9
39015,1956,20.0
39015,1957,21.0
39015,1958,22.0
39015,1959,19.9
39015,1960,18.0
39015,1961,20.0
39015,1962,23.0
39015,1963,23.5
39015,1964,19.5
39015,1965,24.0
39015,1966,24.5
39015,1967,25.0
39015,1968,25.0
39015,1969,28.5
39015,1970,27.0
39015,1971,28.0
39015,1972,22.0
39015,1973,21.1
39015,1974,25.0
39015,1975,29.6
39015,1976,30.2
39015,1977,28.8
39015,1978,27.2
39015,1979,26.3
39015,1980,27.4
39015,1981,27.2
39015,1982,29.3
39015,1983,25.0
39015,1984,33.0
39015,1985,32.7
39015,1986,33.8
39015,1987,35.5
39015,1988,28.2
39015,1989,31.0
39015,1990,35.3
39015,1991,40.0
39015,1992,35.7
39015,1993,37.0
39015,1994,39.6
39015,1995,33.4
39015,1996,30.3
39015,1997,34.1
39015,1998,36.0
39015,1999,30.5
39015,2000,45.5
39015,2001,42.1
39015,2002,31.5
39015,2003,34.4
39015,2004,45.3
39015,2005,43.0
39015,2006,43.8
39015,2007,33.8
39015,2008,34.0
39015,2009,38.5
39015,2010,43.5
39015,2011,43.9
39015,2012,48.6
39015,2013,48.8
39015,2014,48.6
39015,2015,49.5
39015,2016,50.8
39015,2017,49.9
39015,2018,48.4
39015,2019,46.2
39015,2020,54.5
39015,2021,50.8
39015,2022,50.8
39015,2023,55.0
39015,2024,46.2
39015,2025,40.9
39021,1951,18.4
39021,1952,22.8
39021,1953,19.1
39021,1954,27.6
39021,1955,24.0
39021,1956,26.0
39021,1957,27.5
39021,1958,27.5
39021,1959,26.7
39021,1960,27.0
39021,1961,31.5
39021,1962,24.0
39021,1963,26.0
39021,1964,25.0
39021,1965,19.5
39021,1966,32.5
39021,1967,24.5
39021,1968,34.0
39021,1969,35.5
39021,1970,30.0
39021,1971,32.0
39021,1972,27.0
39021,1973,31.2
39021,1974,28.5
39021,1975,37.2
39021,1976,35.3
39021,1977,35.0
39021,1978,40.1
39021,1979,38.1
39021,1980,33.4
39021,1981,32.5
39021,1982,34.2
39021,1983,27.9
39021,1984,39.5
39021,1985,45.7
39021,1986,42.0
39021,1987,35.8
39021,1988,31.1
39021,1989,35.5
39021,1990,41.4
39021,1991,35.4
39021,1992,41.8
39021,1993,41.2
39021,1994,43.3
39021,1995,39.2
39021,1996,32.0
39021,1997,49.8
39021,1998,45.9
39021,1999,40.4
39021,2000,45.7
39021,2001,49.0
39021,2002,29.0
39021,2003,38.1
39021,2004,52.3
39021,2005,39.8
39021,2006,50.4
39021,2007,55.1
39021,2008,38.5
39021,2009,53.5
39021,2010,53.2
39021,2011,44.4
39021,2012,41.2
39021,2013,51.8
39021,2014,54.6
39021,2015,56.1
39021,2016,57.8
39021,2017,55.7
39021,2018,56.2
39021,2019,45.8
39021,2020,55.5
39021,2021,59.9
39021,2022,59.4
39021,2023,60.4
39021,2024,51.6
39021,2025,56.7
39023,1951,19.4
39023,1952,22.3
39023,1953,19.7
39023,1954,25.5
39023,1955,24.5
39023,1956,26.5
39023,1957,27.0
39023,1958,28.5
39023,1959,27.2
39023,1960,27.5
39023,1961,31.0
39023,1962,30.5
39023,1963,29.5
39023,1964,22.0
39023,1965,25.5
39023,1966,31.0
39023,1967,24.5
39023,1968,33.5
39023,1969,34.5
39023,1970,30.0
39023,1971,35.0
39023,1972,26.5
39023,1973,26.1
39023,1974,31.6
39023,1975,37.1
39023,1976,35.4
39023,1977,33.3
39023,1978,40.4
39023,1979,37.6
39023,1980,36.7
39023,1981,33.4
39023,1982,38.3
39023,1983,31.0
39023,1984,38.5
39023,1985,42.8
39023,1986,40.7
39023,1987,36.2
39023,1988,33.1
39023,1989,30.5
39023,1990,41.1
39023,1991,40.9
39023,1992,45.0
39023,1993,43.2
39023,1994,44.8
39023,1995,41.1
39023,1996,39.2
39023,1997,49.9
39023,1998,43.2
39023,1999,31.8
39023,2000,45.0
39023,2001,52.0
39023,2002,35.3
39023,2003,42.2
39023,2004,52.2
39023,2005,43.9
39023,2006,53.1
39023,2007,50.6
39023,2008,40.5
39023,2009,53.0
39023,2010,53.0
39023,2011,52.4
39023,2012,40.8
39023,2013,51.6
39023,2014,56.7
39023,2015,56.0
39023,2016,59.8
39023,2017,56.5
39023,2018,57.1
39023,2019,44.1
39023,2020,59.1
39023,2021,61.5
39023,2022,58.5
39023,2023,57.4
39023,2024,56.6
39023,2025,57.4
39027,1951,18.8
39027,1952,24.2
39027,1953,18.1
39027,1954,25.7
39027,1955,24.4
39027,1956,25.0
39027,1957,24.9
39027,1958,23.0
39027,1959,29.5
39027,1960,29.0
39027,1961,30.0
39027,1962,27.0
39027,1963,29.0
39027,1964,23.0
39027,1965,26.5
39027,1966,27.0
39027,1967,21.0
39027,1968,32.0
39027,1969,36.5
39027,1970,32.5
39027,1971,32.0
39027,1972,25.5
39027,1973,29.7
39027,1974,29.8
39027,1975,34.4
39027,1976,35.6
39027,1977,34.8
39027,1978,34.2
39027,1979,35.1
39027,1980,31.0
39027,1981,33.6
39027,1982,39.6
39027,1983,33.8
39027,1984,37.0
39027,1985,41.8
39027,1986,44.6
39027,1987,39.1
39027,1988,34.8
39027,1989,35.2
39027,1990,40.8
39027,1991,46.7
39027,1992,43.2
39027,1993,42.2
39027,1994,47.4
39027,1995,39.2
39027,1996,40.1
39027,1997,46.8
39027,1998,42.9
39027,1999,31.0
39027,2000,49.9
39027,2001,46.8
39027,2002,39.5
39027,2003,39.1
39027,2004,52.5
39027,2005,48.5
39027,2006,49.4
39027,2007,42.2
39027,2008,39.0
39027,2009,50.5
39027,2010,48.4
39027,2011,51.2
39027,2012,47.6
39027,2013,49.9
39027,2014,56.5
39027,2015,56.8
39027,2016,57.0
39027,2017,53.6
39027,2018,57.8
39027,2019,55.9
39027,2020,58.8
39027,2021,60.7
39027,2022,54.5
39027,2023,63.2
39027,2024,57.6
39027,2025,56.1
39033,1951,18.3
39033,1952,21.2
39033,1953,18.8
39033,1954,24.8
39033,1955,24.5
39033,1956,22.5
39033,1957,23.5
39033,1958,26.0
39033,1959,23.2
39033,1960,27.0
39033,1961,26.5
39033,1962,24.0
39033,1963,21.5
39033,1964,24.5
39033,1965,23.5
39033,1966,31.5
39033,1967,24.0
39033,1968,31.0
39033,1969,30.5
39033,1970,28.5
39033,1971,29.5
39033,1972,25.5
39033,1973,25.6
39033,1974,26.6
39033,1975,33.3
39033,1976,34.1
39033,1977,37.7
39033,1978,34.7
39033,1979,36.6
39033,1980,41.9
39033,1981,35.9
39033,1982,39.1
39033,1983,37.2
39033,1984,38.0
39033,1985,44.0
39033,1986,43.2
39033,1987,41.0
39033,1988,25.5
39033,1989,32.1
39033,1990,38.9
39033,1991,39.6
39033,1992,40.2
39033,1993,35.8
39033,1994,45.3
39033,1995,42.8
39033,1996,41.0
39033,1997,45.3
39033,1998,46.0
39033,1999,48.0
39033,2000,45.2
39033,2001,41.2
39033,2002,27.8
39033,2003,42.4
39033,2004,45.7
39033,2005,48.5
39033,2006,47.4
39033,2007,49.0
39033,2008,36.5
39033,2009,53.5
39033,2010,55.5
39033,2011,54.9
39033,2012,42.8
39033,2013,53.7
39033,2014,54.6
39033,2015,56.3
39033,2016,54.6
39033,2017,51.2
39033,2018,59.7
39033,2019,53.4
39033,2020,62.3
39033,2021,62.3
39033,2022,63.8
39033,2023,63.1
39033,2024,60.4
39033,2025,60.5
39041,1951,15.5
39041,1952,19.9
39041,1953,19.4
39041,1954,23.6
39041,1955,22.0
39041,1956,23.0
39041,1957,25.5
39041,1958,25.0
39041,1959,22.7
39041,1960,28.0
39041,1961,27.0
39041,1962,22.5
39041,1963,18.0
39041,1964,22.0
39041,1965,20.5
39041,1966,27.5
39041,1967,19.0
39041,1968,28.0
39041,1969,30.0
39041,1970,27.0
39041,1971,30.0
39041,1972,24.5
39041,1973,24.6
39041,1974,26.1
39041,1975,33.3
39041,1976,36.8
39041,1977,34.3
39041,1978,34.8
39041,1979,36.9
39041,1980,35.3
39041,1981,25.7
39041,1982,33.0
39041,1983,28.1
39041,1984,33.0
39041,1985,42.7
39041,1986,38.0
39041,1987,35.3
39041,1988,30.0
39041,1989,28.4
39041,1990,36.6
39041,1991,29.9
39041,1992,38.9
39041,1993,42.6
39041,1994,43.5
39041,1995,31.2
39041,1996,34.4
39041,1997,43.2
39041,1998,43.1
39041,1999,37.8
39041,2000,41.3
39041,2001,43.8
39041,2002,32.8
39041,2003,37.1
39041,2004,46.1
39041,2005,47.6
39041,2006,45.1
39041,2007,49.5
39041,2008,34.0
39041,2009,52.5
39041,2010,52.2
39041,2011,42.5
39041,2012,44.1
39041,2013,51.3
39041,2014,47.2
39041,2015,47.4
39041,2016,53.2
39041,2017,50.7
39041,2018,54.5
39041,2019,42.5
39041,2020,56.9
39041,2021,59.1
39041,2022,51.6
39041,2023,58.3
39041,2024,49.3
39041,2025,52.4
39057,1951,19.2
39057,1952,22.7
39057,1953,22.3
39057,1954,30.0
39057,1955,30.0
39057,1956,29.0
39057,1957,29.5
39057,1958,30.0
39057,1959,29.5
39057,1960,30.0
39057,1961,31.0
39057,1962,30.5
39057,1963,31.0
39057,1964,24.5
39057,1965,27.0
39057,1966,30.0
39057,1967,24.0
39057,1968,33.0
39057,1969,36.0
39057,1970,34.0
39057,1971,36.0
39057,1972,27.5
39057,1973,29.2
39057,1974,32.7
39057,1975,35.5
39057,1976,35.7
39057,1977,34.2
39057,1978,39.1
39057,1979,36.7
39057,1980,34.6
39057,1981,34.9
39057,1982,40.7
39057,1983,34.1
39057,1984,38.0
39057,1985,45.4
39057,1986,43.2
39057,1987,36.7
39057,1988,33.4
39057,1989,34.2
39057,1990,39.7
39057,1991,42.8
39057,1992,42.5
39057,1993,42.6
39057,1994,44.4
39057,1995,39.4
39057,1996,37.7
39057,1997,47.5
39057,1998,42.8
39057,1999,28.3
39057,2000,45.1
39057,2001,48.0
39057,2002,37.5
39057,2003,43.5
39057,2004,51.6
39057,2005,50.2
39057,2006,53.7
39057,2007,50.6
39057,2008,43.0
39057,2009,53.5
39057,2010,51.2
39057,2011,52.6
39057,2012,41.5
39057,2013,55.1
39057,2014,56.6
39057,2015,59.9
39057,2016,60.5
39057,2017,57.1
39057,2018,58.0
39057,2019,50.6
39057,2020,55.8
39057,2021,63.5
39057,2022,55.4
39057,2023,61.9
39057,2024,55.8
39057,2025,56.6
39065,1951,19.2
39065,1952,22.3
39065,1953,22.6
39065,1954,25.4
39065,1955,25.0
39065,1956,24.0
39065,1957,21.5
39065,1958,25.0
39065,1959,24.6
39065,1960,24.0
39065,1961,28.0
39065,1962,23.5
39065,1963,22.5
39065,1964,21.5
39065,1965,21.0
39065,1966,28.5
39065,1967,24.0
39065,1968,29.5
39065,1969,29.0
39065,1970,28.5
39065,1971,31.0
39065,1972,26.0
39065,1973,25.6
39065,1974,22.4
39065,1975,33.2
39065,1976,32.4
39065,1977,37.7
39065,1978,31.9
39065,1979,34.2
39065,1980,37.6
39065,1981,28.0
39065,1982,35.6
39065,1983,26.7
39065,1984,38.0
39065,1985,39.9
39065,1986,40.7
39065,1987,38.0
39065,1988,25.1
39065,1989,31.1
39065,1990,38.9
39065,1991,34.2
39065,1992,41.5
39065,1993,41.1
39065,1994,46.3
39065,1995,33.5
39065,1996,35.3
39065,1997,44.4
39065,1998,46.5
39065,1999,41.0
39065,2000,41.1
39065,2001,39.0
39065,2002,28.5
39065,2003,37.6
39065,2004,47.1
39065,2005,49.1
39065,2006,50.4
39065,2007,51.3
39065,2008,34.0
39065,2009,50.5
39065,2010,51.9
39065,2011,51.2
39065,2012,48.4
39065,2013,47.2
39065,2014,53.1
39065,2015,46.5
39065,2016,53.7
39065,2017,42.0
39065,2018,59.8
39065,2019,47.9
39065,2020,58.8
39065,2021,58.3
39065,2022,59.4
39065,2023,62.1
39065,2024,54.1
39065,2025,55.2
39069,1951,22.4
39069,1952,24.0
39069,1953,25.1
39069,1954,30.7
39069,1955,28.0
39069,1956,29.0
39069,1957,24.5
39069,1958,31.0
39069,1959,29.6
39069,1960,27.0
39069,1961,32.0
39069,1962,29.0
39069,1963,29.5
39069,1964,25.0
39069,1965,32.0
39069,1966,33.0
39069,1967,27.0
39069,1968,32.0
39069,1969,30.0
39069,1970,29.0
39069,1971,32.5
39069,1972,32.0
39069,1973,25.6
39069,1974,25.8
39069,1975,31.6
39069,1976,32.2
39069,1977,40.3
39069,1978,30.9
39069,1979,39.3
39069,1980,40.2
39069,1981,26.3
39069,1982,39.6
39069,1983,41.2
39069,1984,41.0
39069,1985,42.9
39069,1986,43.2
39069,1987,33.6
39069,1988,27.3
39069,1989,31.9
39069,1990,44.9
39069,1991,40.2
39069,1992,41.0
39069,1993,38.6
39069,1994,41.5
39069,1995,44.3
39069,1996,41.1
39069,1997,46.0
39069,1998,48.5
39069,1999,43.0
39069,2000,40.3
39069,2001,34.5
39069,2002,42.5
39069,2003,40.1
39069,2004,49.2
39069,2005,45.1
39069,2006,50.2
39069,2007,53.5
39069,2008,35.0
39069,2009,54.0
39069,2010,46.7
39069,2011,50.4
39069,2012,49.9
39069,2013,49.6
39069,2014,50.4
39069,2015,48.9
39069,2016,59.4
39069,2017,47.4
39069,2018,56.3
39069,2019,57.0
39069,2020,52.6
39069,2021,56.7
39069,2022,61.8
39069,2023,60.2
39069,2024,56.4
39069,2025,57.4
39091,1951,18.1
39091,1952,21.5
39091,1953,18.9
39091,1954,23.7
39091,1955,22.5
39091,1956,24.0
39091,1957,22.5
39091,1958,22.5
39091,1959,23.1
39091,1960,23.5
39091,1961,26.0
39091,1962,25.0
39091,1963,21.0
39091,1964,22.5
39091,1965,20.0
39091,1966,31.0
39091,1967,23.0
39091,1968,29.5
39091,1969,29.0
39091,1970,28.0
39091,1971,31.0
39091,1972,25.5
39091,1973,23.6
39091,1974,23.5
39091,1975,33.7
39091,1976,30.8
39091,1977,31.7
39091,1978,33.1
39091,1979,35.2
39091,1980,35.7
39091,1981,29.4
39091,1982,34.4
39091,1983,23.9
39091,1984,37.0
39091,1985,40.0
39091,1986,39.3
39091,1987,39.2
39091,1988,27.0
39091,1989,28.6
39091,1990,39.2
39091,1991,30.7
39091,1992,44.5
39091,1993,41.6
39091,1994,43.5
39091,1995,33.1
39091,1996,31.7
39091,1997,44.0
39091,1998,45.3
39091,1999,42.0
39091,2000,41.3
39091,2001,44.0
39091,2002,26.9
39091,2003,34.8
39091,2004,44.9
39091,2005,47.0
39091,2006,51.0
39091,2007,52.7
39091,2008,35.0
39091,2009,51.0
39091,2010,50.1
39091,2011,49.1
39091,2012,49.3
39091,2013,46.9
39091,2014,50.4
39091,2015,51.0
39091,2016,55.5
39091,2017,48.6
39091,2018,59.1
39091,2019,42.8
39091,2020,59.1
39091,2021,60.4
39091,2022,54.5
39091,2023,56.0
39091,2024,47.9
39091,2025,52.9
39097,1951,19.0
39097,1952,23.4
39097,1953,21.4
39097,1954,26.4
39097,1955,26.0
39097,1956,24.0
39097,1957,26.5
39097,1958,25.5
39097,1959,28.6
39097,1960,26.0
39097,1961,31.0
39097,1962,25.0
39097,1963,28.0
39097,1964,19.5
39097,1965,29.0
39097,1966,29.5
39097,1967,21.5
39097,1968,31.0
39097,1969,33.5
39097,1970,30.5
39097,1971,34.0
39097,1972,26.0
39097,1973,26.1
39097,1974,30.3
39097,1975,37.3
39097,1976,38.3
39097,1977,36.2
39097,1978,39.7
39097,1979,38.9
39097,1980,35.8
39097,1981,27.0
39097,1982,36.3
39097,1983,33.2
39097,1984,38.0
39097,1985,46.3
39097,1986,41.6
39097,1987,34.8
39097,1988,34.4
39097,1989,32.0
39097,1990,35.3
39097,1991,34.6
39097,1992,43.8
39097,1993,39.8
39097,1994,45.7
39097,1995,35.6
39097,1996,36.8
39097,1997,48.4
39097,1998,43.7
39097,1999,27.7
39097,2000,49.9
39097,2001,51.0
39097,2002,36.2
39097,2003,44.0
39097,2004,53.1
39097,2005,42.0
39097,2006,54.7
39097,2007,52.9
39097,2008,40.5
39097,2009,54.5
39097,2010,54.4
39097,2011,52.1
39097,2012,39.0
39097,2013,55.6
39097,2014,54.3
39097,2015,54.7
39097,2016,58.9
39097,2017,55.3
39097,2018,57.8
39097,2019,50.7
39097,2020,54.6
39097,2021,62.8
39097,2022,55.1
39097,2023,59.6
39097,2024,50.6
39097,2025,56.6
39103,1951,18.6
39103,1952,18.7
39103,1953,18.9
39103,1954,16.7
39103,1955,20.9
39103,1956,15.9
39103,1957,17.8
39103,1958,23.0
39103,1959,22.1
39103,1960,24.0
39103,1961,25.0
39103,1962,25.0
39103,1963,17.0
39103,1964,20.5
39103,1965,21.0
39103,1966,19.5
39103,1967,16.5
39103,1968,27.0
39103,1969,25.0
39103,1970,24.0
39103,1971,24.0
39103,1972,21.0
39103,1973,22.7
39103,1974,24.2
39103,1975,28.4
39103,1976,29.2
39103,1977,32.1
39103,1978,26.9
39103,1979,30.8
39103,1980,33.9
39103,1981,28.5
39103,1982,30.5
39103,1983,36.7
39103,1984,35.0
39103,1985,38.0
39103,1986,34.7
39103,1987,38.1
39103,1988,28.7
39103,1989,22.0
39103,1990,32.2
39103,1991,29.7
39103,1992,34.7
39103,1993,24.8
39103,1994,42.7
39103,1995,38.1
39103,1996,30.2
39103,1997,34.7
39103,1998,39.7
39103,1999,41.9
39103,2000,37.7
39103,2001,31.4
39103,2002,26.5
39103,2003,32.7
39103,2004,36.7
39103,2005,45.4
39103,2006,38.8
39103,2007,43.8
39103,2008,37.0
39103,2009,46.5
39103,2010,48.7
39103,2011,45.7
39103,2012,39.3
39103,2013,45.2
39103,2014,46.0
39103,2015,36.5
39103,2016,46.3
39103,2017,40.0
39103,2018,52.6
39103,2019,44.2
39103,2020,54.1
39103,2021,47.3
39103,2022,50.6
39103,2023,50.6
39103,2024,51.3
39103,2025,46.4
39109,1951,20.6
39109,1952,23.1
39109,1953,20.6
39109,1954,27.4
39109,1955,29.0
39109,1956,28.0
39109,1957,27.0
39109,1958,28.0
39109,1959,26.2
39109,1960,27.5
39109,1961,31.0
39109,1962,30.0
39109,1963,25.5
39109,1964,26.5
39109,1965,20.5
39109,1966,34.0
39109,1967,23.5
39109,1968,35.0
39109,1969,38.5
39109,1970,33.5
39109,1971,36.5
39109,1972,28.5
39109,1973,32.7
39109,1974,31.6
39109,1975,37.8
39109,1976,34.0
39109,1977,31.0
39109,1978,42.3
39109,1979,37.5
39109,1980,36.5
39109,1981,32.9
39109,1982,39.7
39109,1983,30.6
39109,1984,39.1
39109,1985,45.8
39109,1986,41.8
39109,1987,37.3
39109,1988,25.9
39109,1989,32.6
39109,1990,43.2
39109,1991,38.9
39109,1992,46.9
39109,1993,44.3
39109,1994,44.1
39109,1995,39.4
39109,1996,36.7
39109,1997,48.9
39109,1998,45.0
39109,1999,41.0
39109,2000,46.2
39109,2001,53.0
39109,2002,29.3
39109,2003,37.7
39109,2004,51.3
39109,2005,46.1
39109,2006,50.9
39109,2007,49.1
39109,2008,44.5
39109,2009,53.5
39109,2010,51.1
39109,2011,43.7
39109,2012,40.9
39109,2013,50.5
39109,2014,54.6
39109,2015,56.6
39109,2016,53.2
39109,2017,56.0
39109,2018,59.7
39109,2019,43.7
39109,2020,61.3
39109,2021,62.9
39109,2022,53.9
39109,2023,60.6
39109,2024,58.0
39109,2025,57.9
39113,1951,19.4
39113,1952,22.7
39113,1953,16.9
39113,1954,24.4
39113,1955,24.0
39113,1956,24.0
39113,1957,22.9
39113,1958,27.0
39113,1959,26.0
39113,1960,23.4
39113,1961,28.0
39113,1962,28.0
39113,1963,27.0
39113,1964,20.5
39113,1965,22.5
39113,1966,33.0
39113,1967,26.5
39113,1968,33.5
39113,1969,36.0
39113,1970,29.0
39113,1971,35.0
39113,1972,25.5
39113,1973,30.7
39113,1974,32.6
39113,1975,37.0
39113,1976,36.1
39113,1977,33.2
39113,1978,38.6
39113,1979,34.9
39113,1980,32.8
39113,1981,36.0
39113,1982,37.8
39113,1983,24.1
39113,1984,36.0
39113,1985,45.5
39113,1986,39.7
39113,1987,34.7
39113,1988,26.6
39113,1989,34.9
39113,1990,41.6
39113,1991,37.6
39113,1992,45.1
39113,1993,40.3
39113,1994,41.7
39113,1995,40.4
39113,1996,32.8
39113,1997,45.4
39113,1998,37.1
39113,1999,27.2
39113,2000,47.0
39113,2001,50.0
39113,2002,28.6
39113,2003,38.1
39113,2004,51.6
39113,2005,38.1
39113,2006,54.5
39113,2007,36.7
39113,2008,33.0
39113,2009,51.5
39113,2010,47.7
39113,2011,42.1
39113,2012,29.9
39113,2013,52.5
39113,2014,57.0
39113,2015,54.1
39113,2016,57.1
39113,2017,51.0
39113,2018,54.9
39113,2019,48.5
39113,2020,50.9
39113,2021,53.3
39113,2022,51.1
39113,2023,57.7
39113,2024,53.0
39113,2025,52.4
39123,1951,18.8
39123,1952,20.7
39123,1953,21.9
39123,1954,22.1
39123,1955,25.5
39123,1956,22.0
39123,1957,22.0
39123,1958,27.0
39123,1959,25.0
39123,1960,24.0
39123,1961,25.0
39123,1962,24.0
39123,1963,17.5
39123,1964,22.0
39123,1965,25.0
39123,1966,27.5
39123,1967,22.0
39123,1968,31.0
39123,1969,21.5
39123,1970,30.5
39123,1971,29.5
39123,1972,25.5
39123,1973,19.6
39123,1974,20.2
39123,1975,35.0
39123,1976,30.0
39123,1977,33.9
39123,1978,20.7
39123,1979,32.9
39123,1980,39.2
39123,1981,27.1
39123,1982,32.3
39123,1983,35.0
39123,1984,32.0
39123,1985,40.6
39123,1986,39.7
39123,1987,34.8
39123,1988,22.8
39123,1989,23.7
39123,1990,38.8
39123,1991,33.8
39123,1992,35.3
39123,1993,38.5
39123,1994,41.4
39123,1995,38.6
39123,1996,36.1
39123,1997,39.3
39123,1998,41.4
39123,1999,27.8
39123,2000,25.4
39123,2001,37.2
39123,2002,31.4
39123,2003,36.0
39123,2004,36.6
39123,2005,45.7
39123,2006,34.5
39123,2007,49.9
39123,2008,33.0
39123,2009,50.0
39123,2010,48.6
39123,2011,46.4
39123,2012,53.0
39123,2013,50.3
39123,2014,50.8
39123,2015,44.4
39123,2016,53.1
39123,2017,42.3
39123,2018,46.6
39123,2019,44.4
39123,2020,50.6
39123,2021,48.9
39123,2022,54.0
39123,2023,55.6
39123,2024,41.8
39123,2025,56.8
39125,1951,19.1
39125,1952,22.1
39125,1953,19.4
39125,1954,23.5
39125,1955,21.5
39125,1956,21.0
39125,1957,18.5
39125,1958,23.0
39125,1959,19.6
39125,1960,18.5
39125,1961,26.5
39125,1962,22.0
39125,1963,21.0
39125,1964,20.0
39125,1965,26.0
39125,1966,24.5
39125,1967,19.0
39125,1968,27.0
39125,1969,22.0
39125,1970,24.5
39125,1971,24.0
39125,1972,27.0
39125,1973,18.6
39125,1974,22.4
39125,1975,26.2
39125,1976,29.2
39125,1977,34.3
39125,1978,25.5
39125,1979,35.8
39125,1980,38.2
39125,1981,23.8
39125,1982,36.2
39125,1983,32.4
39125,1984,33.0
39125,1985,39.1
39125,1986,39.3
39125,1987,31.7
39125,1988,18.9
39125,1989,29.1
39125,1990,38.3
39125,1991,32.7
39125,1992,39.9
39125,1993,32.2
39125,1994,39.1
39125,1995,38.7
39125,1996,32.3
39125,1997,41.5
39125,1998,40.8
39125,1999,31.2
39125,2000,35.9
39125,2001,37.0
39125,2002,31.2
39125,2003,36.5
39125,2004,47.2
39125,2005,40.0
39125,2006,45.8
39125,2007,44.3
39125,2008,34.0
39125,2009,50.5
39125,2010,40.7
39125,2011,42.5
39125,2012,40.7
39125,2013,46.2
39125,2014,55.7
39125,2015,42.2
39125,2016,50.7
39125,2017,42.9
39125,2018,55.9
39125,2019,47.4
39125,2020,49.9
39125,2021,55.5
39125,2022,57.3
39125,2023,54.9
39125,2024,50.1
39125,2025,51.9
39129,1951,18.9
39129,1952,19.9
39129,1953,19.4
39129,1954,25.9
39129,1955,24.0
39129,1956,23.0
39129,1957,26.5
39129,1958,26.5
39129,1959,26.6
39129,1960,27.0
39129,1961,28.5
39129,1962,25.5
39129,1963,26.5
39129,1964,18.0
39129,1965,25.5
39129,1966,28.0
39129,1967,22.0
39129,1968,30.5
39129,1969,36.5
39129,1970,33.0
39129,1971,36.0
39129,1972,27.0
39129,1973,27.6
39129,1974,32.5
39129,1975,36.4
39129,1976,36.8
39129,1977,33.3
39129,1978,37.1
39129,1979,34.8
39129,1980,30.7
39129,1981,22.9
39129,1982,36.0
39129,1983,29.6
39129,1984,33.0
39129,1985,41.1
39129,1986,37.0
39129,1987,32.8
39129,1988,31.4
39129,1989,34.4
39129,1990,39.2
39129,1991,30.4
39129,1992,47.2
39129,1993,35.1
39129,1994,46.2
39129,1995,36.7
39129,1996,34.5
39129,1997,48.6
39129,1998,40.3
39129,1999,19.5
39129,2000,49.9
39129,2001,47.0
39129,2002,32.6
39129,2003,44.8
39129,2004,50.2
39129,2005,35.9
39129,2006,47.4
39129,2007,46.0
39129,2008,37.0
39129,2009,52.5
39129,2010,51.0
39129,2011,49.9
39129,2012,37.1
39129,2013,53.0
39129,2014,53.7
39129,2015,53.1
39129,2016,57.7
39129,2017,53.3
39129,2018,57.5
39129,2019,48.1
39129,2020,54.1
39129,2021,56.7
39129,2022,56.2
39129,2023,61.2
39129,2024,34.0
39129,2025,43.5
39135,1951,20.5
39135,1952,20.7
39135,1953,17.3
39135,1954,23.6
39135,1955,24.4
39135,1956,23.2
39135,1957,21.1
39135,1958,24.5
39135,1959,25.4
39135,1960,24.2
39135,1961,26.6
39135,1962,27.6
39135,1963,28.6
39135,1964,23.4
39135,1965,23.0
39135,1966,30.0
39135,1967,24.0
39135,1968,34.0
39135,1969,36.0
39135,1970,34.0
39135,1971,33.0
39135,1972,23.0
39135,1973,34.7
39135,1974,33.6
39135,1975,35.0
39135,1976,34.4
39135,1977,35.7
39135,1978,38.9
39135,1979,36.1
39135,1980,34.4
39135,1981,37.9
39135,1982,40.8
39135,1983,28.4
39135,1984,38.0
39135,1985,46.3
39135,1986,40.2
39135,1987,39.1
39135,1988,26.3
39135,1989,36.8
39135,1990,43.5
39135,1991,40.5
39135,1992,43.5
39135,1993,43.8
39135,1994,46.0
39135,1995,41.6
39135,1996,38.8
39135,1997,48.0
39135,1998,41.9
39135,1999,36.9
39135,2000,50.8
39135,2001,45.5
39135,2002,31.7
39135,2003,42.1
39135,2004,52.6
39135,2005,46.2
39135,2006,54.7
39135,2007,36.8
39135,2008,37.5
39135,2009,54.0
39135,2010,50.0
39135,2011,41.8
39135,2012,37.7
39135,2013,51.8
39135,2014,59.7
39135,2015,54.0
39135,2016,63.2
39135,2017,56.7
39135,2018,59.9
39135,2019,52.1
39135,2020,61.2
39135,2021,56.4
39135,2022,52.8
39135,2023,61.4
39135,2024,61.0
39135,2025,58.3
39137,1951,20.2
39137,1952,23.8
39137,1953,21.4
39137,1954,26.2
39137,1955,24.5
39137,1956,24.5
39137,1957,21.5
39137,1958,24.5
39137,1959,24.5
39137,1960,23.0
39137,1961,29.0
39137,1962,23.5
39137,1963,24.0
39137,1964,22.5
39137,1965,29.0
39137,1966,29.0
39137,1967,23.5
39137,1968,29.0
39137,1969,26.5
39137,1970,27.0
39137,1971,29.0
39137,1972,26.5
39137,1973,22.6
39137,1974,23.5
39137,1975,31.6
39137,1976,33.1
39137,1977,37.9
39137,1978,30.1
39137,1979,37.1
39137,1980,37.0
39137,1981,24.6
39137,1982,37.4
39137,1983,33.3
39137,1984,36.0
39137,1985,42.2
39137,1986,40.8
39137,1987,33.1
39137,1988,23.9
39137,1989,32.1
39137,1990,36.9
39137,1991,33.3
39137,1992,36.3
39137,1993,33.9
39137,1994,41.5
39137,1995,36.7
39137,1996,35.9
39137,1997,42.8
39137,1998,44.6
39137,1999,40.4
39137,2000,40.4
39137,2001,37.0
39137,2002,32.2
39137,2003,41.3
39137,2004,47.5
39137,2005,45.9
39137,2006,47.8
39137,2007,43.7
39137,2008,33.5
39137,2009,45.0
39137,2010,43.0
39137,2011,50.8
39137,2012,48.6
39137,2013,48.2
39137,2014,52.9
39137,2015,45.2
39137,2016,52.2
39137,2017,46.5
39137,2018,61.5
39137,2019,48.9
39137,2020,53.2
39137,2021,56.1
39137,2022,56.8
39137,2023,58.4
39137,2024,51.8
39137,2025,56.6
39141,1951,18.1
39141,1952,21.7
39141,1953,18.0
39141,1954,23.3
39141,1955,20.9
39141,1956,26.0
39141,1957,24.1
39141,1958,27.0
39141,1959,27.0
39141,1960,27.5
39141,1961,29.0
39141,1962,25.0
39141,1963,23.4
39141,1964,17.5
39141,1965,23.4
39141,1966,25.9
39141,1967,20.5
39141,1968,28.5
39141,1969,36.0
39141,1970,32.0
39141,1971,33.0
39141,1972,25.5
39141,1973,26.6
39141,1974,30.8
39141,1975,34.9
39141,1976,36.8
39141,1977,35.6
39141,1978,37.5
39141,1979,37.9
39141,1980,32.4
39141,1981,26.6
39141,1982,36.6
39141,1983,27.2
39141,1984,34.0
39141,1985,39.1
39141,1986,38.0
39141,1987,34.7
39141,1988,31.7
39141,1989,35.7
39141,1990,40.8
39141,1991,40.4
39141,1992,45.7
39141,1993,32.5
39141,1994,43.3
39141,1995,36.8
39141,1996,32.2
39141,1997,49.5
39141,1998,43.7
39141,1999,23.5
39141,2000,49.4
39141,2001,48.3
39141,2002,33.7
39141,2003,44.6
39141,2004,50.2
39141,2005,40.4
39141,2006,47.9
39141,2007,34.9
39141,2008,37.5
39141,2009,52.5
39141,2010,42.0
39141,2011,51.3
39141,2012,39.6
39141,2013,55.1
39141,2014,52.0
39141,2015,57.4
39141,2016,52.5
39141,2017,52.2
39141,2018,50.0
39141,2019,51.9
39141,2020,55.5
39141,2021,56.0
39141,2022,55.0
39141,2023,59.7
39141,2024,37.3
39141,2025,49.5
39151,1951,20.0
39151,1952,20.0
39151,1953,20.0
39151,1954,15.0
39151,1955,20.0
39151,1956,20.0
39151,1957,20.0
39151,1958,20.0
39151,1959,25.0
39151,1960,24.0
39151,1961,25.0
39151,1962,23.0
39151,1963,23.0
39151,1964,24.0
39151,1965,24.0
39151,1966,23.0
39151,1967,23.6
39151,1968,26.0
39151,1969,31.0
39151,1970,25.0
39151,1971,29.0
39151,1972,22.5
39151,1973,27.4
39151,1974,27.8
39151,1975,32.1
39151,1976,31.3
39151,1977,35.2
39151,1978,31.9
39151,1979,35.1
39151,1980,35.0
39151,1981,35.1
39151,1982,31.1
39151,1983,34.8
39151,1984,36.0
39151,1985,35.2
39151,1986,37.2
39151,1987,37.9
39151,1988,31.7
39151,1989,28.9
39151,1990,37.3
39151,1991,25.9
39151,1992,36.9
39151,1993,30.5
39151,1994,47.1
39151,1995,41.8
39151,1996,33.1
39151,1997,40.5
39151,1998,45.3
39151,1999,39.9
39151,2000,42.1
39151,2001,30.9
39151,2002,30.9
39151,2003,39.0
39151,2004,42.6
39151,2005,49.3
39151,2006,42.5
39151,2007,49.9
39151,2008,36.0
39151,2009,48.0
39151,2010,44.5
39151,2011,47.7
39151,2012,44.6
39151,2013,47.3
39151,2014,43.2
39151,2015,39.2
39151,2016,45.4
39151,2017,45.8
39151,2018,50.5
39151,2019,48.2
39151,2020,47.2
39151,2021,50.9
39151,2022,48.6
39151,2023,57.1
39151,2024,50.2
39151,2025,37.8
39155,1951,20.0
39155,1952,21.1
39155,1953,14.0
39155,1954,14.2
39155,1955,19.2
39155,1956,16.7
39155,1957,18.0
39155,1958,19.0
39155,1959,22.0
39155,1960,22.0
39155,1961,23.0
39155,1962,22.0
39155,1963,19.0
39155,1964,19.4
39155,1965,19.0
39155,1966,18.0
39155,1967,18.5
39155,1968,25.0
39155,1969,25.6
39155,1970,24.0
39155,1971,23.0
39155,1972,21.0
39155,1973,23.9
39155,1974,25.6
39155,1975,29.0
39155,1976,29.2
39155,1977,29.4
39155,1978,30.5
39155,1979,27.2
39155,1980,34.4
39155,1981,30.5
39155,1982,26.5
39155,1983,31.5
39155,1984,35.0
39155,1985,39.3
39155,1986,36.2
39155,1987,40.8
39155,1988,33.6
39155,1989,29.9
39155,1990,34.7
39155,1991,33.7
39155,1992,35.7
39155,1993,33.8
39155,1994,40.7
39155,1995,39.0
39155,1996,39.2
39155,1997,32.1
39155,1998,43.6
39155,1999,37.6
39155,2000,43.4
39155,2001,30.7
39155,2002,32.8
39155,2003,31.8
39155,2004,40.3
39155,2005,42.6
39155,2006,43.4
39155,2007,49.4
39155,2008,45.0
39155,2009,45.0
39155,2010,46.6
39155,2011,44.8
39155,2012,51.8
39155,2013,48.6
39155,2014,44.7
39155,2015,34.8
39155,2016,56.4
39155,2017,42.9
39155,2018,47.0
39155,2019,47.2
39155,2020,51.4
39155,2021,50.8
39155,2022,53.8
39155,2023,54.0
39155,2024,50.7
39155,2025,43.8
39165,1951,16.6
39165,1952,18.8
39165,1953,21.0
39165,1954,22.7
39165,1955,23.0
39165,1956,23.0
39165,1957,19.5
39165,1958,21.1
39165,1959,25.1
39165,1960,22.0
39165,1961,24.5
39165,1962,24.0
39165,1963,25.0
39165,1964,19.5
39165,1965,20.5
39165,1966,25.0
39165,1967,24.5
39165,1968,27.5
39165,1969,32.0
39165,1970,31.0
39165,1971,30.0
39165,1972,23.5
39165,1973,23.1
39165,1974,26.8
39165,1975,32.2
39165,1976,31.9
39165,1977,31.4
39165,1978,32.9
39165,1979,32.1
39165,1980,30.2
39165,1981,33.0
39165,1982,33.8
39165,1983,27.0
39165,1984,37.0
39165,1985,38.0
39165,1986,41.7
39165,1987,37.2
39165,1988,32.9
39165,1989,34.4
39165,1990,36.5
39165,1991,42.4
39165,1992,42.1
39165,1993,40.3
39165,1994,44.9
39165,1995,38.6
39165,1996,36.8
39165,1997,41.3
39165,1998,33.4
39165,1999,27.6
39165,2000,41.6
39165,2001,40.9
39165,2002,33.3
39165,2003,35.1
39165,2004,45.6
39165,2005,42.5
39165,2006,46.7
39165,2007,38.0
39165,2008,32.0
39165,2009,47.5
39165,2010,46.4
39165,2011,43.3
39165,2012,41.0
39165,2013,48.6
39165,2014,53.1
39165,2015,55.3
39165,2016,54.2
39165,2017,48.6
39165,2018,52.8
39165,2019,49.4
39165,2020,54.0
39165,2021,53.2
39165,2022,52.2
39165,2023,57.0
39165,2024,51.5
39165,2025,54.6
39175,1951,17.9
39175,1952,18.9
39175,1953,19.9
39175,1954,25.2
39175,1955,24.0
39175,1956,21.5
39175,1957,22.5
39175,1958,27.5
39175,1959,23.6
39175,1960,25.5
39175,1961,28.0
39175,1962,24.5
39175,1963,22.5
39175,1964,20.5
39175,1965,21.0
39175,1966,32.0
39175,1967,25.0
39175,1968,31.0
39175,1969,29.5
39175,1970,27.5
39175,1971,28.0
39175,1972,29.0
39175,1973,24.1
39175,1974,22.4
39175,1975,32.7
39175,1976,32.9
39175,1977,35.8
39175,1978,31.6
39175,1979,35.3
39175,1980,37.4
39175,1981,29.2
39175,1982,35.5
39175,1983,33.5
39175,1984,37.0
39175,1985,43.4
39175,1986,44.6
39175,1987,38.5
39175,1988,20.8
39175,1989,34.2
39175,1990,38.8
39175,1991,38.6
39175,1992,38.4
39175,1993,39.7
39175,1994,45.2
39175,1995,36.2
39175,1996,34.5
39175,1997,42.8
39175,1998,46.8
39175,1999,41.8
39175,2000,41.6
39175,2001,35.6
39175,2002,24.6
39175,2003,38.3
39175,2004,44.3
39175,2005,47.4
39175,2006,44.2
39175,2007,50.0
39175,2008,33.5
39175,2009,50.5
39175,2010,49.2
39175,2011,50.5
39175,2012,43.5
39175,2013,48.5
39175,2014,50.8
39175,2015,52.7
39175,2016,52.2
39175,2017,50.4
39175,2018,58.3
39175,2019,47.7
39175,2020,59.8
39175,2021,56.6
39175,2022,61.6
39175,2023,58.7
39175,2024,49.6
39175,2025,56.9
