county_fips,latitude,longitude,weight
17007,42.2,-88.9,0.11023714054406965
17007,42.2,-88.8,0.12125711348472239
17007,42.2,-88.7,0.05384351743942144
17007,42.3,-88.9,0.11361568528893744
17007,42.3,-88.8,0.12536114559383454
17007,42.3,-88.7,0.05568373125058933
17007,42.4,-88.9,0.11340556942276489
17007,42.4,-88.8,0.12516478644230108
17007,42.4,-88.7,0.05523057015416682
17007,42.5,-88.9,0.04994691533063017
17007,42.5,-88.8,0.053047875654654866
17007,42.5,-88.7,0.02320594939390732
17011,41.1,-89.6,0.0005046671082238664
17011,41.1,-89.5,0.0004867422739760716
17011,41.2,-89.9,0.0004830020987543535
17011,41.2,-89.8,0.006484647825069415
17011,41.2,-89.7,0.006632384843938478
17011,41.2,-89.6,0.03724557993315573
17011,41.2,-89.5,0.03551798160502897
17011,41.2,-89.4,0.006534492074255038
17011,41.3,-89.9,0.002854896130190437
17011,41.3,-89.8,0.041109488199385195
17011,41.3,-89.7,0.04110948819938323
17011,41.3,-89.6,0.04110948819938468
17011,41.3,-89.5,0.04110948819938288
17011,41.3,-89.4,0.04110327099986918
17011,41.3,-89.3,0.017956459977377413
17011,41.3,-89.2,0.013206979786785221
17011,41.4,-89.9,0.0028314175612463273
17011,41.4,-89.8,0.04104734624780029
17011,41.4,-89.7,0.041047346247799404
17011,41.4,-89.6,0.04104734624780001
17011,41.4,-89.5,0.041047346247799564
17011,41.4,-89.4,0.04104734624779835
17011,41.4,-89.3,0.04104734624780269
17011,41.4,-89.2,0.034807628129875756
17011,41.5,-89.9,0.0032768163706174682
17011,41.5,-89.8,0.040985076775863695
17011,41.5,-89.7,0.040985076775867095
17011,41.5,-89.6,0.04098507677586973
17011,41.5,-89.5,0.04098507677586751
17011,41.5,-89.4,0.0409850767758681
17011,41.5,-89.3,0.04098507677587315
17011,41.5,-89.2,0.03426465457285908
17011,41.6,-89.9,0.0015926915697590759
17011,41.6,-89.8,0.01399778606685942
17011,41.6,-89.7,0.014192444410312439
17011,41.6,-89.6,0.014340547992375266
17011,41.6,-89.5,0.0143357742177227
17011,41.6,-89.4,0.014309330776803226
17011,41.6,-89.3,0.014348194680068356
17011,41.6,-89.2,0.012059118055331238
17015,41.9,-90.2,0.0013662997326613186
17015,41.9,-90.1,0.015522660994527404
17015,41.9,-90.0,0.014645228195570589
17015,41.9,-89.9,0.0144963607792722
17015,41.9,-89.8,0.01496061016915207
17015,41.9,-89.7,0.009451761800229476
17015,42.0,-90.2,0.0036174790861406474
17015,42.0,-90.1,0.07393816603629168
17015,42.0,-90.0,0.07608865481194144
17015,42.0,-89.9,0.07608865481193963
17015,42.0,-89.8,0.07608865481194226
17015,42.0,-89.7,0.0490061654987468
17015,42.1,-90.2,0.01826704236770503
17015,42.1,-90.1,0.07597073670696616
17015,42.1,-90.0,0.07597073670696511
17015,42.1,-89.9,0.07597073670696859
17015,42.1,-89.8,0.07597073670696951
17015,42.1,-89.7,0.048550390968200824
17015,42.2,-90.3,0.006796503167236124
17015,42.2,-90.2,0.03101052904820708
17015,42.2,-90.1,0.03568860316674222
17015,42.2,-90.0,0.03566538801168988
17015,42.2,-89.9,0.035623970394905266
17015,42.2,-89.8,0.03634620041229487
17015,42.2,-89.7,0.022897728906733906
17025,38.6,-88.7,0.016761164186702805
17025,38.6,-88.6,0.03422187463139188
17025,38.6,-88.5,0.03565660328001723
17025,38.6,-88.4,0.0375558778266351
17025,38.6,-88.3,0.027723956730656946
17025,38.6,-88.2,5.053586450518671e-06
17025,38.7,-88.7,0.03768664053860728
17025,38.7,-88.6,0.07940927442526004
17025,38.7,-88.5,0.0794092744252586
17025,38.7,-88.4,0.07940927442525325
17025,38.7,-88.3,0.057841312882845185
17025,38.8,-88.7,0.036248602139205305
17025,38.8,-88.6,0.07929993161117015
17025,38.8,-88.5,0.0792999316111708
17025,38.8,-88.4,0.07929993161116872
17025,38.8,-88.3,0.0720993888847015
17025,38.9,-88.7,0.02265621309448444
17025,38.9,-88.6,0.05164281445440463
17025,38.9,-88.5,0.05034367618045426
17025,38.9,-88.4,0.043238102392364565
17025,38.9,-88.3,0.00019110108179677137
17033,38.8,-87.8,0.00021894623858144965
17033,38.8,-87.7,1.3944596307592016e-05
17033,38.9,-87.9,0.07945270182036748
17033,38.9,-87.8,0.08337200078112537
17033,38.9,-87.7,0.08241277897387371
17033,38.9,-87.6,0.0816330121987371
17033,38.9,-87.5,0.015059310107057699
17033,39.0,-87.9,0.07998738699152141
17033,39.0,-87.8,0.08329826081421075
17033,39.0,-87.7,0.0832982608142135
17033,39.0,-87.6,0.0697688599631021
17033,39.0,-87.5,0.005939420247772549
17033,39.1,-87.9,0.0817238017500424
17033,39.1,-87.8,0.0831823123150691
17033,39.1,-87.7,0.08202791142295834
17033,39.1,-87.6,0.025178860412163096
17033,39.2,-88.0,3.27837974032931e-05
17033,39.2,-87.9,0.021528212801886756
17033,39.2,-87.8,0.023450082895136507
17033,39.2,-87.7,0.017844081464010616
17033,39.2,-87.6,0.0005770695944591811
17049,38.9,-88.8,0.01650510618960494
17049,38.9,-88.7,0.027647603098884147
17049,38.9,-88.6,0.026946736089022722
17049,38.9,-88.5,0.028217541032327896
17049,38.9,-88.4,0.026128190692503293
17049,39.0,-88.8,0.04341499296275198
17049,39.0,-88.7,0.07735581801132005
17049,39.0,-88.6,0.07735581801131955
17049,39.0,-88.5,0.07735581801131908
17049,39.0,-88.4,0.06782978631259598
17049,39.1,-88.8,0.043032474566308404
17049,39.1,-88.7,0.07724814120137188
17049,39.1,-88.6,0.0772481412013735
17049,39.1,-88.5,0.07724814120136886
17049,39.1,-88.4,0.06896391692725168
17049,39.2,-88.8,0.028282991730357063
17049,39.2,-88.7,0.05083279824751165
17049,39.2,-88.6,0.05054114865904616
17049,39.2,-88.5,0.04316915688831314
17049,39.2,-88.4,0.014675678965448002
17055,37.9,-89.2,0.0006730779017726824
17055,37.9,-89.1,0.07679112760828517
17055,37.9,-89.0,0.07681712813691204
17055,37.9,-88.9,0.076519725862878
17055,37.9,-88.8,0.07588362211897846
17055,37.9,-88.7,0.03278386796120922
17055,38.0,-89.2,0.00259245601090072
17055,38.0,-89.1,0.08196217819635607
17055,38.0,-89.0,0.08723727859593368
17055,38.0,-88.9,0.08723727859594083
17055,38.0,-88.8,0.08723727859593863
17055,38.0,-88.7,0.03826178748638594
17055,38.1,-89.1,0.04852413207728973
17055,38.1,-89.0,0.06552500519021451
17055,38.1,-88.9,0.06613065608512349
17055,38.1,-88.8,0.06637417629151157
17055,38.1,-88.7,0.0294492232843693
17057,40.2,-90.5,0.00033204357490668635
17057,40.2,-90.4,0.025501859425793014
17057,40.2,-90.3,0.026271897731607784
17057,40.2,-90.2,0.02293532050260094
17057,40.2,-90.1,0.00335363266967278
17057,40.3,-90.5,5.63638169645493e-05
17057,40.3,-90.4,0.041113031036669995
17057,40.3,-90.3,0.041297539047803845
17057,40.3,-90.2,0.041297539047803415
17057,40.3,-90.1,0.031222010866042475
17057,40.3,-90.0,7.753946935180142e-07
17057,40.4,-90.4,0.04041177518738994
17057,40.4,-90.3,0.04123730337932274
17057,40.4,-90.2,0.04123730337932125
17057,40.4,-90.1,0.04120658474431089
17057,40.4,-90.0,0.024331228816268823
17057,40.4,-89.9,0.002753439989164139
17057,40.5,-90.4,0.0400364653754775
17057,40.5,-90.3,0.041176939833426324
17057,40.5,-90.2,0.04117693983342558
17057,40.5,-90.1,0.04117693983342264
17057,40.5,-90.0,0.041176939833420266
17057,40.5,-89.9,0.027357219841919845
17057,40.6,-90.4,0.03950048820476837
17057,40.6,-90.3,0.04111644857407011
17057,40.6,-90.2,0.0411164485740706
17057,40.6,-90.1,0.04111644857407178
17057,40.6,-90.0,0.03724080013441507
17057,40.6,-89.9,0.02372635303530713
17057,40.7,-90.4,0.02508086924490254
17057,40.7,-90.3,0.02624450029244232
17057,40.7,-90.2,0.026100625437737803
17057,40.7,-90.1,0.025945977776572246
17057,40.7,-90.0,0.016149946990213028
17075,40.5,-88.1,0.013707253778307766
17075,40.5,-88.0,0.02041549084576092
17075,40.5,-87.9,0.020698929821766073
17075,40.5,-87.8,0.020255781172589072
17075,40.5,-87.7,0.020112829592437036
17075,40.5,-87.6,0.01966417261944472
17075,40.5,-87.5,0.004537949060348902
17075,40.6,-88.1,0.022451697015483742
17075,40.6,-88.0,0.03243563212351452
17075,40.6,-87.9,0.032435632123510555
17075,40.6,-87.8,0.032435632123510215
17075,40.6,-87.7,0.03243563212351197
17075,40.6,-87.6,0.03243563212351509
17075,40.6,-87.5,0.007712448469313445
17075,40.7,-88.1,0.023664063035867773
17075,40.7,-88.0,0.03238781161768415
17075,40.7,-87.9,0.03238781161768379
17075,40.7,-87.8,0.03238781161768459
17075,40.7,-87.7,0.032387811617683636
17075,40.7,-87.6,0.03238781161768131
17075,40.7,-87.5,0.0077305337592693
17075,40.8,-88.1,0.02476064983980155
17075,40.8,-88.0,0.03233989062205807
17075,40.8,-87.9,0.03233989062205888
17075,40.8,-87.8,0.03233989062205968
17075,40.8,-87.7,0.0323398906220597
17075,40.8,-87.6,0.03233989062206012
17075,40.8,-87.5,0.007797457009780655
17075,40.9,-88.1,0.02568834313396935
17075,40.9,-88.0,0.03229186926700081
17075,40.9,-87.9,0.032291869267001796
17075,40.9,-87.8,0.0322918692670012
17075,40.9,-87.7,0.03229186926700206
17075,40.9,-87.6,0.032291869267003816
17075,40.9,-87.5,0.007724352512235151
17075,41.0,-88.1,0.012725381692283802
17075,41.0,-88.0,0.01624073751885735
17075,41.0,-87.9,0.01707652202154027
17075,41.0,-87.8,0.017747556629921505
17075,41.0,-87.7,0.01838865563597916
17075,41.0,-87.6,0.01900871809419003
17075,41.0,-87.5,0.0046144585895663715
17081,38.1,-89.1,0.016158370174189515
17081,38.1,-89.0,0.015962424467238123
17081,38.1,-88.9,0.015514747560466393
17081,38.1,-88.8,0.01533474555989292
17081,38.1,-88.7,0.00720364917263686
17081,38.2,-89.1,0.0630198039267856
17081,38.2,-89.0,0.06430955762347136
17081,38.2,-88.9,0.06430955762347139
17081,38.2,-88.8,0.06430955762347616
17081,38.2,-88.7,0.029862689879380365
17081,38.3,-89.1,0.06180192363832452
17081,38.3,-89.0,0.06422259749457236
17081,38.3,-88.9,0.06422259749456731
17081,38.3,-88.8,0.0642225974945666
17081,38.3,-88.7,0.03128319415571219
17081,38.4,-89.1,0.06114366651316977
17081,38.4,-89.0,0.06413543896473022
17081,38.4,-88.9,0.06413543896473288
17081,38.4,-88.8,0.0641354389647306
17081,38.4,-88.7,0.032331220676007216
17081,38.5,-89.1,0.014622025195224366
17081,38.5,-89.0,0.015997014166577724
17081,38.5,-88.9,0.017005884868868164
17081,38.5,-88.8,0.016507119163110217
17081,38.5,-88.7,0.008248738634097117
17089,41.7,-88.6,0.010672920833885812
17089,41.7,-88.5,0.019769890441639047
17089,41.7,-88.4,0.018832734025533173
17089,41.7,-88.3,0.015667252767732967
17089,41.8,-88.6,0.03550502431765038
17089,41.8,-88.5,0.06799267316531346
17089,41.8,-88.4,0.06799267316531189
17089,41.8,-88.3,0.05947449709479809
17089,41.9,-88.6,0.03497464781951521
17089,41.9,-88.5,0.06788804829678093
17089,41.9,-88.4,0.06788804829678118
17089,41.9,-88.3,0.059369504275258264
17089,42.0,-88.6,0.03490588202514338
17089,42.0,-88.5,0.06778321233025204
17089,42.0,-88.4,0.06778321233024576
17089,42.0,-88.3,0.058935972263534676
17089,42.1,-88.6,0.02749169132610964
17089,42.1,-88.5,0.0676781655533376
17089,42.1,-88.4,0.06767816555334043
17089,42.1,-88.3,0.06612396028002343
17089,42.1,-88.2,0.006565586297553184
17089,42.2,-88.6,0.0009445102504030935
17089,42.2,-88.5,0.002517896373483875
17089,42.2,-88.4,0.0026444791800403155
17089,42.2,-88.3,0.0026153689328574765
17089,42.2,-88.2,0.00030398280347472187
17095,40.7,-90.4,0.016822027828769636
17095,40.7,-90.3,0.0181606551908907
17095,40.7,-90.2,0.018337064852943282
17095,40.7,-90.1,0.01852668340511925
17095,40.7,-90.0,0.012042361095824546
17095,40.8,-90.4,0.04673869927975385
17095,40.8,-90.3,0.05026541193617163
17095,40.8,-90.2,0.05026541193617341
17095,40.8,-90.1,0.05026541193617034
17095,40.8,-90.0,0.03247219653624584
17095,40.9,-90.4,0.045968419384411506
17095,40.9,-90.3,0.05019077305683886
17095,40.9,-90.2,0.050190773056837
17095,40.9,-90.1,0.050190773056837196
17095,40.9,-90.0,0.03241364169369527
17095,41.0,-90.4,0.045252809038499944
17095,41.0,-90.3,0.05011597839365659
17095,41.0,-90.2,0.05011597839365655
17095,41.0,-90.1,0.05011597839365495
17095,41.0,-90.0,0.03240645046659119
17095,41.1,-90.4,0.0443743821036634
17095,41.1,-90.3,0.05004102815042002
17095,41.1,-90.2,0.05004102815041914
17095,41.1,-90.1,0.04997077948622966
17095,41.1,-90.0,0.032457409742923764
17095,41.2,-90.4,0.0005652113601593705
17095,41.2,-90.3,0.0007209710734831608
17095,41.2,-90.2,0.0008572204654688138
17095,41.2,-90.1,0.00011447053449117969
17105,40.6,-88.6,0.002856314443392605
17105,40.6,-88.5,0.011422300874549932
17105,40.6,-88.4,0.011331203222872586
17105,40.6,-88.3,0.011223320206597847
17105,40.6,-88.2,0.0016215603029385104
17105,40.7,-88.6,0.010945806758588238
17105,40.7,-88.5,0.03464474825020946
17105,40.7,-88.4,0.03464474825020981
17105,40.7,-88.3,0.034644748250210924
17105,40.7,-88.2,0.004294687901594529
17105,40.8,-88.9,0.02660799931475448
17105,40.8,-88.8,0.032796950135027446
17105,40.8,-88.7,0.03238369162059078
17105,40.8,-88.6,0.03294391444103776
17105,40.8,-88.5,0.034593487891869376
17105,40.8,-88.4,0.03459348789187042
17105,40.8,-88.3,0.034593487891871784
17105,40.8,-88.2,0.0032215680984060404
17105,40.9,-88.9,0.028059586609658
17105,40.9,-88.8,0.03454212018057971
17105,40.9,-88.7,0.03454212018057875
17105,40.9,-88.6,0.03454212018057942
17105,40.9,-88.5,0.03454212018058038
17105,40.9,-88.4,0.03454212018057944
17105,40.9,-88.3,0.0345421201805783
17105,40.9,-88.2,0.0020652894091059875
17105,41.0,-88.9,0.027865828515826984
17105,41.0,-88.8,0.03449064525626011
17105,41.0,-88.7,0.03449064525625832
17105,41.0,-88.6,0.034490645256259674
17105,41.0,-88.5,0.03449064525626112
17105,41.0,-88.4,0.03449064525626279
17105,41.0,-88.3,0.034490645256261374
17105,41.0,-88.2,0.0008651409174477146
17105,41.1,-88.9,0.015594810823363841
17105,41.1,-88.8,0.01947763072546376
17105,41.1,-88.7,0.019717483943486096
17105,41.1,-88.6,0.02002663898886546
17105,41.1,-88.5,0.02020577170232124
17105,41.1,-88.4,0.02089790151110389
17105,41.1,-88.3,0.02163281502349088
17105,41.1,-88.2,3.0483462234185064e-05
17113,40.3,-89.3,0.002860872224253457
17113,40.3,-89.2,0.02096437050634436
17113,40.3,-89.1,0.020761299303645567
17113,40.3,-89.0,0.02062508080055566
17113,40.3,-88.9,0.020693399300207072
17113,40.3,-88.8,0.020721679607730335
17113,40.3,-88.7,0.02082942204701522
17113,40.3,-88.6,0.020992071878514252
17113,40.3,-88.5,0.018893804855252907
17113,40.4,-89.3,0.004607806474758213
17113,40.4,-89.2,0.03068172498130342
17113,40.4,-89.1,0.030681724981303733
17113,40.4,-89.0,0.030681724981306467
17113,40.4,-88.9,0.03068172498130657
17113,40.4,-88.8,0.03068172498130673
17113,40.4,-88.7,0.030681724981305548
17113,40.4,-88.6,0.030681724981303084
17113,40.4,-88.5,0.027635962221422315
17113,40.5,-89.3,0.005165798342040288
17113,40.5,-89.2,0.030636812788644302
17113,40.5,-89.1,0.030636812788643313
17113,40.5,-89.0,0.030636812788641422
17113,40.5,-88.9,0.030636812788640017
17113,40.5,-88.8,0.030636812788639896
17113,40.5,-88.7,0.030636812788642193
17113,40.5,-88.6,0.0306368127886451
17113,40.5,-88.5,0.027793671811295308
17113,40.6,-89.3,0.0025451605627873314
17113,40.6,-89.2,0.013950931490437683
17113,40.6,-89.1,0.020505330278973204
17113,40.6,-89.0,0.03022421767480757
17113,40.6,-88.9,0.03059180557354873
17113,40.6,-88.8,0.030591805573548823
17113,40.6,-88.7,0.03059180557354767
17113,40.6,-88.6,0.028073357765644475
17113,40.6,-88.5,0.018589506827704473
17113,40.7,-89.0,0.013572302392586336
17113,40.7,-88.9,0.03054670345834272
17113,40.7,-88.8,0.0305467034583424
17113,40.7,-88.7,0.030546703458341148
17113,40.7,-88.6,0.020895650122577037
17113,40.8,-89.0,0.0002968958055835606
17113,40.8,-88.9,0.0011692325722824138
17113,40.8,-88.8,0.0015840295825997777
17113,40.8,-88.7,0.0019484047312086623
17113,40.8,-88.6,0.001454449334469181
17117,39.0,-90.1,0.021013333247415198
17117,39.0,-90.0,0.021931795588439423
17117,39.0,-89.9,0.021962859989691073
17117,39.0,-89.8,0.022038242562402246
17117,39.0,-89.7,0.011209593138243927
17117,39.1,-90.1,0.04102392292778157
17117,39.1,-90.0,0.04273407391981782
17117,39.1,-89.9,0.04273407391981847
17117,39.1,-89.8,0.04273407391981703
17117,39.1,-89.7,0.021605332334191214
17117,39.2,-90.1,0.04136322004307437
17117,39.2,-90.0,0.0426743743405936
17117,39.2,-89.9,0.042674374340593436
17117,39.2,-89.8,0.04267437434059322
17117,39.2,-89.7,0.02096802085372397
17117,39.3,-90.2,1.0540194162987777e-05
17117,39.3,-90.1,0.04207730307907524
17117,39.3,-90.0,0.04261454271495041
17117,39.3,-89.9,0.042614542714950916
17117,39.3,-89.8,0.0426145427149471
17117,39.3,-89.7,0.02011964364028429
17117,39.4,-90.2,0.0006856008561635653
17117,39.4,-90.1,0.04255457920417501
17117,39.4,-90.0,0.04255457920417561
17117,39.4,-89.9,0.042554579204174686
17117,39.4,-89.8,0.04255457920417839
17117,39.4,-89.7,0.021305937303214686
17117,39.5,-90.2,0.0009805465300886532
17117,39.5,-90.1,0.03009136690568595
17117,39.5,-90.0,0.030431987406308245
17117,39.5,-89.9,0.03071870996054012
17117,39.5,-89.8,0.03096734774509475
17117,39.5,-89.7,0.0152074059516328
17119,38.7,-90.2,0.021962503013400626
17119,38.7,-90.1,0.04558257545730343
17119,38.7,-90.0,0.046220959832994256
17119,38.7,-89.9,0.04675110525387479
17119,38.7,-89.8,0.04751992936875805
17119,38.7,-89.7,0.047792296534800376
17119,38.7,-89.6,0.025510739648414597
17119,38.8,-90.2,0.0030586160857254082
17119,38.8,-90.1,0.039646587374839073
17119,38.8,-90.0,0.050313568378967624
17119,38.8,-89.9,0.05031356837896794
17119,38.8,-89.8,0.05031356837896535
17119,38.8,-89.7,0.050313568378963974
17119,38.8,-89.6,0.02591119768943095
17119,38.9,-90.3,0.0036667622078036975
17119,38.9,-90.2,0.028714934387753768
17119,38.9,-90.1,0.048790514060366365
17119,38.9,-90.0,0.05024403787760079
17119,38.9,-89.9,0.050244037877602434
17119,38.9,-89.8,0.05024403787760292
17119,38.9,-89.7,0.05024403787760102
17119,38.9,-89.6,0.010909034336885864
17119,39.0,-90.3,0.006029468632688401
17119,39.0,-90.2,0.02464948200316727
17119,39.0,-90.1,0.024504154556018988
17119,39.0,-90.0,0.024459932782264736
17119,39.0,-89.9,0.02442351063739356
17119,39.0,-89.8,0.024335126671390102
17119,39.0,-89.7,0.02457293643040198
17119,39.0,-89.6,0.0027572080080516333
17121,38.5,-89.1,0.046066822737302685
17121,38.5,-89.0,0.04868782426947773
17121,38.5,-88.9,0.047665584360874695
17121,38.5,-88.8,0.04817095953760807
17121,38.5,-88.7,0.024753000000055553
17121,38.6,-89.1,0.0590160837153636
17121,38.6,-89.0,0.06480811047233721
17121,38.6,-88.9,0.06480811047233852
17121,38.6,-88.8,0.0648081104723367
17121,38.6,-88.7,0.033386063216531356
17121,38.7,-89.1,0.05747509577452547
17121,38.7,-89.0,0.06471919528101654
17121,38.7,-88.9,0.06471919528101266
17121,38.7,-88.8,0.06471919528101196
17121,38.7,-88.7,0.034004281108122716
17121,38.8,-89.1,0.04198096209389887
17121,38.8,-89.0,0.04739242660323011
17121,38.8,-88.9,0.04802936630435222
17121,38.8,-88.8,0.04829006661135203
17121,38.8,-88.7,0.02649954640725138
17133,38.1,-90.3,0.0023299426189826444
17133,38.1,-90.2,0.048819349364870715
17133,38.1,-90.1,0.030616935413172893
17133,38.1,-90.0,0.002135703999895612
17133,38.2,-90.4,0.0040385974371826595
17133,38.2,-90.3,0.07266788395058703
17133,38.2,-90.2,0.09427725085043642
17133,38.2,-90.1,0.09427725085044077
17133,38.2,-90.0,0.03556661488305833
17133,38.2,-89.9,0.012344195101996823
17133,38.3,-90.4,0.019142350310485105
17133,38.3,-90.3,0.09414976805954593
17133,38.3,-90.2,0.09414976805954586
17133,38.3,-90.1,0.09277136342311171
17133,38.3,-90.0,0.05778935670212298
17133,38.3,-89.9,0.02049429693687907
17133,38.4,-90.4,0.0013606884431719257
17133,38.4,-90.3,0.06899041316699273
17133,38.4,-90.2,0.09179424405272933
17133,38.4,-90.1,0.0254672873624861
17133,38.5,-90.3,0.015659096767827674
17133,38.5,-90.2,0.02115764224447773
17143,40.5,-89.9,0.004019247631044958
17143,40.5,-89.8,0.00469023730882733
17143,40.6,-90.0,0.005424931978281738
17143,40.6,-89.9,0.024341755157226815
17143,40.6,-89.8,0.05716645071941985
17143,40.6,-89.7,0.051835524801989975
17143,40.6,-89.6,0.004945444588926927
17143,40.7,-90.0,0.021114453229410662
17143,40.7,-89.9,0.057467824354669586
17143,40.7,-89.8,0.05746782435467435
17143,40.7,-89.7,0.05746782435467505
17143,40.7,-89.6,0.04309040110529573
17143,40.7,-89.5,0.00020086260955270597
17143,40.8,-90.0,0.020312664156233253
17143,40.8,-89.9,0.057382794980295825
17143,40.8,-89.8,0.05738279498029356
17143,40.8,-89.7,0.0573827949802924
17143,40.8,-89.6,0.05427003934937639
17143,40.8,-89.5,0.0036340722058345286
17143,40.9,-90.0,0.02029430268361002
17143,40.9,-89.9,0.057297587531569626
17143,40.9,-89.8,0.05729758753157105
17143,40.9,-89.7,0.05729758753156632
17143,40.9,-89.6,0.05729758753156524
17143,40.9,-89.5,0.03719646432245163
17143,41.0,-90.0,0.005021666243596821
17143,41.0,-89.9,0.014273933837495355
17143,41.0,-89.8,0.014024327756367236
17143,41.0,-89.7,0.013633174616683397
17143,41.0,-89.6,0.01340287193022232
17143,41.0,-89.5,0.013225413332657601
17143,41.0,-89.4,0.00013955230432168223
17145,38.0,-89.6,0.03529993455776884
17145,38.0,-89.5,0.08084564209713965
17145,38.0,-89.4,0.08206494422074731
17145,38.0,-89.3,0.08343893043647421
17145,38.0,-89.2,0.08146696752227592
17145,38.0,-89.1,0.00509159469535547
17145,38.1,-89.6,0.03595313823181471
17145,38.1,-89.5,0.08408950782799404
17145,38.1,-89.4,0.08408950782799408
17145,38.1,-89.3,0.08408950782801157
17145,38.1,-89.2,0.0840895078279948
17145,38.1,-89.1,0.01615359288365175
17145,38.2,-89.6,0.024638510388412842
17145,38.2,-89.5,0.05625669137692359
17145,38.2,-89.4,0.05440463884010909
17145,38.2,-89.3,0.053713140825149525
17145,38.2,-89.2,0.05347613308848596
17145,38.2,-89.1,0.0008381095236966829
17157,37.8,-89.8,0.00017599452636719425
17157,37.8,-89.7,0.013510683983804294
17157,37.9,-90.0,0.005536473149277304
17157,37.9,-89.9,0.043748694285642646
17157,37.9,-89.8,0.04788948089705864
17157,37.9,-89.7,0.0625297251787423
17157,37.9,-89.6,0.013348212635406413
17157,38.0,-90.1,0.014268055087196953
17157,38.0,-90.0,0.04699714316155536
17157,38.0,-89.9,0.06085457575335095
17157,38.0,-89.8,0.06305781340101166
17157,38.0,-89.7,0.06305781340100963
17157,38.0,-89.6,0.035147546688849646
17157,38.1,-90.2,0.006802031450375005
17157,38.1,-90.1,0.04022744758292943
17157,38.1,-90.0,0.06154852705441194
17157,38.1,-89.9,0.06297316380171969
17157,38.1,-89.8,0.06297316380172512
17157,38.1,-89.7,0.06297316380172324
17157,38.1,-89.6,0.03604848649609236
17157,38.2,-90.0,0.03916335290893729
17157,38.2,-89.9,0.044531682354255905
17157,38.2,-89.8,0.04394954629581381
17157,38.2,-89.7,0.04368338728889661
17157,38.2,-89.6,0.025003835013846634
17163,38.2,-89.9,0.008966352636981837
17163,38.2,-89.8,0.016775913680946494
17163,38.2,-89.7,0.00791467452756096
17163,38.3,-90.1,0.0008144682157848316
17163,38.3,-90.0,0.021484547121165556
17163,38.3,-89.9,0.04352135690961153
17163,38.3,-89.8,0.05563097481044713
17163,38.3,-89.7,0.025763951953889426
17163,38.4,-90.2,0.0013163274516838543
17163,38.4,-90.1,0.040507430445742426
17163,38.4,-90.0,0.055555476245039134
17163,38.4,-89.9,0.055555476245037844
17163,38.4,-89.8,0.05555547624503453
17163,38.4,-89.7,0.025448704614879514
17163,38.5,-90.3,0.0013748422776910197
17163,38.5,-90.2,0.04287961932035173
17163,38.5,-90.1,0.05547980602299847
17163,38.5,-90.0,0.055479806022999366
17163,38.5,-89.9,0.05547980602299881
17163,38.5,-89.8,0.055479806023002856
17163,38.5,-89.7,0.025057636650697653
17163,38.6,-90.2,0.02814885460993436
17163,38.6,-90.1,0.055403964347308064
17163,38.6,-90.0,0.05540396434730715
17163,38.6,-89.9,0.05540396434730898
17163,38.6,-89.8,0.055403964347310486
17163,38.6,-89.7,0.024300502231340657
17163,38.7,-90.2,0.0017071368749566325
17163,38.7,-90.1,0.005271516545616739
17163,38.7,-90.0,0.004570475728882251
17163,38.7,-89.9,0.003988297353287123
17163,38.7,-89.8,0.003144014338303489
17163,38.7,-89.7,0.0012108914838990768
17167,39.5,-89.9,0.008751621588071017
17167,39.5,-89.8,0.011404335493732846
17167,39.5,-89.7,0.011175853349493154
17167,39.5,-89.6,0.010754794579039486
17167,39.5,-89.5,0.001730778866039616
17167,39.6,-90.0,0.00042302315841789736
17167,39.6,-89.9,0.03730343053805495
17167,39.6,-89.8,0.041982197122104964
17167,39.6,-89.7,0.0419821971221066
17167,39.6,-89.6,0.04198219712210384
17167,39.6,-89.5,0.00862264444027428
17167,39.7,-90.0,0.010891796775541925
17167,39.7,-89.9,0.04192248193551877
17167,39.7,-89.8,0.041922481935519236
17167,39.7,-89.7,0.041922481935518605
17167,39.7,-89.6,0.04192248193552011
17167,39.7,-89.5,0.037821355825706095
17167,39.7,-89.4,0.007550711781331036
17167,39.8,-90.0,0.017131555922881937
17167,39.8,-89.9,0.04186263691173958
17167,39.8,-89.8,0.04186263691173948
17167,39.8,-89.7,0.04186263691173612
17167,39.8,-89.6,0.04186263691173755
17167,39.8,-89.5,0.041862636911738874
17167,39.8,-89.4,0.040046832106979444
17167,39.8,-89.3,0.027051894860177984
17167,39.8,-89.2,0.004337183419530361
17167,39.9,-90.0,0.009635508556543252
17167,39.9,-89.9,0.021592588129382133
17167,39.9,-89.8,0.023006403032385065
17167,39.9,-89.7,0.03494214957710433
17167,39.9,-89.6,0.0418026622126225
17167,39.9,-89.5,0.039445098743700904
17167,39.9,-89.4,0.03119081420564218
17167,39.9,-89.3,0.028069610382421152
17167,39.9,-89.2,0.009032658775629754
17167,40.0,-89.7,0.0051246822230171605
17167,40.0,-89.6,0.010859795153974046
17167,40.0,-89.5,0.0073505126352217095
17177,42.2,-89.9,0.023299822558686723
17177,42.2,-89.8,0.03267275549434249
17177,42.2,-89.7,0.0320425920214989
17177,42.2,-89.6,0.030950863991451597
17177,42.2,-89.5,0.030850051475486483
17177,42.2,-89.4,0.016266326424936594
17177,42.3,-89.9,0.0448453433263749
17177,42.3,-89.8,0.0626340509111633
17177,42.3,-89.7,0.06263405091116306
17177,42.3,-89.6,0.06263405091116321
17177,42.3,-89.5,0.06263405091116542
17177,42.3,-89.4,0.032879875689988625
17177,42.4,-89.9,0.046482455909218415
17177,42.4,-89.8,0.06253594420483927
17177,42.4,-89.7,0.06253594420484115
17177,42.4,-89.6,0.06253594420484437
17177,42.4,-89.5,0.06253594420483828
17177,42.4,-89.4,0.03214481615312843
17177,42.5,-89.9,0.026483686980942542
17177,42.5,-89.8,0.034623540298827436
17177,42.5,-89.7,0.034430068922017575
17177,42.5,-89.6,0.03343626235974219
17177,42.5,-89.5,0.03224815499899271
17177,42.5,-89.4,0.015663402930346407
17179,40.3,-89.7,0.011029321030064926
17179,40.3,-89.6,0.016459879768859376
17179,40.3,-89.5,0.015600165400034704
17179,40.3,-89.4,0.014567559206295896
17179,40.3,-89.3,0.011995796199212308
17179,40.4,-89.9,0.004942082805202859
17179,40.4,-89.8,0.00840308006949397
17179,40.4,-89.7,0.03940937017674792
17179,40.4,-89.6,0.05531896496225556
17179,40.4,-89.5,0.05531896496225747
17179,40.4,-89.4,0.05531896496225672
17179,40.4,-89.3,0.047011117698612256
17179,40.5,-89.9,0.014686928120660728
17179,40.5,-89.8,0.05074299903445729
17179,40.5,-89.7,0.05523798854996049
17179,40.5,-89.6,0.05523798854995974
17179,40.5,-89.5,0.05523798854995843
17179,40.5,-89.4,0.05523798854995826
17179,40.5,-89.3,0.045924085317354896
17179,40.6,-89.8,0.00037014672835089654
17179,40.6,-89.7,0.005479153912620767
17179,40.6,-89.6,0.050417267927019574
17179,40.6,-89.5,0.055156840812781674
17179,40.6,-89.4,0.055156840812778954
17179,40.6,-89.3,0.0335572587668539
17179,40.7,-89.6,0.013705019177386178
17179,40.7,-89.5,0.053563502113600114
17179,40.7,-89.4,0.053939423032688893
17179,40.7,-89.3,0.01097331280231529
17189,38.2,-89.7,0.010871312491566905
17189,38.2,-89.6,0.020571259310847426
17189,38.2,-89.5,0.02197442212186765
17189,38.2,-89.4,0.023442621462098252
17189,38.2,-89.3,0.02399080079781161
17189,38.2,-89.2,0.024178686722032237
17189,38.2,-89.1,0.0006707124326719163
17189,38.3,-89.7,0.0356923892122694
17189,38.3,-89.6,0.06648143053055015
17189,38.3,-89.5,0.06648143053055196
17189,38.3,-89.4,0.0664814305305514
17189,38.3,-89.3,0.06648143053056067
17189,38.3,-89.2,0.06648143053055282
17189,38.3,-89.1,0.002505813640200533
17189,38.4,-89.7,0.02926059439691399
17189,38.4,-89.6,0.06591229585529862
17189,38.4,-89.5,0.0663912064665519
17189,38.4,-89.4,0.06639120646654842
17189,38.4,-89.3,0.0663912064665583
17189,38.4,-89.2,0.06639120646655185
17189,38.4,-89.1,0.0030969988782881485
17189,38.5,-89.6,0.012979940283345877
17189,38.5,-89.5,0.01711792248776814
17189,38.5,-89.4,0.03135838949549367
17189,38.5,-89.3,0.03940100903354568
17189,38.5,-89.2,0.037011195540164396
17189,38.5,-89.1,0.0019916573188380454
17201,42.2,-89.4,0.015243809175151633
17201,42.2,-89.3,0.032154776566501106
17201,42.2,-89.2,0.039808076307317905
17201,42.2,-89.1,0.06780613830199449
17201,42.2,-89.0,0.06710907987518384
17201,42.2,-88.9,0.006486639742924887
17201,42.3,-89.4,0.03236112663389491
17201,42.3,-89.3,0.06812181611701698
17201,42.3,-89.2,0.0681218161170098
17201,42.3,-89.1,0.0681218161170109
17201,42.3,-89.0,0.06812181611700903
17201,42.3,-88.9,0.006382536497330274
17201,42.4,-89.4,0.03305388692906921
17201,42.4,-89.3,0.06801511366187019
17201,42.4,-89.2,0.06801511366185777
17201,42.4,-89.1,0.06801511366186265
17201,42.4,-89.0,0.06801511366186247
17201,42.4,-88.9,0.006390011958568494
17201,42.5,-89.4,0.0172457410426689
17201,42.5,-89.3,0.0332588592787795
17201,42.5,-89.2,0.032376783680491655
17201,42.5,-89.1,0.03166780888559093
17201,42.5,-89.0,0.031194943259646418
17201,42.5,-88.9,0.002912062749386101
17203,40.6,-89.3,0.020628813676868828
17203,40.6,-89.2,0.03638506597427723
17203,40.6,-89.1,0.02205395384930685
17203,40.6,-89.0,0.0008037264076566136
17203,40.7,-89.6,8.96096023481906e-05
17203,40.7,-89.5,0.0016001782533892354
17203,40.7,-89.4,0.0013777452216723453
17203,40.7,-89.3,0.05348267292920888
17203,40.7,-89.2,0.06678999042224561
17203,40.7,-89.1,0.06678999042223999
17203,40.7,-89.0,0.03711431860891754
17203,40.8,-89.6,0.0036176925281292335
17203,40.8,-89.5,0.06246759329460828
17203,40.8,-89.4,0.06669116797395051
17203,40.8,-89.3,0.06669116797395923
17203,40.8,-89.2,0.06669116797395218
17203,40.8,-89.1,0.06669116797395364
17203,40.8,-89.0,0.06604200895623939
17203,40.8,-88.9,0.012838337485294745
17203,40.9,-89.5,0.02166287423548927
17203,40.9,-89.4,0.047885661392553985
17203,40.9,-89.3,0.04921612927907374
17203,40.9,-89.2,0.05075728618628688
17203,40.9,-89.1,0.050904015707635565
17203,40.9,-89.0,0.051023716823497794
17203,40.9,-88.9,0.009703946847244302
18003,40.9,-85.3,0.015486151365229921
18003,40.9,-85.2,0.01820895304819024
18003,40.9,-85.1,0.01780337384539738
18003,40.9,-85.0,0.0170450589615746
18003,40.9,-84.9,0.01616440397602067
18003,40.9,-84.8,0.007199446657082684
18003,41.0,-85.3,0.04687329918305691
18003,41.0,-85.2,0.054657136221240285
18003,41.0,-85.1,0.054657136221242054
18003,41.0,-85.0,0.054657136221238925
18003,41.0,-84.9,0.054657136221242776
18003,41.0,-84.8,0.025535401012942816
18003,41.1,-85.3,0.04758030562277246
18003,41.1,-85.2,0.05457539451358803
18003,41.1,-85.1,0.05457539451358742
18003,41.1,-85.0,0.05457539451358925
18003,41.1,-84.9,0.05457539451358801
18003,41.1,-84.8,0.025430019888580502
18003,41.2,-85.3,0.03709280843061257
18003,41.2,-85.2,0.054493483351222026
18003,41.2,-85.1,0.05449348335122143
18003,41.2,-85.0,0.05449348335122396
18003,41.2,-84.9,0.054493483351226085
18003,41.2,-84.8,0.025344839039240678
18003,41.3,-85.3,0.00446542005197821
18003,41.3,-85.2,0.007731473085963972
18003,41.3,-85.1,0.00840643042550472
18003,41.3,-85.0,0.009218467626333183
18003,41.3,-84.9,0.010328024974726608
18003,41.3,-84.8,0.0051820664605816864
18007,40.5,-87.5,0.04995822170768511
18007,40.5,-87.4,0.06546263613110881
18007,40.5,-87.3,0.0658354431946898
18007,40.5,-87.2,0.06640385918373952
18007,40.5,-87.1,0.03702612505909409
18007,40.6,-87.5,0.06805112002852978
18007,40.6,-87.4,0.08927980820395913
18007,40.6,-87.3,0.08927980820396529
18007,40.6,-87.2,0.08927980820396283
18007,40.6,-87.1,0.048011683973091066
18007,40.7,-87.5,0.05897087353299932
18007,40.7,-87.4,0.0771928625383585
18007,40.7,-87.3,0.07716963886695807
18007,40.7,-87.2,0.07726968731705663
18007,40.7,-87.1,0.04080842385480208
18011,39.9,-86.7,0.010592443584193366
18011,39.9,-86.6,0.023596453305791198
18011,39.9,-86.5,0.023460402783252385
18011,39.9,-86.4,0.02273894978322004
18011,39.9,-86.3,0.02204113995607219
18011,39.9,-86.2,0.001912045137045785
18011,40.0,-86.7,0.039368567162032346
18011,40.0,-86.6,0.08650450951533709
18011,40.0,-86.5,0.08650450951533414
18011,40.0,-86.4,0.08650450951533009
18011,40.0,-86.3,0.08650450951532467
18011,40.0,-86.2,0.0076567839044080375
18011,40.1,-86.7,0.03950245469952184
18011,40.1,-86.6,0.08637968547426261
18011,40.1,-86.5,0.08637968547426327
18011,40.1,-86.4,0.08637968547426499
18011,40.1,-86.3,0.086379685474263
18011,40.1,-86.2,0.007166579134997497
18011,40.2,-86.7,0.011400375636698821
18011,40.2,-86.6,0.024239839739413564
18011,40.2,-86.5,0.023537730601896283
18011,40.2,-86.4,0.023676222592840537
18011,40.2,-86.3,0.02550304562202496
18011,40.2,-86.2,0.0020701863982113384
18019,38.3,-85.8,0.02642085471877483
18019,38.3,-85.7,0.059255751140427346
18019,38.3,-85.6,0.0005993890105719835
18019,38.4,-86.0,0.01844885246301506
18019,38.4,-85.9,0.04578106365316035
18019,38.4,-85.8,0.06479348729091199
18019,38.4,-85.7,0.09946240111465716
18019,38.4,-85.6,0.023434138990437326
18019,38.5,-86.0,0.017648848154794738
18019,38.5,-85.9,0.06235402172039909
18019,38.5,-85.8,0.09925924131012244
18019,38.5,-85.7,0.0993269267656747
18019,38.5,-85.6,0.09839913983339112
18019,38.5,-85.5,0.07155144053820676
18019,38.5,-85.4,0.007921297389012294
18019,38.6,-85.8,0.035978435794366624
18019,38.6,-85.7,0.05517741553109666
18019,38.6,-85.6,0.05545824556479011
18019,38.6,-85.5,0.04774979758812676
18019,38.6,-85.4,0.010979251428062647
18027,38.5,-87.2,0.006748585777381869
18027,38.5,-87.1,0.02489481554974123
18027,38.5,-87.0,0.0367892671967399
18027,38.5,-86.9,0.011131995273840784
18027,38.6,-87.3,0.0003700078374505138
18027,38.6,-87.2,0.08002307886720186
18027,38.6,-87.1,0.08546478018525291
18027,38.6,-87.0,0.08546478018526517
18027,38.6,-86.9,0.022293453053787295
18027,38.7,-87.3,0.009378526563735048
18027,38.7,-87.2,0.0838335608734074
18027,38.7,-87.1,0.08534752453274719
18027,38.7,-87.0,0.08534752453275235
18027,38.7,-86.9,0.022551813637744854
18027,38.8,-87.3,0.0009559820551837707
18027,38.8,-87.2,0.06104890120920327
18027,38.8,-87.1,0.08446350381786208
18027,38.8,-87.0,0.08523000502919607
18027,38.8,-86.9,0.028205063176996507
18027,38.9,-87.1,0.03451685886113477
18027,38.9,-87.0,0.04495908921497068
18027,38.9,-86.9,0.020980882568404413
18031,39.1,-85.7,0.006921558805831643
18031,39.1,-85.6,0.01716688201365678
18031,39.1,-85.5,0.0008303022075066228
18031,39.2,-85.7,0.03679532217296112
18031,39.2,-85.6,0.09918231694584921
18031,39.2,-85.5,0.08260596584507904
18031,39.2,-85.4,0.03392492925780131
18031,39.2,-85.3,0.0007930993405285787
18031,39.3,-85.7,0.035474007893262105
18031,39.3,-85.6,0.09904325833397189
18031,39.3,-85.5,0.09904325833397042
18031,39.3,-85.4,0.09904325833397581
18031,39.3,-85.3,0.04963601192769645
18031,39.4,-85.7,3.271636437219565e-05
18031,39.4,-85.6,0.07929487465191931
18031,39.4,-85.5,0.09890389319922237
18031,39.4,-85.4,0.09890389319922166
18031,39.4,-85.3,0.0526527741989668
18031,39.5,-85.6,0.002346622315992887
18031,39.5,-85.5,0.0027166041660472515
18031,39.5,-85.4,0.003067476181303315
18031,39.5,-85.3,0.0016209743108632094
18041,39.5,-85.3,0.020218651927091793
18041,39.5,-85.2,0.04100297472415222
18041,39.5,-85.1,0.04019111504469167
18041,39.5,-85.0,0.005607717967302382
18041,39.6,-85.3,0.08452711441784132
18041,39.6,-85.2,0.17116568840250668
18041,39.6,-85.1,0.1711656884025098
18041,39.6,-85.0,0.02435793936784648
18041,39.7,-85.3,0.08714042471096416
18041,39.7,-85.2,0.15018229502650998
18041,39.7,-85.1,0.11102820362643051
18041,39.7,-85.0,0.016846541704791277
18041,39.8,-85.3,0.03329653647063881
18041,39.8,-85.2,0.0432691082067229
18047,39.3,-85.3,0.0308779757624324
18047,39.3,-85.2,0.04125635476749589
18047,39.3,-85.1,0.03808477050843983
18047,39.3,-85.0,0.04085848526613764
18047,39.3,-84.9,0.04169972967158423
18047,39.3,-84.8,0.013088961819023236
18047,39.4,-85.3,0.04413815585587644
18047,39.4,-85.2,0.09438550995396178
18047,39.4,-85.1,0.09438550995396497
18047,39.4,-85.0,0.09438550995396579
18047,39.4,-84.9,0.0943855099539633
18047,39.4,-84.8,0.030847524431320904
18047,39.5,-85.3,0.034256401418491934
18047,39.5,-85.2,0.07170597123992868
18047,39.5,-85.1,0.07215238738426394
18047,39.5,-85.0,0.07044810145406148
18047,39.5,-84.9,0.06961820178597433
18047,39.5,-84.8,0.023424938819113214
18057,39.9,-86.2,0.019339000598570008
18057,39.9,-86.1,0.020984256344529124
18057,39.9,-86.0,0.02088519904206766
18057,39.9,-85.9,0.01742705765165382
18057,40.0,-86.2,0.08290865684665169
18057,40.0,-86.1,0.09095979166837469
18057,40.0,-86.0,0.09095979166838179
18057,40.0,-85.9,0.0797620474897402
18057,40.1,-86.2,0.08329285594930007
18057,40.1,-86.1,0.09082853875643707
18057,40.1,-86.0,0.09082853875643074
18057,40.1,-85.9,0.07887085836306308
18057,40.2,-86.2,0.05568855385891456
18057,40.2,-86.1,0.0611488026875867
18057,40.2,-86.0,0.06176587412985516
18057,40.2,-85.9,0.054350176188443594
18059,39.7,-86.0,0.0010878408638611144
18059,39.7,-85.9,0.06221594182848245
18059,39.7,-85.8,0.06132456636310337
18059,39.7,-85.7,0.06140368091337982
18059,39.7,-85.6,0.010570262661737212
18059,39.8,-86.0,0.0032928031950539517
18059,39.8,-85.9,0.11958281642547888
18059,39.8,-85.8,0.1195828164254752
18059,39.8,-85.7,0.11958281642547433
18059,39.8,-85.6,0.047753304945457736
18059,39.9,-86.0,0.0008889330239101722
18059,39.9,-85.9,0.08744586223207106
18059,39.9,-85.8,0.1128434492165635
18059,39.9,-85.7,0.11386651931229744
18059,39.9,-85.6,0.07855838616765372
18063,39.6,-86.7,0.006997869513395753
18063,39.6,-86.6,0.04319353132243225
18063,39.6,-86.5,0.04017172645474936
18063,39.6,-86.4,0.017405452860188547
18063,39.6,-86.3,0.003848177307694739
18063,39.7,-86.7,0.03339875753541066
18063,39.7,-86.6,0.08994716204112523
18063,39.7,-86.5,0.0899471620411221
18063,39.7,-86.4,0.0899471620411163
18063,39.7,-86.3,0.021112703060185364
18063,39.8,-86.7,0.03304415746792462
18063,39.8,-86.6,0.0898187610065638
18063,39.8,-86.5,0.08981876100657032
18063,39.8,-86.4,0.08981876100657592
18063,39.8,-86.3,0.02064113420883035
18063,39.9,-86.7,0.028435597505423665
18063,39.9,-86.6,0.06525985369595114
18063,39.9,-86.5,0.06540071152948851
18063,39.9,-86.4,0.06614765688986964
18063,39.9,-86.3,0.01564490150538177
18067,40.4,-86.4,0.00577457093980552
18067,40.4,-86.3,0.06003807316181231
18067,40.4,-86.2,0.06031128912058296
18067,40.4,-86.1,0.05612634525286365
18067,40.4,-86.0,0.05456586375440545
18067,40.4,-85.9,0.04709863404096003
18067,40.5,-86.4,0.031240907400051792
18067,40.5,-86.3,0.12366341603436341
18067,40.5,-86.2,0.12366341603436916
18067,40.5,-86.1,0.12366341603437457
18067,40.5,-86.0,0.12366341603436189
18067,40.5,-85.9,0.10707121463771697
18067,40.6,-86.4,0.0034360350604024825
18067,40.6,-86.3,0.014353835131603479
18067,40.6,-86.2,0.015256504990085625
18067,40.6,-86.1,0.01645934346781964
18067,40.6,-86.0,0.017578061713601597
18067,40.6,-85.9,0.01603565719081941
18069,40.7,-85.6,0.080948782186694
18069,40.7,-85.5,0.0902925608686736
18069,40.7,-85.4,0.08974658777430608
18069,40.7,-85.3,0.013466686822305767
18069,40.8,-85.6,0.08486260829823021
18069,40.8,-85.5,0.09331482911772973
18069,40.8,-85.4,0.09331482911773381
18069,40.8,-85.3,0.013654241783895238
18069,40.9,-85.6,0.08566690457316635
18069,40.9,-85.5,0.09317626635654393
18069,40.9,-85.4,0.09317626635653577
18069,40.9,-85.3,0.013263315856018372
18069,41.0,-85.6,0.04590966414191713
18069,41.0,-85.5,0.05040198605098025
18069,41.0,-85.4,0.051388356530057945
18069,41.0,-85.3,0.0074161141652117814
18085,41.0,-86.0,0.0034141076079815123
18085,41.0,-85.9,0.00459426489822976
18085,41.0,-85.8,0.004033782680274594
18085,41.0,-85.7,0.001935521195226294
18085,41.1,-86.1,0.011131331281981379
18085,41.1,-86.0,0.05764871911054468
18085,41.1,-85.9,0.06496916065005505
18085,41.1,-85.8,0.06496916065005717
18085,41.1,-85.7,0.041881497177618604
18085,41.2,-86.1,0.0065071171180870685
18085,41.2,-86.0,0.06487164968354321
18085,41.2,-85.9,0.0648716496835461
18085,41.2,-85.8,0.06487164968354375
18085,41.2,-85.7,0.057240390112865476
18085,41.3,-86.1,0.004648283265756738
18085,41.3,-86.0,0.06477393725610438
18085,41.3,-85.9,0.06477393725609996
18085,41.3,-85.8,0.06477393725609594
18085,41.3,-85.7,0.06342634803384181
18085,41.4,-86.1,0.004797923040159229
18085,41.4,-86.0,0.05532232614730073
18085,41.4,-85.9,0.05533892080043215
18085,41.4,-85.8,0.055182878984335215
18085,41.4,-85.7,0.054021506426319144
18087,41.5,-85.7,0.001234281137897887
18087,41.5,-85.6,0.023945579310402025
18087,41.5,-85.5,0.022992065399671184
18087,41.5,-85.4,0.02241464497940589
18087,41.5,-85.3,0.02198179598243015
18087,41.5,-85.2,0.012224594711476846
18087,41.6,-85.7,0.005907653424994453
18087,41.6,-85.6,0.09241733997090164
18087,41.6,-85.5,0.09241733997090804
18087,41.6,-85.4,0.09241733997090185
18087,41.6,-85.3,0.09241733997089883
18087,41.6,-85.2,0.05137327462436442
18087,41.7,-85.7,0.007936984778613468
18087,41.7,-85.6,0.09227613949472811
18087,41.7,-85.5,0.09227613949472059
18087,41.7,-85.4,0.09227613949472008
18087,41.7,-85.3,0.09227613949472142
18087,41.7,-85.2,0.05019735564174381
18087,41.8,-85.7,0.0008150093065331499
18087,41.8,-85.6,0.008459052268542004
18087,41.8,-85.5,0.008723368139376178
18087,41.8,-85.4,0.009021134062663994
18087,41.8,-85.3,0.009177676525041938
18087,41.8,-85.2,0.004821611844342095
18091,41.2,-86.9,0.0007418051974246649
18091,41.3,-86.9,0.04434211849633423
18091,41.3,-86.8,0.03934006508597821
18091,41.3,-86.7,0.0028400480496450844
18091,41.4,-86.9,0.047678904921935675
18091,41.4,-86.8,0.05937336947807622
18091,41.4,-86.7,0.03626640061672231
18091,41.4,-86.6,0.010382019046037349
18091,41.4,-86.5,0.002578697955336087
18091,41.5,-86.9,0.047262091225103164
18091,41.5,-86.8,0.05928329913974387
18091,41.5,-86.7,0.059283299139740675
18091,41.5,-86.6,0.05928329913974235
18091,41.5,-86.5,0.01954980759432914
18091,41.6,-86.9,0.04839106502634774
18091,41.6,-86.8,0.059193044594574966
18091,41.6,-86.7,0.05919304459457805
18091,41.6,-86.6,0.05919304459457601
18091,41.6,-86.5,0.03639154406065698
18091,41.7,-86.9,0.039457018094878026
18091,41.7,-86.8,0.05909772006817854
18091,41.7,-86.7,0.05910260608935959
18091,41.7,-86.6,0.059102606089362034
18091,41.7,-86.5,0.014585980389666511
18091,41.8,-86.8,0.005186081540020985
18091,41.8,-86.7,0.005799743489653031
18091,41.8,-86.6,0.00566228886635817
18091,41.8,-86.5,0.0014389874156402823
18095,39.9,-85.9,0.000634923062869177
18095,39.9,-85.8,0.0044526631131517605
18095,39.9,-85.7,0.00375909515651343
18095,39.9,-85.6,0.00254214286651494
18095,40.0,-85.9,0.009951440950612827
18095,40.0,-85.8,0.08083601314937058
18095,40.0,-85.7,0.08083601314936753
18095,40.0,-85.6,0.05961998315460048
18095,40.1,-85.9,0.01062679665140259
18095,40.1,-85.8,0.08071936861972223
18095,40.1,-85.7,0.08071936861972252
18095,40.1,-85.6,0.059651798545787796
18095,40.2,-85.9,0.00986654637903365
18095,40.2,-85.8,0.08060247391449667
18095,40.2,-85.7,0.08060247391449467
18095,40.2,-85.6,0.0598681210622824
18095,40.3,-85.9,0.008893409971080605
18095,40.3,-85.8,0.08048532935071313
18095,40.3,-85.7,0.08048532935071562
18095,40.3,-85.6,0.058739113427597564
18095,40.4,-85.9,0.0027662378979309457
18095,40.4,-85.8,0.02310384078729262
18095,40.4,-85.7,0.02321385444682145
18095,40.4,-85.6,0.017023662457904834
18113,41.3,-85.7,0.0012366192715343406
18113,41.3,-85.6,0.04713309113591478
18113,41.3,-85.5,0.0692313713146257
18113,41.3,-85.4,0.07322060026559765
18113,41.3,-85.3,0.07386782610504503
18113,41.3,-85.2,0.04216194617747336
18113,41.4,-85.7,0.0029645446427162847
18113,41.4,-85.6,0.08590911280668813
18113,41.4,-85.5,0.08590911280668737
18113,41.4,-85.4,0.08590911280668527
18113,41.4,-85.3,0.08590911280668573
18113,41.4,-85.2,0.04881899900463474
18113,41.5,-85.7,0.0024383817171676698
18113,41.5,-85.6,0.06358711145423226
18113,41.5,-85.5,0.06447078486103869
18113,41.5,-85.4,0.0650059118939917
18113,41.5,-85.3,0.0654070566948068
18113,41.5,-85.2,0.03681930423447451
18145,39.3,-86.0,4.837312130846213e-05
18145,39.3,-85.9,0.001300976968539192
18145,39.3,-85.8,6.483182266061222e-05
18145,39.4,-86.0,0.0023223225653175037
18145,39.4,-85.9,0.0894571000633981
18145,39.4,-85.8,0.08935437396442956
18145,39.4,-85.7,0.08937584545504207
18145,39.4,-85.6,0.017736065564154566
18145,39.5,-86.0,0.0011975758266294875
18145,39.5,-85.9,0.08933076946693791
18145,39.5,-85.8,0.08933076946693867
18145,39.5,-85.7,0.08933076946693894
18145,39.5,-85.6,0.017630147844776404
18145,39.6,-86.0,0.001998670549221537
18145,39.6,-85.9,0.0892041623062675
18145,39.6,-85.8,0.0892041623062664
18145,39.6,-85.7,0.08920416230626677
18145,39.6,-85.6,0.015925744750671288
18145,39.7,-86.0,0.0008382009037476606
18145,39.7,-85.9,0.04279876135787065
18145,39.7,-85.8,0.04346179938188538
18145,39.7,-85.7,0.043402951054639406
18145,39.7,-85.6,0.007481463486091928
18183,41.0,-85.7,0.017254151539726918
18183,41.0,-85.6,0.05043777827034794
18183,41.0,-85.5,0.04892765906796317
18183,41.0,-85.4,0.04779571785397502
18183,41.0,-85.3,0.006694465033277697
18183,41.1,-85.7,0.037884728365473415
18183,41.1,-85.6,0.10660840609957743
18183,41.1,-85.5,0.10660840609957434
18183,41.1,-85.4,0.10660840609957499
18183,41.1,-85.3,0.01366431308140091
18183,41.2,-85.7,0.01252219377966322
18183,41.2,-85.6,0.10644839958858816
18183,41.2,-85.5,0.10644839958859045
18183,41.2,-85.4,0.10644839958859563
18183,41.2,-85.3,0.03399074317055609
18183,41.3,-85.7,0.0006836182740671717
18183,41.3,-85.6,0.04806243276339617
18183,41.3,-85.5,0.020763432242432843
18183,41.3,-85.4,0.015835358096836078
18183,41.3,-85.3,0.0063129913963824134
19009,41.5,-95.0,0.03324028226814439
19009,41.5,-94.9,0.036703793374341945
19009,41.5,-94.8,0.03685443460558781
19009,41.5,-94.7,0.018241640584683427
19009,41.6,-95.1,0.016452397578626536
19009,41.6,-95.0,0.07679421918636944
19009,41.6,-94.9,0.08063500193841833
19009,41.6,-94.8,0.0806350019384136
19009,41.6,-94.7,0.02295776452912195
19009,41.7,-95.1,0.034686394449852484
19009,41.7,-95.0,0.08051180318941784
19009,41.7,-94.9,0.08051180318941917
19009,41.7,-94.8,0.08051180318942061
19009,41.7,-94.7,0.00465440968400827
19009,41.8,-95.1,0.03465521899267088
19009,41.8,-95.0,0.08038835418032482
19009,41.8,-94.9,0.08038835418032435
19009,41.8,-94.8,0.08038835418032399
19009,41.8,-94.7,0.004607790272070927
19009,41.9,-95.1,0.004572418529249222
19009,41.9,-95.0,0.0104510780219008
19009,41.9,-94.9,0.01038824721269174
19009,41.9,-94.8,0.010250916976062138
19009,41.9,-94.7,0.0005185177485554478
19013,42.3,-92.5,0.027282396066364362
19013,42.3,-92.4,0.03252490235026367
19013,42.3,-92.3,0.03242409185801767
19013,42.3,-92.2,0.03244775797362071
19013,42.3,-92.1,0.02771521851328858
19013,42.4,-92.5,0.05172921844468835
19013,42.4,-92.4,0.06166643964398096
19013,42.4,-92.3,0.061666439643979214
19013,42.4,-92.2,0.061666439643979734
19013,42.4,-92.1,0.05269235315978956
19013,42.5,-92.6,0.002142290137138416
19013,42.5,-92.5,0.05964560076356282
19013,42.5,-92.4,0.06156950509361591
19013,42.5,-92.3,0.0615695050936158
19013,42.5,-92.2,0.06156950509361323
19013,42.5,-92.1,0.04386046129561345
19013,42.6,-92.6,0.0025357287213560605
19013,42.6,-92.5,0.056720477499812905
19013,42.6,-92.4,0.05672776870541376
19013,42.6,-92.3,0.05669472580764241
19013,42.6,-92.2,0.05665278605874181
19013,42.6,-92.1,0.038496388431900556
19015,41.9,-94.2,0.007765460007709067
19015,41.9,-94.1,0.053851819889613864
19015,41.9,-94.0,0.05389807350888125
19015,41.9,-93.9,0.05380328432373802
19015,41.9,-93.8,0.05370690674540226
19015,41.9,-93.7,0.027894899743119993
19015,42.0,-94.2,0.009009727372593077
19015,42.0,-94.1,0.061942487043553075
19015,42.0,-94.0,0.06194248704355285
19015,42.0,-93.9,0.06194248704355404
19015,42.0,-93.8,0.061942487043561846
19015,42.0,-93.7,0.031904398722026904
19015,42.1,-94.2,0.009118816075161608
19015,42.1,-94.1,0.06184649190856164
19015,42.1,-94.0,0.061846491908564574
19015,42.1,-93.9,0.06184649190856173
19015,42.1,-93.8,0.06184649190856937
19015,42.1,-93.7,0.03175823754557267
19015,42.2,-94.2,0.00547952885034469
19015,42.2,-94.1,0.03704664563454619
19015,42.2,-94.0,0.036989163393879476
19015,42.2,-93.9,0.03694784080319387
19015,42.2,-93.8,0.03678446021682219
19015,42.2,-93.7,0.018884821358915685
19019,42.3,-92.1,0.004793873866513329
19019,42.3,-92.0,0.03243191875033067
19019,42.3,-91.9,0.03202865826872826
19019,42.3,-91.8,0.03187401491260499
19019,42.3,-91.7,0.032906019703168345
19019,42.3,-91.6,0.017434700183165217
19019,42.4,-92.1,0.008966053587396949
19019,42.4,-92.0,0.06161124069461601
19019,42.4,-91.9,0.06161124069461497
19019,42.4,-91.8,0.06161124069461099
19019,42.4,-91.7,0.06161124069460708
19019,42.4,-91.6,0.0322463967993942
19019,42.5,-92.1,0.017693192054043266
19019,42.5,-92.0,0.061514392912434115
19019,42.5,-91.9,0.06151439291243384
19019,42.5,-91.8,0.06151439291243519
19019,42.5,-91.7,0.06151439291244086
19019,42.5,-91.6,0.02675268307188569
19019,42.6,-92.1,0.018074410182913038
19019,42.6,-92.0,0.056604693678115915
19019,42.6,-91.9,0.05684415231610298
19019,42.6,-91.8,0.05743153511056796
19019,42.6,-91.7,0.057314320891329776
19019,42.6,-91.6,0.024100842195546368
19023,42.6,-93.0,0.04329497634301072
19023,42.6,-92.9,0.05674954252931386
19023,42.6,-92.8,0.0569504747206285
19023,42.6,-92.7,0.05696933769457464
19023,42.6,-92.6,0.05441305010082809
19023,42.7,-93.0,0.04601874585273896
19023,42.7,-92.9,0.060410375069371976
19023,42.7,-92.8,0.060410375069369165
19023,42.7,-92.7,0.06041037506937201
19023,42.7,-92.6,0.05768049942344388
19023,42.8,-93.0,0.045641678330904836
19023,42.8,-92.9,0.06031439897147762
19023,42.8,-92.8,0.06031439897148249
19023,42.8,-92.7,0.06031439897147921
19023,42.8,-92.6,0.057647424521961206
19023,42.9,-93.0,0.026090420649697254
19023,42.9,-92.9,0.03456157046148649
19023,42.9,-92.8,0.03447984310158415
19023,42.9,-92.7,0.03441043265792905
19023,42.9,-92.6,0.03291768148934584
19025,42.2,-94.9,0.0020874791284038025
19025,42.2,-94.8,0.024969296161937715
19025,42.2,-94.7,0.025057564886817416
19025,42.2,-94.6,0.025076085416965058
19025,42.2,-94.5,0.025169372166557208
19025,42.2,-94.4,0.013206278913561931
19025,42.3,-94.9,0.004977727714832484
19025,42.3,-94.8,0.06180560018618649
19025,42.3,-94.7,0.061805600186186624
19025,42.3,-94.6,0.06180560018618606
19025,42.3,-94.5,0.061805600186186985
19025,42.3,-94.4,0.032439691111836366
19025,42.4,-94.9,0.004388042086815338
19025,42.4,-94.8,0.061708791121817486
19025,42.4,-94.7,0.061708791121818526
19025,42.4,-94.6,0.06170879112181984
19025,42.4,-94.5,0.061708791121817645
19025,42.4,-94.4,0.03252111674574792
19025,42.5,-94.9,0.031173069924864336
19025,42.5,-94.8,0.06161178999842283
19025,42.5,-94.7,0.06161178999842437
19025,42.5,-94.6,0.06161178999842013
19025,42.5,-94.5,0.06161178999842027
19025,42.5,-94.4,0.01082557721666796
19025,42.6,-94.9,0.004047967019967828
19025,42.6,-94.8,0.0059663109727349705
19025,42.6,-94.7,0.005756413051398776
19025,42.6,-94.6,0.00589503884940584
19025,42.6,-94.5,0.005558464526973023
19025,42.6,-94.4,0.00037977887880475536
19041,42.9,-95.4,0.009376424307297567
19041,42.9,-95.3,0.02445560663176592
19041,42.9,-95.2,0.024542386940288655
19041,42.9,-95.1,0.024573413938107674
19041,42.9,-95.0,0.024640614478924107
19041,42.9,-94.9,0.008902945809225168
19041,43.0,-95.4,0.023546493512347902
19041,43.0,-95.3,0.06107632785837995
19041,43.0,-95.2,0.06107632785837652
19041,43.0,-95.1,0.061076327858374364
19041,43.0,-95.0,0.061076327858374684
19041,43.0,-94.9,0.022117720913039523
19041,43.1,-95.4,0.023169642951017096
19041,43.1,-95.3,0.06097825641742496
19041,43.1,-95.2,0.060978256417424374
19041,43.1,-95.1,0.060978256417425
19041,43.1,-95.0,0.06097825641742578
19041,43.1,-94.9,0.022207498565777774
19041,43.2,-95.4,0.023176320240670817
19041,43.2,-95.3,0.060879994947911735
19041,43.2,-95.2,0.06087999494791485
19041,43.2,-95.1,0.060879994947917904
19041,43.2,-95.0,0.06087999494791702
19041,43.2,-94.9,0.02216218524336242
19041,43.3,-95.4,0.0012155117772193478
19041,43.3,-95.3,0.0032471709575039188
19041,43.3,-95.2,0.003319011349091772
19041,43.3,-95.1,0.003302385307608952
19041,43.3,-95.0,0.0031830966471150224
19041,43.3,-94.9,0.0011232535347692485
19045,41.7,-90.8,4.15217232987054e-05
19045,41.7,-90.7,0.002909400621038834
19045,41.7,-90.4,0.0063362467294274145
19045,41.7,-90.3,0.0030467681641507417
19045,41.8,-90.9,0.019063580728010017
19045,41.8,-90.8,0.040935842769005915
19045,41.8,-90.7,0.04824038374222655
19045,41.8,-90.6,0.043736377420707545
19045,41.8,-90.5,0.041052029338807375
19045,41.8,-90.4,0.049109798603018784
19045,41.8,-90.3,0.045876099525897565
19045,41.8,-90.2,0.019133380685936067
19045,41.9,-90.9,0.024282076056001176
19045,41.9,-90.8,0.050107010177574705
19045,41.9,-90.7,0.05010701017757492
19045,41.9,-90.6,0.05010701017757023
19045,41.9,-90.5,0.05010701017757023
19045,41.9,-90.4,0.050107010177575614
19045,41.9,-90.3,0.0501070101775784
19045,41.9,-90.2,0.04417596467072748
19045,42.0,-90.9,0.020210679650375575
19045,42.0,-90.8,0.041541260401269514
19045,42.0,-90.7,0.041461817241099486
19045,42.0,-90.6,0.04142922934659914
19045,42.0,-90.5,0.04158504256056688
19045,42.0,-90.4,0.041743918992035764
19045,42.0,-90.3,0.04177579165103528
19045,42.0,-90.2,0.04025674401445593
19045,42.0,-90.1,0.0014139842988641906
19047,41.9,-95.7,0.00969212233317646
19047,41.9,-95.6,0.04314196840539827
19047,41.9,-95.5,0.04315383672753058
19047,41.9,-95.4,0.04303019256229712
19047,41.9,-95.3,0.04277576161014289
19047,41.9,-95.2,0.04295589205337893
19047,41.9,-95.1,0.024653681228448732
19047,42.0,-95.7,0.010925093810577565
19047,42.0,-95.6,0.04969301376485169
19047,42.0,-95.5,0.04969301376485105
19047,42.0,-95.4,0.04969301376485092
19047,42.0,-95.3,0.04969301376485085
19047,42.0,-95.2,0.04969301376485014
19047,42.0,-95.1,0.028751688883871876
19047,42.1,-95.7,0.010601913049681227
19047,42.1,-95.6,0.04961600220474304
19047,42.1,-95.5,0.04961600220474445
19047,42.1,-95.4,0.04961600220474349
19047,42.1,-95.3,0.04961600220474198
19047,42.1,-95.2,0.0496160022047412
19047,42.1,-95.1,0.0289974824611486
19047,42.2,-95.7,0.006291884169310588
19047,42.2,-95.6,0.030263095653643275
19047,42.2,-95.5,0.030147696611918788
19047,42.2,-95.4,0.030116717407696923
19047,42.2,-95.3,0.030143322506301935
19047,42.2,-95.2,0.030136936462346116
19047,42.2,-95.1,0.017675634215161315
19049,41.5,-94.2,0.025747781598922694
19049,41.5,-94.1,0.028342637539531812
19049,41.5,-94.0,0.028305465387172282
19049,41.5,-93.9,0.027758584715876746
19049,41.5,-93.8,0.014569169914356627
19049,41.6,-94.3,0.008840239245939194
19049,41.6,-94.2,0.05776700046683789
19049,41.6,-94.1,0.060429306162651644
19049,41.6,-94.0,0.06042930616265177
19049,41.6,-93.9,0.06042930616265133
19049,41.6,-93.8,0.02880432682747142
19049,41.7,-94.3,0.018365847836609963
19049,41.7,-94.2,0.06033697882659271
19049,41.7,-94.1,0.06033697882659069
19049,41.7,-94.0,0.060336978826587596
19049,41.7,-93.9,0.06033697882658348
19049,41.7,-93.8,0.02141686749501755
19049,41.8,-94.3,0.018451783013336127
19049,41.8,-94.2,0.06024446394115712
19049,41.8,-94.1,0.060244463941156505
19049,41.8,-94.0,0.060244463941157046
19049,41.8,-93.9,0.060244463941160786
19049,41.8,-93.8,0.021083823106682765
19049,41.9,-94.3,0.0023846471435957006
19049,41.9,-94.2,0.00797015012543888
19049,41.9,-94.1,0.007937526572074239
19049,41.9,-94.0,0.007892679483160976
19049,41.9,-93.9,0.00798458621567898
19049,41.9,-93.8,0.002763193753355418
19051,40.6,-92.6,0.03679365242459394
19051,40.6,-92.5,0.039963580803954825
19051,40.6,-92.4,0.03865291540149941
19051,40.6,-92.3,0.03709654161204395
19051,40.6,-92.2,0.025449068871903693
19051,40.7,-92.6,0.06331112174353948
19051,40.7,-92.5,0.07177990475083103
19051,40.7,-92.4,0.07177990475083047
19051,40.7,-92.3,0.07177990475082884
19051,40.7,-92.2,0.05137102042807777
19051,40.8,-92.6,0.06368644576173342
19051,40.8,-92.5,0.07167369922690645
19051,40.8,-92.4,0.07167369922690602
19051,40.8,-92.3,0.07167369922691152
19051,40.8,-92.2,0.05130967774637722
19051,40.9,-92.6,0.031174706899949483
19051,40.9,-92.5,0.03517774715651775
19051,40.9,-92.4,0.035156138025841416
19051,40.9,-92.3,0.035282277847258965
19051,40.9,-92.2,0.025214293343494384
19059,43.3,-95.4,0.03093250706921732
19059,43.3,-95.3,0.08155573889533235
19059,43.3,-95.2,0.08145390418440918
19059,43.3,-95.1,0.08147747181941899
19059,43.3,-95.0,0.08164656508281662
19059,43.3,-94.9,0.029545877845600105
19059,43.4,-95.4,0.03233585656091256
19059,43.4,-95.3,0.08601882241103168
19059,43.4,-95.2,0.0860188224110328
19059,43.4,-95.1,0.08601882241103492
19059,43.4,-95.0,0.08601882241104188
19059,43.4,-94.9,0.03075885244469956
19059,43.5,-95.4,0.016247904829276256
19059,43.5,-95.3,0.04333586191579701
19059,43.5,-95.2,0.043713309391912494
19059,43.5,-95.1,0.043712078580561003
19059,43.5,-95.0,0.043763766668504005
19059,43.5,-94.9,0.015445015067401292
19069,42.6,-93.5,0.02758742366278263
19069,42.6,-93.4,0.055863117775241465
19069,42.6,-93.3,0.05602694959951561
19069,42.6,-93.2,0.05622380182747915
19069,42.6,-93.1,0.05633914451374811
19069,42.6,-93.0,0.013127789785357148
19069,42.7,-93.5,0.02955675048677505
19069,42.7,-93.4,0.06033016807555925
19069,42.7,-93.3,0.06033016807556339
19069,42.7,-93.2,0.06033016807556341
19069,42.7,-93.1,0.06033016807556104
19069,42.7,-93.0,0.014372521417447416
19069,42.8,-93.5,0.029337272485664784
19069,42.8,-93.4,0.06023431940535919
19069,42.8,-93.3,0.060234319405355265
19069,42.8,-93.2,0.06023431940535609
19069,42.8,-93.1,0.0602343194053556
19069,42.8,-93.0,0.014653239635658056
19069,42.9,-93.5,0.017083288168422105
19069,42.9,-93.4,0.034954226667997516
19069,42.9,-93.3,0.03475804047228168
19069,42.9,-93.2,0.034685613027760534
19069,42.9,-93.1,0.03462620740274512
19069,42.9,-93.0,0.008546663147450445
19073,41.9,-94.6,0.042811950298111204
19073,41.9,-94.5,0.05405484793558267
19073,41.9,-94.4,0.05411472609695633
19073,41.9,-94.3,0.05419043526025723
19073,41.9,-94.2,0.04624949092526196
19073,42.0,-94.6,0.049269366141841776
19073,42.0,-94.5,0.062207159919106095
19073,42.0,-94.4,0.062207159919110945
19073,42.0,-94.3,0.06220715991911124
19073,42.0,-94.2,0.05315893505367205
19073,42.1,-94.6,0.049060581173380455
19073,42.1,-94.5,0.062110754608334456
19073,42.1,-94.4,0.06211075460833565
19073,42.1,-94.3,0.06211075460833258
19073,42.1,-94.2,0.052952974917281195
19073,42.2,-94.6,0.02910129527842396
19073,42.2,-94.5,0.0367992695864819
19073,42.2,-94.4,0.036718230000893824
19073,42.2,-94.3,0.03693305030109148
19073,42.2,-94.2,0.03163110344843301
19079,42.2,-93.9,0.02013097602697047
19079,42.2,-93.8,0.02479774466589584
19079,42.2,-93.7,0.02492024944678117
19079,42.2,-93.6,0.02496933852470115
19079,42.2,-93.5,0.021701556517008003
19079,42.3,-93.9,0.050082117634744266
19079,42.3,-93.8,0.06123879781772002
19079,42.3,-93.7,0.06123879781771746
19079,42.3,-93.6,0.061238797817713526
19079,42.3,-93.5,0.05330798056002833
19079,42.4,-93.9,0.05007296459549606
19079,42.4,-93.8,0.061142876562979134
19079,42.4,-93.7,0.06114287656296586
19079,42.4,-93.6,0.06114287656297069
19079,42.4,-93.5,0.05325001565668923
19079,42.5,-94.0,0.010243727775881646
19079,42.5,-93.9,0.05859072135634428
19079,42.5,-93.8,0.061046765010540946
19079,42.5,-93.7,0.06104676501053276
19079,42.5,-93.6,0.06104676501052944
19079,42.5,-93.5,0.03562779586253462
19079,42.6,-94.0,0.0010602333302105488
19079,42.6,-93.9,0.004773179006400973
19079,42.6,-93.8,0.004596950512536741
19079,42.6,-93.7,0.004610611964127496
19079,42.6,-93.6,0.004604021790847603
19079,42.6,-93.5,0.0023744965991317163
19081,42.9,-94.0,0.005476921307047466
19081,42.9,-93.9,0.025512430761819818
19081,42.9,-93.8,0.025313145059776332
19081,42.9,-93.7,0.025396632530050305
19081,42.9,-93.6,0.025304702825107366
19081,42.9,-93.5,0.013047794400976889
19081,43.0,-94.0,0.012869475982979042
19081,43.0,-93.9,0.06103196090047029
19081,43.0,-93.8,0.06103196090048125
19081,43.0,-93.7,0.06103196090047373
19081,43.0,-93.6,0.06103196090047137
19081,43.0,-93.5,0.03178515157991123
19081,43.1,-94.0,0.01245243803206256
19081,43.1,-93.9,0.06093396070040684
19081,43.1,-93.8,0.06093396070041419
19081,43.1,-93.7,0.0609339607004053
19081,43.1,-93.6,0.060933960700402086
19081,43.1,-93.5,0.0318492054158236
19081,43.2,-94.0,0.012338441913630614
19081,43.2,-93.9,0.06083577060982245
19081,43.2,-93.8,0.06083577060982732
19081,43.2,-93.7,0.060835770609817055
19081,43.2,-93.6,0.06083577060981889
19081,43.2,-93.5,0.031867846976448386
19081,43.3,-94.0,0.0006558080881739928
19081,43.3,-93.9,0.0032155277474168564
19081,43.3,-93.8,0.003243801760869975
19081,43.3,-93.7,0.0033260943038451547
19081,43.3,-93.6,0.0033851403659747154
19081,43.3,-93.5,0.0017526721052748791
19087,40.8,-91.7,0.020697082280322326
19087,40.8,-91.6,0.029989927980083802
19087,40.8,-91.5,0.03038602381369716
19087,40.8,-91.4,0.02400418651210233
19087,40.9,-91.7,0.05644514780674961
19087,40.9,-91.6,0.08276513626080154
19087,40.9,-91.5,0.08276513626081705
19087,40.9,-91.4,0.06477811758498793
19087,41.0,-91.7,0.056152514056308826
19087,41.0,-91.6,0.08264179903937831
19087,41.0,-91.5,0.08264179903939448
19087,41.0,-91.4,0.06508943350851305
19087,41.1,-91.7,0.05512451959384243
19087,41.1,-91.6,0.0825182052647359
19087,41.1,-91.5,0.08251820526474225
19087,41.1,-91.4,0.06552785598131768
19087,41.2,-91.7,0.007041818179491717
19087,41.2,-91.6,0.010950159311117822
19087,41.2,-91.5,0.010310691975537762
19087,41.2,-91.4,0.007652240286058122
19089,43.2,-92.6,0.001208264846420292
19089,43.2,-92.5,0.02734493048870594
19089,43.2,-92.4,0.027263004202015953
19089,43.2,-92.3,0.02712350519814078
19089,43.2,-92.2,0.027137062116070417
19089,43.2,-92.1,0.018793521541099097
19089,43.3,-92.6,0.0031964915481350873
19089,43.3,-92.5,0.07349285662029302
19089,43.3,-92.4,0.07349285662029176
19089,43.3,-92.3,0.0734928566202913
19089,43.3,-92.2,0.07349285662028997
19089,43.3,-92.1,0.05097848144310308
19089,43.4,-92.6,0.002901908151587414
19089,43.4,-92.5,0.07337358706570332
19089,43.4,-92.4,0.07337358706570554
19089,43.4,-92.3,0.07337358706569862
19089,43.4,-92.2,0.07337358706569744
19089,43.4,-92.1,0.05125928573434819
19089,43.5,-92.6,0.0012305698793068014
19089,43.5,-92.5,0.03685385012551591
19089,43.5,-92.4,0.037025547683620416
19089,43.5,-92.3,0.03705501001672793
19089,43.5,-92.2,0.03714349367059736
19089,43.5,-92.1,0.02601929861063438
19091,42.6,-94.4,0.0036901484157425535
19091,42.6,-94.3,0.004085355208440202
19091,42.6,-94.2,0.004345861087354615
19091,42.6,-94.1,0.004224755480421353
19091,42.6,-94.0,0.003337537699703369
19091,42.7,-94.4,0.07509268933728562
19091,42.7,-94.3,0.08065367403894452
19091,42.7,-94.2,0.08065367403894994
19091,42.7,-94.1,0.08065367403895049
19091,42.7,-94.0,0.06335382457485982
19091,42.8,-94.4,0.07488550181656231
19091,42.8,-94.3,0.08052553669654572
19091,42.8,-94.2,0.08052553669654455
19091,42.8,-94.1,0.08052553669654483
19091,42.8,-94.0,0.06321361725109736
19091,42.9,-94.4,0.043356447106573645
19091,42.9,-94.3,0.04669869320612054
19091,42.9,-94.2,0.04680912177193402
19091,42.9,-94.1,0.046805010863489906
19091,42.9,-94.0,0.03656380397393453
19101,40.9,-92.2,0.012093419725426532
19101,40.9,-92.1,0.04147263627821964
19101,40.9,-92.0,0.04107056752332223
19101,40.9,-91.9,0.0404409582661553
19101,40.9,-91.8,0.04052795153077737
19101,40.9,-91.7,0.013016612432931911
19101,41.0,-92.2,0.024257295797780177
19101,41.0,-92.1,0.08257884757469937
19101,41.0,-92.0,0.0825788475746958
19101,41.0,-91.9,0.08257884757469258
19101,41.0,-91.8,0.08257884757470181
19101,41.0,-91.7,0.026469107066962233
19101,41.1,-92.2,0.024506303582784102
19101,41.1,-92.1,0.08245534794622733
19101,41.1,-92.0,0.0824553479462309
19101,41.1,-91.9,0.08245534794623609
19101,41.1,-91.8,0.0824553479462294
19101,41.1,-91.7,0.02737281883768953
19101,41.2,-92.2,0.003140914749076377
19101,41.2,-92.1,0.010693384450325211
19101,41.2,-92.0,0.011204191322383658
19101,41.2,-91.9,0.010335062984978808
19101,41.2,-91.8,0.00974687550880535
19101,41.2,-91.7,0.0035151178586682397
19105,41.9,-91.4,0.00025916603911813204
19105,41.9,-91.3,0.0017162031222591999
19105,41.9,-91.2,0.0018214810536498237
19105,41.9,-91.1,0.0020246397287890026
19105,41.9,-91.0,0.002083817408362132
19105,41.9,-90.9,0.0011636364124368082
19105,42.0,-91.4,0.009413348971674784
19105,42.0,-91.3,0.06157216856774748
19105,42.0,-91.2,0.06157216856774523
19105,42.0,-91.1,0.06157216856774369
19105,42.0,-91.0,0.061572168567743446
19105,42.0,-90.9,0.03177244609118163
19105,42.1,-91.4,0.009111858064671777
19105,42.1,-91.3,0.061476747332414275
19105,42.1,-91.2,0.06147674733241721
19105,42.1,-91.1,0.061476747332418404
19105,42.1,-91.0,0.06147674733241596
19105,42.1,-90.9,0.03174952921275099
19105,42.2,-91.4,0.008642355371113864
19105,42.2,-91.3,0.06138113486522853
19105,42.2,-91.2,0.06138113486522565
19105,42.2,-91.1,0.06138113486522511
19105,42.2,-91.0,0.06138113486522767
19105,42.2,-90.9,0.03173577147861155
19105,42.3,-91.4,0.003837333305377689
19105,42.3,-91.3,0.028371676377366897
19105,42.3,-91.2,0.028152444984435948
19105,42.3,-91.1,0.028064907669242332
19105,42.3,-91.0,0.027967174220921993
19105,42.3,-90.9,0.014392007426482775
19111,40.4,-91.5,0.02935263163013184
19111,40.4,-91.4,0.03301899355550871
19111,40.5,-91.7,5.9301985954726344e-05
19111,40.5,-91.6,0.03359834004592571
19111,40.5,-91.5,0.06594080233246756
19111,40.5,-91.4,0.04949228200849148
19111,40.6,-91.7,0.037148121496166614
19111,40.6,-91.6,0.06735554586778343
19111,40.6,-91.5,0.06735554586779562
19111,40.6,-91.4,0.055825035267842715
19111,40.6,-91.3,0.016291358329337088
19111,40.6,-91.2,0.006293392841864695
19111,40.7,-91.7,0.04603509541388788
19111,40.7,-91.6,0.06725624222968743
19111,40.7,-91.5,0.06725624222969373
19111,40.7,-91.4,0.06725624222968317
19111,40.7,-91.3,0.06725624222969012
19111,40.7,-91.2,0.05006892401549159
19111,40.7,-91.1,0.008248619050815052
19111,40.8,-91.7,0.029352255858072322
19111,40.8,-91.6,0.042858638144006235
19111,40.8,-91.5,0.04253771796968869
19111,40.8,-91.4,0.03723628074947837
19111,40.8,-91.3,0.01290116167885105
19111,40.8,-91.2,4.986971684140492e-06
19131,43.2,-93.0,0.020525312771625344
19131,43.2,-92.9,0.027665426604634908
19131,43.2,-92.8,0.027633994100648963
19131,43.2,-92.7,0.02773595240283589
19131,43.2,-92.6,0.026424408895974173
19131,43.3,-93.0,0.05492722821900833
19131,43.3,-92.9,0.07411499351815275
19131,43.3,-92.8,0.07411499351815029
19131,43.3,-92.7,0.07411499351815336
19131,43.3,-92.6,0.07089144280499239
19131,43.4,-93.0,0.054897700305549885
19131,43.4,-92.9,0.07399471431453956
19131,43.4,-92.8,0.0739947143145433
19131,43.4,-92.7,0.07399471431454158
19131,43.4,-92.6,0.07106824072600132
19131,43.5,-93.0,0.027297103880947977
19131,43.5,-92.9,0.03681680083723555
19131,43.5,-92.8,0.03692374036218898
19131,43.5,-92.7,0.03701177122198376
19131,43.5,-92.6,0.03585175336829163
19133,41.9,-96.2,0.0009487296531606343
19133,41.9,-96.1,0.04074376255482494
19133,41.9,-96.0,0.043911356308993565
19133,41.9,-95.9,0.04405654480558049
19133,41.9,-95.8,0.044120034119226284
19133,41.9,-95.7,0.034273630121040816
19133,42.0,-96.3,0.001104042246873306
19133,42.0,-96.2,0.02482607517004826
19133,42.0,-96.1,0.048271053581460166
19133,42.0,-96.0,0.050833733570234636
19133,42.0,-95.9,0.05083373357022898
19133,42.0,-95.8,0.05083373357022991
19133,42.0,-95.7,0.039657850565333226
19133,42.1,-96.3,0.01684881361681073
19133,42.1,-96.2,0.05075495418391448
19133,42.1,-96.1,0.050754954183916394
19133,42.1,-96.0,0.05075495418392089
19133,42.1,-95.9,0.0507549541839164
19133,42.1,-95.8,0.05075495418391447
19133,42.1,-95.7,0.03990967066272208
19133,42.2,-96.4,0.0005355116362209681
19133,42.2,-96.3,0.03160898868606911
19133,42.2,-96.2,0.03256328387276525
19133,42.2,-96.1,0.03195297245575292
19133,42.2,-96.0,0.0313256053510207
19133,42.2,-95.9,0.031174940003917524
19133,42.2,-95.8,0.031189286545072203
19133,42.2,-95.7,0.024701876412830694
19135,40.9,-93.1,0.020573167005200965
19135,40.9,-93.0,0.04294165512912461
19135,40.9,-92.9,0.04280448203437182
19135,40.9,-92.8,0.04283331278175512
19135,40.9,-92.7,0.04269511617165874
19135,40.9,-92.6,0.004586855373238767
19135,41.0,-93.1,0.04013198509568575
19135,41.0,-93.0,0.08306646976737457
19135,41.0,-92.9,0.08306646976738209
19135,41.0,-92.8,0.0830664697673795
19135,41.0,-92.7,0.08306646976737049
19135,41.0,-92.6,0.00871498117954549
19135,41.1,-93.1,0.040320895008382686
19135,41.1,-93.0,0.08294224088241943
19135,41.1,-92.9,0.08294224088241717
19135,41.1,-92.8,0.08294224088242359
19135,41.1,-92.7,0.08294224088242884
19135,41.1,-92.6,0.008324891136618693
19135,41.2,-93.1,0.004379137292014753
19135,41.2,-93.0,0.008950110791978827
19135,41.2,-92.9,0.009066922275785446
19135,41.2,-92.8,0.00928877845365806
19135,41.2,-92.7,0.009430786302313247
19135,41.2,-92.6,0.0009220813694713854
19137,40.9,-95.4,0.014338417814445352
19137,40.9,-95.3,0.041305179450524754
19137,40.9,-95.2,0.04151352452897789
19137,40.9,-95.1,0.04170469801893663
19137,40.9,-95.0,0.041884991011366
19137,40.9,-94.9,0.009018444222586767
19137,41.0,-95.4,0.029399099445471318
19137,41.0,-95.3,0.08487878882584844
19137,41.0,-95.2,0.08487878882584636
19137,41.0,-95.1,0.08487878882585073
19137,41.0,-95.0,0.08487878882585134
19137,41.0,-94.9,0.01868148680581003
19137,41.1,-95.4,0.02925224572205749
19137,41.1,-95.3,0.08475184955274702
19137,41.1,-95.2,0.08475184955274613
19137,41.1,-95.1,0.08475184955275046
19137,41.1,-95.0,0.08475184955274521
19137,41.1,-94.9,0.01897590664506301
19137,41.2,-95.4,0.0028963663124361664
19137,41.2,-95.3,0.008197757842927861
19137,41.2,-95.2,0.00789809970626776
19137,41.2,-95.1,0.007583124565872554
19137,41.2,-95.0,0.007232795602646208
19137,41.2,-94.9,0.0015953087902246077
19139,41.3,-91.4,0.002144781329791072
19139,41.3,-91.3,0.011409998533834419
19139,41.3,-91.2,0.01206293947928563
19139,41.3,-91.1,0.010048741122825071
19139,41.4,-91.4,0.014936321480454906
19139,41.4,-91.3,0.07984025015749217
19139,41.4,-91.2,0.07984025015749749
19139,41.4,-91.1,0.07599245042237944
19139,41.4,-91.0,0.01901590148938041
19139,41.4,-90.9,0.012773914523389128
19139,41.5,-91.4,0.014077256713725375
19139,41.5,-91.3,0.07971913123823363
19139,41.5,-91.2,0.07971913123822943
19139,41.5,-91.1,0.07971913123823086
19139,41.5,-91.0,0.07971913123823231
19139,41.5,-90.9,0.07942825280370001
19139,41.5,-90.8,0.04928797737793275
19139,41.6,-91.4,0.006413173555920291
19139,41.6,-91.3,0.03830859364719813
19139,41.6,-91.2,0.03808117592876467
19139,41.6,-91.1,0.03781900951166949
19139,41.6,-91.0,0.03771017290922407
19139,41.6,-90.9,0.03745360135320281
19139,41.6,-90.8,0.02447871254940644
19141,42.9,-95.9,0.00236927461800717
19141,42.9,-95.8,0.0247646463229755
19141,42.9,-95.7,0.024515155762723773
19141,42.9,-95.6,0.024323165508523283
19141,42.9,-95.5,0.024427243006615255
19141,42.9,-95.4,0.015105914315838496
19141,43.0,-95.9,0.006057834341985838
19141,43.0,-95.8,0.0610205239015254
19141,43.0,-95.7,0.0610205239015287
19141,43.0,-95.6,0.061020523901531544
19141,43.0,-95.5,0.061020523901529976
19141,43.0,-95.4,0.037495544248216515
19141,43.1,-95.9,0.006490442530816125
19141,43.1,-95.8,0.06092254206607285
19141,43.1,-95.7,0.06092254206607093
19141,43.1,-95.6,0.060922542066071984
19141,43.1,-95.5,0.06092254206607106
19141,43.1,-95.4,0.03777406865488533
19141,43.2,-95.9,0.0072837723607222975
19141,43.2,-95.8,0.06082437037567832
19141,43.2,-95.7,0.06082437037568207
19141,43.2,-95.6,0.060824370375680684
19141,43.2,-95.5,0.0608243703756807
19141,43.2,-95.4,0.037669225775717116
19141,43.3,-95.9,0.0005511846940429061
19141,43.3,-95.8,0.0047670219774493695
19141,43.3,-95.7,0.0050169867209730636
19141,43.3,-95.6,0.0047307734976878915
19141,43.3,-95.5,0.003570555677988261
19141,43.3,-95.4,0.0020174446117076405
19153,41.5,-93.8,0.009331935878559641
19153,41.5,-93.7,0.022965918138599578
19153,41.5,-93.6,0.02310335167093505
19153,41.5,-93.5,0.024504906969803435
19153,41.5,-93.4,0.03158892559693013
19153,41.5,-93.3,0.008284355073461524
19153,41.6,-93.8,0.0316294000820883
19153,41.6,-93.7,0.06043775336715783
19153,41.6,-93.6,0.060437753367162006
19153,41.6,-93.5,0.06043775336716152
19153,41.6,-93.4,0.060437753367158606
19153,41.6,-93.3,0.006943775529910002
19153,41.7,-93.8,0.03892555183984597
19153,41.7,-93.7,0.06034541312497888
19153,41.7,-93.6,0.06034541312497653
19153,41.7,-93.5,0.06034541312497455
19153,41.7,-93.4,0.06034541312497868
19153,41.7,-93.3,0.0009518151885094576
19153,41.8,-93.8,0.03916611496554748
19153,41.8,-93.7,0.060252885307211276
19153,41.8,-93.6,0.06025288530721298
19153,41.8,-93.5,0.06025288530721332
19153,41.8,-93.4,0.06025288530721219
19153,41.8,-93.3,0.0011415512836233752
19153,41.9,-93.8,0.005315582229529507
19153,41.9,-93.7,0.008041603541564668
19153,41.9,-93.6,0.00796053733621844
19153,41.9,-93.5,0.007919690706292734
19153,41.9,-93.4,0.007920121555947362
19153,41.9,-93.3,0.00016065521523495047
19163,41.4,-90.8,1.0339097192133272e-05
19163,41.4,-90.7,1.2910083883191715e-05
19163,41.5,-90.8,0.02678781287227652
19163,41.5,-90.7,0.07197719649737139
19163,41.5,-90.6,0.038359265740537773
19163,41.5,-90.5,0.02140533200755208
19163,41.5,-90.4,0.0012263467763090116
19163,41.6,-90.9,0.020115361249010533
19163,41.6,-90.8,0.0528711805278192
19163,41.6,-90.7,0.07635159939982004
19163,41.6,-90.6,0.07635159939981784
19163,41.6,-90.5,0.0763515993998199
19163,41.6,-90.4,0.06304665975768628
19163,41.6,-90.3,0.004045901214348807
19163,41.7,-90.9,0.03739041192718411
19163,41.7,-90.8,0.07617196607680789
19163,41.7,-90.7,0.07182204676027182
19163,41.7,-90.6,0.07623494507721046
19163,41.7,-90.5,0.07623494507720824
19163,41.7,-90.4,0.0666243014533063
19163,41.7,-90.3,0.01644486483961163
19163,41.8,-90.9,0.007926268402968019
19163,41.8,-90.8,0.014027700761418493
19163,41.8,-90.7,0.0029483752351936697
19163,41.8,-90.6,0.009779927332887583
19163,41.8,-90.5,0.01385147218890263
19163,41.8,-90.4,0.0016296708435844843
19169,41.9,-93.7,0.02584903075613212
19169,41.9,-93.6,0.053825679464099815
19169,41.9,-93.5,0.053867798488510886
19169,41.9,-93.4,0.05386735421765875
19169,41.9,-93.3,0.05401599829828987
19169,41.9,-93.2,0.009853028635196453
19169,42.0,-93.7,0.03003610426459357
19169,42.0,-93.6,0.06193839565732929
19169,42.0,-93.5,0.061938395657330086
19169,42.0,-93.4,0.061938395657331474
19169,42.0,-93.3,0.06193839565733308
19169,42.0,-93.2,0.01131327260196092
19169,42.1,-93.7,0.030086266992525017
19169,42.1,-93.6,0.06184240686295145
19169,42.1,-93.5,0.06184240686295339
19169,42.1,-93.4,0.06184240686295257
19169,42.1,-93.3,0.06184240686295282
19169,42.1,-93.2,0.011370995557053197
19169,42.2,-93.7,0.017775129489615918
19169,42.2,-93.6,0.036609284900501256
19169,42.2,-93.5,0.03661585649042327
19169,42.2,-93.4,0.036590130923360095
19169,42.2,-93.3,0.03650891085244578
19169,42.2,-93.2,0.006691947986498967
19187,42.2,-94.4,0.009592507982099945
19187,42.2,-94.3,0.019939944810858774
19187,42.2,-94.2,0.0197801497577502
19187,42.2,-94.1,0.019723786225431895
19187,42.2,-94.0,0.01976968094239937
19187,42.2,-93.9,0.003620833252440029
19187,42.3,-94.4,0.023388660876930586
19187,42.3,-94.3,0.04922545457012011
19187,42.3,-94.2,0.04922545457011987
19187,42.3,-94.1,0.04922545457012184
19187,42.3,-94.0,0.04922545457011866
19187,42.3,-93.9,0.008968050861067096
19187,42.4,-94.4,0.023246704743229176
19187,42.4,-94.3,0.049148350388844846
19187,42.4,-94.2,0.04914835038884871
19187,42.4,-94.1,0.04914835038884892
19187,42.4,-94.0,0.04914835038884772
19187,42.4,-93.9,0.008898304148169148
19187,42.5,-94.4,0.04044899495427058
19187,42.5,-94.3,0.049071093240982466
19187,42.5,-94.2,0.049071093240980065
19187,42.5,-94.1,0.04907109324097798
19187,42.5,-94.0,0.040836899000897514
19187,42.5,-93.9,0.0019742364257628216
19187,42.6,-94.4,0.04343292712031714
19187,42.6,-94.3,0.0465159322427015
19187,42.6,-94.2,0.0463579365007931
19187,42.6,-94.1,0.04643138655227181
19187,42.6,-94.0,0.03636456404379809
19189,43.3,-94.0,0.016771364672440597
19189,43.3,-93.9,0.08207621400982273
19189,43.3,-93.8,0.08203587067163373
19189,43.3,-93.7,0.08191844992065328
19189,43.3,-93.6,0.08183419887303305
19189,43.3,-93.5,0.04290496046325733
19189,43.4,-94.0,0.017815240626511
19189,43.4,-93.9,0.08652370848459377
19189,43.4,-93.8,0.08652370848460421
19189,43.4,-93.7,0.08652370848459483
19189,43.4,-93.6,0.08652370848459495
19189,43.4,-93.5,0.04530908918547679
19189,43.5,-94.0,0.008904500152313774
19189,43.5,-93.9,0.04302132189852349
19189,43.5,-93.8,0.04294692911383021
19189,43.5,-93.7,0.04292575395233966
19189,43.5,-93.6,0.042894038709998264
19189,43.5,-93.5,0.022547233811778318
19195,43.3,-93.5,0.03898102716315137
19195,43.3,-93.4,0.0818792502765712
19195,43.3,-93.3,0.08203476206580244
19195,43.3,-93.2,0.08218458416217916
19195,43.3,-93.1,0.082026786207561
19195,43.3,-93.0,0.021182952401747272
19195,43.4,-93.5,0.041186267580259235
19195,43.4,-93.4,0.08646418844293777
19195,43.4,-93.3,0.0864641884429325
19195,43.4,-93.2,0.08646418844293702
19195,43.4,-93.1,0.08646418844294286
19195,43.4,-93.0,0.022315213096868677
19195,43.5,-93.5,0.020288196260217974
19195,43.5,-93.4,0.04275997597274203
19195,43.5,-93.3,0.042677566989931415
19195,43.5,-93.2,0.04275762959464073
19195,43.5,-93.1,0.04287492214456272
19195,43.5,-93.0,0.010994112312014572
19197,42.6,-94.0,0.012033726785545304
19197,42.6,-93.9,0.05571862371421831
19197,42.6,-93.8,0.05589341338658527
19197,42.6,-93.7,0.05587986347421947
19197,42.6,-93.6,0.05588639984188306
19197,42.6,-93.5,0.028216355726385388
19197,42.7,-94.0,0.012946331938710151
19197,42.7,-93.9,0.060357128445092854
19197,42.7,-93.8,0.06035712844510159
19197,42.7,-93.7,0.0603571284450926
19197,42.7,-93.6,0.060357128445090245
19197,42.7,-93.5,0.030787169625886585
19197,42.8,-94.0,0.012955364501996882
19197,42.8,-93.9,0.06026123694199208
19197,42.8,-93.8,0.060261236941999356
19197,42.8,-93.7,0.06026123694198892
19197,42.8,-93.6,0.060261236941991446
19197,42.8,-93.5,0.030910854204322564
19197,42.9,-94.0,0.007446451530146931
19197,42.9,-93.9,0.03505530705280795
19197,42.9,-93.8,0.03525144807405469
19197,42.9,-93.7,0.03516927801612776
19197,42.9,-93.6,0.03525975709227494
19197,42.9,-93.5,0.018116193486485726
27011,45.2,-96.3,0.006009618338077495
27011,45.2,-96.2,0.02816292619293058
27011,45.2,-96.1,0.01714396155680542
27011,45.3,-96.5,0.0068674972899380885
27011,45.3,-96.4,0.056255354031361914
27011,45.3,-96.3,0.06292927021555475
27011,45.3,-96.2,0.06373180753507195
27011,45.3,-96.1,0.02057591478655968
27011,45.4,-96.7,0.01380843188965052
27011,45.4,-96.6,0.03196408633658068
27011,45.4,-96.5,0.05480424099928253
27011,45.4,-96.4,0.06362079816483847
27011,45.4,-96.3,0.06362079816484095
27011,45.4,-96.2,0.04171417300646919
27011,45.4,-96.1,0.012667172116898795
27011,45.5,-96.8,0.006536014242865027
27011,45.5,-96.7,0.06015869274469677
27011,45.5,-96.6,0.06350958969456692
27011,45.5,-96.5,0.0635095896945711
27011,45.5,-96.4,0.06350958969456937
27011,45.5,-96.3,0.0635095896945674
27011,45.5,-96.2,0.005645333867451108
27011,45.6,-96.8,0.014950140961154244
27011,45.6,-96.7,0.02272674767824382
27011,45.6,-96.6,0.02259828554205966
27011,45.6,-96.5,0.02251208141642574
27011,45.6,-96.4,0.022503808524593178
27011,45.6,-96.3,0.02251149985079077
27011,45.6,-96.2,0.0019429857685839306
27013,43.8,-94.4,0.000166938557442406
27013,43.8,-94.3,0.0008959342682513842
27013,43.8,-94.2,0.0009193891601345877
27013,43.8,-94.1,0.0008849337491046063
27013,43.8,-94.0,0.000847091459317154
27013,43.8,-93.9,0.0008493872202839013
27013,43.8,-93.8,0.000752596008229806
27013,43.9,-94.4,0.008560003514339158
27013,43.9,-94.3,0.04501683737057586
27013,43.9,-94.2,0.04501683737057493
27013,43.9,-94.1,0.045016837370576164
27013,43.9,-94.0,0.04501683737057353
27013,43.9,-93.9,0.04501683737057234
27013,43.9,-93.8,0.03695673883482351
27013,44.0,-94.4,0.008589349359487157
27013,44.0,-94.3,0.0449422128870656
27013,44.0,-94.2,0.0449422128870667
27013,44.0,-94.1,0.04494221288706691
27013,44.0,-94.0,0.04494221288706933
27013,44.0,-93.9,0.04494221288707062
27013,44.0,-93.8,0.03676789817456421
27013,44.1,-94.4,0.00850361688688351
27013,44.1,-94.3,0.04486744811776604
27013,44.1,-94.2,0.04486744811776391
27013,44.1,-94.1,0.04486744811776307
27013,44.1,-94.0,0.04486744811776197
27013,44.1,-93.9,0.04486744811776224
27013,44.1,-93.8,0.03672505246666327
27013,44.2,-94.4,0.009129960004052284
27013,44.2,-94.3,0.03938949961470857
27013,44.2,-94.2,0.023503956737074647
27013,44.2,-94.1,0.009845515752144155
27013,44.2,-94.0,0.028007581112607014
27013,44.2,-93.9,0.040104463147768096
27013,44.2,-93.8,0.03280245304622177
27013,44.3,-94.4,0.001094461819186321
27013,44.3,-94.3,0.0005706872296833089
27015,44.1,-95.1,0.011746899325308457
27015,44.1,-95.0,0.023424117520550843
27015,44.1,-94.9,0.02338665775925622
27015,44.1,-94.8,0.023133798176169063
27015,44.1,-94.7,0.022831537155746755
27015,44.1,-94.6,0.022830468916021553
27015,44.1,-94.5,0.022864312257887095
27015,44.1,-94.4,0.018584132588749025
27015,44.2,-95.1,0.03046976739193401
27015,44.2,-95.0,0.05546610338792843
27015,44.2,-94.9,0.05546610338792617
27015,44.2,-94.8,0.05546610338793037
27015,44.2,-94.7,0.055466103387931766
27015,44.2,-94.6,0.05546610338793013
27015,44.2,-94.5,0.0554661033879261
27015,44.2,-94.4,0.044160576428765565
27015,44.3,-95.1,0.010205088548291046
27015,44.3,-95.0,0.017956732161019322
27015,44.3,-94.9,0.023997614152798795
27015,44.3,-94.8,0.05537317635710922
27015,44.3,-94.7,0.05537317635711037
27015,44.3,-94.6,0.05537317635711042
27015,44.3,-94.5,0.052855408507284186
27015,44.3,-94.4,0.01420184569530257
27015,44.4,-94.9,0.008759519752122653
27015,44.4,-94.8,0.05467050596559913
27015,44.4,-94.7,0.03945575726588135
27015,44.4,-94.6,0.01799758058188496
27015,44.4,-94.5,0.0037525973005385184
27015,44.5,-94.9,0.0038120180323355213
27015,44.5,-94.8,0.009986915117650376
27019,44.6,-93.8,0.001580906274410287
27019,44.6,-93.7,0.0005652306289840363
27019,44.7,-94.0,0.017820019156837598
27019,44.7,-93.9,0.04497795298469621
27019,44.7,-93.8,0.07296741468622128
27019,44.7,-93.7,0.07028904664273782
27019,44.7,-93.6,0.0115503887411014
27019,44.8,-94.0,0.054260456306756986
27019,44.8,-93.9,0.09031125294664147
27019,44.8,-93.8,0.09031125294665387
27019,44.8,-93.7,0.09031125294664043
27019,44.8,-93.6,0.06928221904041584
27019,44.8,-93.5,0.012588708612116075
27019,44.9,-94.0,0.05524887978791673
27019,44.9,-93.9,0.09015670293909309
27019,44.9,-93.8,0.08059334314151981
27019,44.9,-93.7,0.03689940823510577
27019,44.9,-93.6,0.03723009057579323
27019,44.9,-93.5,0.010885994933231063
27019,45.0,-94.0,0.015934527060789693
27019,45.0,-93.9,0.025357473930865716
27019,45.0,-93.8,0.020877477481471528
27033,43.8,-95.5,0.00013703439690053855
27033,43.8,-95.4,0.0010888608316210933
27033,43.8,-95.3,0.0010534856981567636
27033,43.8,-95.2,0.0011496444485927539
27033,43.8,-95.1,0.0011071025596095941
27033,43.8,-95.0,0.0011375906363315755
27033,43.8,-94.9,0.0010143749405737079
27033,43.9,-95.5,0.0066563822259792195
27033,43.9,-95.4,0.05314714582386215
27033,43.9,-95.3,0.053147145823865066
27033,43.9,-95.2,0.05314714582386209
27033,43.9,-95.1,0.05314714582386081
27033,43.9,-95.0,0.05314714582386101
27033,43.9,-94.9,0.04821600170638148
27033,44.0,-95.5,0.006540020029348016
27033,44.0,-95.4,0.053059043714988645
27033,44.0,-95.3,0.05305904371498924
27033,44.0,-95.2,0.05305904371498999
27033,44.0,-95.1,0.05305904371499198
27033,44.0,-95.0,0.053059043714992586
27033,44.0,-94.9,0.04816453826392814
27033,44.1,-95.5,0.006539413036231325
27033,44.1,-95.4,0.05297077598387847
27033,44.1,-95.3,0.05297077598387777
27033,44.1,-95.2,0.052970775983876964
27033,44.1,-95.1,0.041771078873319524
27033,44.1,-95.0,0.030637816958082445
27033,44.1,-94.9,0.027757415658823024
27033,44.2,-95.5,0.0030307647125548567
27033,44.2,-95.4,0.024226673272070474
27033,44.2,-95.3,0.02409627133760383
27033,44.2,-95.2,0.023958378737915214
27033,44.2,-95.1,0.011773876030079733
27039,43.8,-93.0,0.0011298890705113006
27039,43.8,-92.9,0.001050129784456216
27039,43.8,-92.8,0.0010300861663015916
27039,43.8,-92.7,0.0007850575384519788
27039,43.9,-93.0,0.07480739730660625
27039,43.9,-92.9,0.07840482379766484
27039,43.9,-92.8,0.07840482379767154
27039,43.9,-92.7,0.05624024068874038
27039,44.0,-93.0,0.07482518007477841
27039,44.0,-92.9,0.0782748519955114
27039,44.0,-92.8,0.07827485199550661
27039,44.0,-92.7,0.05627535993888443
27039,44.1,-93.0,0.0747653371338685
27039,44.1,-92.9,0.07814463586070469
27039,44.1,-92.8,0.07814463586071205
27039,44.1,-92.7,0.056045001883364975
27039,44.2,-93.0,0.03498376308401959
27039,44.2,-92.9,0.03657143292360507
27039,44.2,-92.8,0.03630183832747386
27039,44.2,-92.7,0.02554066277116635
27045,43.5,-92.4,0.019743573931798358
27045,43.5,-92.3,0.019887631344046745
27045,43.5,-92.2,0.019839018772932777
27045,43.5,-92.1,0.01981647446943096
27045,43.5,-92.0,0.019840237053044996
27045,43.5,-91.9,0.019831620061722663
27045,43.5,-91.8,0.019811183688122028
27045,43.5,-91.7,0.0038558731632980982
27045,43.6,-92.4,0.03997605576927954
27045,43.6,-92.3,0.04017973055133517
27045,43.6,-92.2,0.04017973055133659
27045,43.6,-92.1,0.04017973055133489
27045,43.6,-92.0,0.04017973055133289
27045,43.6,-91.9,0.04017973055133325
27045,43.6,-91.8,0.04017973055133504
27045,43.6,-91.7,0.00780258107244827
27045,43.7,-92.4,0.039867662337884587
27045,43.7,-92.3,0.040113827797321366
27045,43.7,-92.2,0.04011382779732303
27045,43.7,-92.1,0.040113827797324024
27045,43.7,-92.0,0.04011382779732473
27045,43.7,-91.9,0.04011382779732374
27045,43.7,-91.8,0.04011382779732099
27045,43.7,-91.7,0.007815019947228387
27045,43.8,-92.4,0.03892335376088887
27045,43.8,-92.3,0.039232769205865575
27045,43.8,-92.2,0.038941618402367706
27045,43.8,-92.1,0.03890099565898014
27045,43.8,-92.0,0.03889421117698422
27045,43.8,-91.9,0.038830402492459774
27045,43.8,-91.8,0.03884205364340381
27045,43.8,-91.7,0.007586313955866703
27047,43.5,-93.6,0.023803562883426877
27047,43.5,-93.5,0.024202550185841987
27047,43.5,-93.4,0.024235899076006297
27047,43.5,-93.3,0.02428174618727342
27047,43.5,-93.2,0.02423720445139152
27047,43.5,-93.1,0.024171950344329805
27047,43.5,-93.0,0.0001912603317284487
27047,43.6,-93.6,0.04720592404304542
27047,43.6,-93.5,0.04794633531103751
27047,43.6,-93.4,0.04794633531103673
27047,43.6,-93.3,0.04794633531103647
27047,43.6,-93.2,0.04794633531103861
27047,43.6,-93.1,0.04794633531103971
27047,43.6,-93.0,0.0003122898866694495
27047,43.7,-93.6,0.047108401634400755
27047,43.7,-93.5,0.04786769377963364
27047,43.7,-93.4,0.04786769377963867
27047,43.7,-93.3,0.0478676937796402
27047,43.7,-93.2,0.04786769377963767
27047,43.7,-93.1,0.047867693779634964
27047,43.7,-93.0,0.0003191425294108353
27047,43.8,-93.6,0.04602135841801035
27047,43.8,-93.5,0.046846844382765124
27047,43.8,-93.4,0.046888536980694576
27047,43.8,-93.3,0.0469079849067105
27047,43.8,-93.2,0.04695382641134402
27047,43.8,-93.1,0.04702860415087139
27047,43.8,-93.0,0.0002127677427050974
27059,45.4,-93.5,0.0160197338210963
27059,45.4,-93.4,0.02699015687955224
27059,45.4,-93.3,0.02702067243991202
27059,45.4,-93.2,0.026793685592813605
27059,45.4,-93.1,0.027314532064183553
27059,45.4,-93.0,0.008330641187476496
27059,45.5,-93.5,0.04498579331305323
27059,45.5,-93.4,0.07426883890399766
27059,45.5,-93.3,0.07426883890399534
27059,45.5,-93.2,0.07426883890399737
27059,45.5,-93.1,0.07426883890399685
27059,45.5,-93.0,0.02090074194129335
27059,45.6,-93.5,0.04582264987745979
27059,45.6,-93.4,0.07413855798435243
27059,45.6,-93.3,0.0741385579843522
27059,45.6,-93.2,0.07413855798435222
27059,45.6,-93.1,0.011432793492846623
27059,45.6,-93.0,0.0015377895771059478
27059,45.7,-93.5,0.03861954300654029
27059,45.7,-93.4,0.060187418137560005
27059,45.7,-93.3,0.059873020922690104
27059,45.7,-93.2,0.05972910147386132
27059,45.7,-93.1,0.004950696703510988
27063,43.5,-95.5,0.001064952374172302
27063,43.5,-95.4,0.023990016944866757
27063,43.5,-95.3,0.02389473367369169
27063,43.5,-95.2,0.023682735578792247
27063,43.5,-95.1,0.023683426879382064
27063,43.5,-95.0,0.02365439561843356
27063,43.5,-94.9,0.02258811382667819
27063,43.6,-95.5,0.0020548777306520004
27063,43.6,-95.4,0.04815602716876842
27063,43.6,-95.3,0.04815602716877021
27063,43.6,-95.2,0.04815602716876976
27063,43.6,-95.1,0.0481560271687683
27063,43.6,-95.0,0.04815602716876536
27063,43.6,-94.9,0.04592705884701553
27063,43.7,-95.5,0.0014589356992839792
27063,43.7,-95.4,0.04807704170099542
27063,43.7,-95.3,0.04807704170099628
27063,43.7,-95.2,0.048077041700995755
27063,43.7,-95.1,0.04807704170099527
27063,43.7,-95.0,0.0480770417009963
27063,43.7,-94.9,0.04586060535418945
27063,43.8,-95.5,0.0010950699393749211
27063,43.8,-95.4,0.0470161656689102
27063,43.8,-95.3,0.047048060657578515
27063,43.8,-95.2,0.0469613618396395
27063,43.8,-95.1,0.04699971853074673
27063,43.8,-95.0,0.04697222981858241
27063,43.8,-94.9,0.04488219666918887
27085,44.6,-94.5,0.006465823409855151
27085,44.6,-94.4,0.013250348810980885
27085,44.6,-94.3,0.012542534040273388
27085,44.7,-94.5,0.032225544557605686
27085,44.7,-94.4,0.06726247508907869
27085,44.7,-94.3,0.06526306763209092
27085,44.7,-94.2,0.021673373327199215
27085,44.7,-94.1,0.02190889790353178
27085,44.7,-94.0,0.008676375689799242
27085,44.8,-94.5,0.03215441909008971
27085,44.8,-94.4,0.06714777474128678
27085,44.8,-94.3,0.06714777474128183
27085,44.8,-94.2,0.06714777474128608
27085,44.8,-94.1,0.06714777474128987
27085,44.8,-94.0,0.026804309463507793
27085,44.9,-94.5,0.03376256971863311
27085,44.9,-94.4,0.0670328644864286
27085,44.9,-94.3,0.06703286448642753
27085,44.9,-94.2,0.06703286448642697
27085,44.9,-94.1,0.06703286448642612
27085,44.9,-94.0,0.025954491485670646
27085,45.0,-94.5,0.010273046954999343
27085,45.0,-94.4,0.019408901912488133
27085,45.0,-94.3,0.019626590327278353
27085,45.0,-94.2,0.019530625485978798
27085,45.0,-94.1,0.01925930329191644
27085,45.0,-94.0,0.007234744898168911
27129,44.5,-95.0,0.0023979128743945527
27129,44.5,-94.9,0.012506402809895964
27129,44.5,-94.8,0.027574169115923988
27129,44.5,-94.7,0.03241572396908099
27129,44.5,-94.6,0.0082319440519863
27129,44.6,-95.2,0.005186712848980149
27129,44.6,-95.1,0.0230204930259892
27129,44.6,-95.0,0.03398230804605194
27129,44.6,-94.9,0.034509095217429474
27129,44.6,-94.8,0.034509095217427406
27129,44.6,-94.7,0.034509095217425415
27129,44.6,-94.6,0.007153999670468086
27129,44.7,-95.5,0.0003848576477103597
27129,44.7,-95.4,0.010133128370605069
27129,44.7,-95.3,0.025850354385707878
27129,44.7,-95.2,0.0335423400469795
27129,44.7,-95.1,0.034450455733467486
27129,44.7,-95.0,0.03445045573346977
27129,44.7,-94.9,0.03445045573346963
27129,44.7,-94.8,0.034450455733469325
27129,44.7,-94.7,0.0344504557334696
27129,44.7,-94.6,0.01618283545074891
27129,44.7,-94.5,0.005917936277953144
27129,44.8,-95.5,0.011227455390066709
27129,44.8,-95.4,0.03439170857542607
27129,44.8,-95.3,0.03439170857542839
27129,44.8,-95.2,0.03439170857543129
27129,44.8,-95.1,0.034391708575431015
27129,44.8,-95.0,0.034391708575429183
27129,44.8,-94.9,0.0343917085754297
27129,44.8,-94.8,0.03439170857543048
27129,44.8,-94.7,0.034391708575429614
27129,44.8,-94.6,0.034391708575428406
27129,44.8,-94.5,0.017922876733728776
27129,44.9,-95.5,0.004647753645059959
27129,44.9,-95.4,0.014088964583745638
27129,44.9,-95.3,0.014179374203006984
27129,44.9,-95.2,0.014184551551354148
27129,44.9,-95.1,0.014250965272444002
27129,44.9,-95.0,0.01434817654004991
27129,44.9,-94.9,0.014500025756861386
27129,44.9,-94.8,0.014487204349883629
27129,44.9,-94.7,0.014425566914940112
27129,44.9,-94.6,0.014408157209746673
27129,44.9,-94.5,0.007542867758143814
27143,44.5,-94.6,0.03987980734618911
27143,44.5,-94.5,0.05323707723914887
27143,44.5,-94.4,0.053114586366021364
27143,44.5,-94.3,0.0530306971004759
27143,44.5,-94.2,0.05297345812482888
27143,44.5,-94.1,0.05298766277927913
27143,44.5,-94.0,0.05307759644963674
27143,44.5,-93.9,0.025675456493671606
27143,44.6,-94.6,0.04496101772912881
27143,44.6,-94.5,0.05127631006431456
27143,44.6,-94.4,0.04556495056869088
27143,44.6,-94.3,0.04616080427588688
27143,44.6,-94.2,0.0567193793647519
27143,44.6,-94.1,0.05671937936475126
27143,44.6,-94.0,0.05671937936475404
27143,44.6,-93.9,0.04250130980392128
27143,44.6,-93.8,0.009779076845727961
27143,44.7,-94.6,0.030024782695074897
27143,44.7,-94.5,0.019768082578865726
27143,44.7,-94.3,0.001683144227484163
27143,44.7,-94.2,0.03837788700762188
27143,44.7,-94.1,0.03817961735042817
27143,44.7,-94.0,0.038165365293892035
27143,44.7,-93.9,0.02847098524264695
27143,44.7,-93.8,0.01095218632280707
27147,43.8,-93.4,0.0008451380138675843
27147,43.8,-93.3,0.0014719950440366103
27147,43.8,-93.2,0.001395394875605893
27147,43.8,-93.1,0.0012704428809311036
27147,43.8,-93.0,5.293282614920891e-05
27147,43.9,-93.4,0.04511501315630655
27147,43.9,-93.3,0.07972232206531826
27147,43.9,-93.2,0.07972232206532005
27147,43.9,-93.1,0.07972232206531957
27147,43.9,-93.0,0.0036578768937286124
27147,44.0,-93.4,0.044894287506278635
27147,44.0,-93.3,0.07959016624417777
27147,44.0,-93.2,0.07959016624417534
27147,44.0,-93.1,0.07959016624417514
27147,44.0,-93.0,0.003507639486497841
27147,44.1,-93.4,0.044848980274802865
27147,44.1,-93.3,0.07945776198466757
27147,44.1,-93.2,0.07945776198466926
27147,44.1,-93.1,0.07945776198467235
27147,44.1,-93.0,0.0034360837561621073
27147,44.2,-93.4,0.020814672598086628
27147,44.2,-93.3,0.03682024633072791
27147,44.2,-93.2,0.036948077085136
27147,44.2,-93.1,0.0370324244688357
27147,44.2,-93.0,0.0015780439203514404
27149,45.4,-96.2,0.02010906517428731
27149,45.4,-96.1,0.022170476484573376
27149,45.4,-96.0,0.021975344670154325
27149,45.4,-95.9,0.021968298353219094
27149,45.4,-95.8,0.021996927637121185
27149,45.4,-95.7,0.0005592021356489906
27149,45.5,-96.2,0.05311617299684479
27149,45.5,-96.1,0.058298275938328224
27149,45.5,-96.0,0.05829827593833319
27149,45.5,-95.9,0.05829827593832825
27149,45.5,-95.8,0.05829827593832919
27149,45.5,-95.7,0.0014075049882034127
27149,45.6,-96.3,0.0012767636919076156
27149,45.6,-96.2,0.056412457242791016
27149,45.6,-96.1,0.05819601026251199
27149,45.6,-96.0,0.05819601026251775
27149,45.6,-95.9,0.05819601026251199
27149,45.6,-95.8,0.055077536727480725
27149,45.6,-95.7,0.0004891932709916221
27149,45.7,-96.3,0.002336896132926417
27149,45.7,-96.2,0.05809356239678018
27149,45.7,-96.1,0.05809356239678529
27149,45.7,-96.0,0.05809356239679388
27149,45.7,-95.9,0.05809356239678531
27149,45.7,-95.8,0.0530948775770677
27149,45.8,-96.3,0.0002296162264436188
27149,45.8,-96.2,0.005703622475629173
27149,45.8,-96.1,0.005581950753459671
27149,45.8,-96.0,0.005502223399844273
27149,45.8,-95.9,0.005615634747671861
27149,45.8,-95.8,0.0052208511857285205
27151,45.2,-96.1,0.02108935676745916
27151,45.2,-96.0,0.04368368873584064
27151,45.2,-95.9,0.044017091618371085
27151,45.2,-95.8,0.04406865649927187
27151,45.2,-95.7,0.04417480654696241
27151,45.2,-95.6,0.044204707121056404
27151,45.2,-95.5,0.044068962751471055
27151,45.2,-95.4,0.043730775206084
27151,45.2,-95.3,0.04342006485702181
27151,45.2,-95.2,0.0012589578303464205
27151,45.3,-96.1,0.03030406986121097
27151,45.3,-96.0,0.044752478165125203
27151,45.3,-95.9,0.04475247816512
27151,45.3,-95.8,0.04475247816512026
27151,45.3,-95.7,0.04475247816512236
27151,45.3,-95.6,0.0447524781651222
27151,45.3,-95.5,0.044752478165119666
27151,45.3,-95.4,0.04475247816512025
27151,45.3,-95.3,0.042452718080064386
27151,45.4,-96.1,0.018819887378566366
27151,45.4,-96.0,0.02786404621785421
27151,45.4,-95.9,0.027869436439474288
27151,45.4,-95.8,0.027847535893887148
27151,45.4,-95.7,0.02789485359707336
27151,45.4,-95.6,0.02783803082968303
27151,45.4,-95.5,0.02772830452360945
27151,45.4,-95.4,0.02788712768941502
27151,45.4,-95.3,0.026509574399426947
27161,43.8,-93.8,0.00029262760613429093
27161,43.8,-93.7,0.0016456682543810408
27161,43.8,-93.6,0.0015408439196493086
27161,43.8,-93.5,0.0015717878141919782
27161,43.8,-93.4,0.0006583606708068163
27161,43.9,-93.8,0.014252481330414768
27161,43.9,-93.7,0.07960220725988255
27161,43.9,-93.6,0.0796022072598787
27161,43.9,-93.5,0.07960220725987686
27161,43.9,-93.4,0.034555167299628535
27161,44.0,-93.8,0.014454447090456192
27161,44.0,-93.7,0.07947025055324046
27161,44.0,-93.6,0.0794702505532453
27161,44.0,-93.5,0.07947025055324478
27161,44.0,-93.4,0.034643603683482925
27161,44.1,-93.8,0.014398005370211154
27161,44.1,-93.7,0.0793380457825581
27161,44.1,-93.6,0.07933804578255517
27161,44.1,-93.5,0.0793380457825528
27161,44.1,-93.4,0.03455663788146378
27161,44.2,-93.8,0.006579642561249141
27161,44.2,-93.7,0.03650638631518971
27161,44.2,-93.6,0.036521218045433054
27161,44.2,-93.5,0.03663434094210154
27161,44.2,-93.4,0.01595727042817109
27163,44.7,-92.9,0.00013752209148698124
27163,44.7,-92.8,0.0007588811158741228
27163,44.8,-93.0,0.03912556237093691
27163,44.8,-92.9,0.06329499283616158
27163,44.8,-92.8,0.05148665749861009
27163,44.9,-93.0,0.03678533375704873
27163,44.9,-92.9,0.08002121524875992
27163,44.9,-92.8,0.06998935047664982
27163,45.0,-93.0,0.027754562868852587
27163,45.0,-92.9,0.0798837896792819
27163,45.0,-92.8,0.06492040372624355
27163,45.1,-93.0,0.03511182931792634
27163,45.1,-92.9,0.07974611429775398
27163,45.1,-92.8,0.06380854539969526
27163,45.1,-92.7,0.0013145876161921107
27163,45.2,-93.0,0.055624286637307785
27163,45.2,-92.9,0.07960818948925077
27163,45.2,-92.8,0.07351256743912564
27163,45.2,-92.7,8.290707725673617e-06
27163,45.3,-93.0,0.02583876477015499
27163,45.3,-92.9,0.03680848115102439
27163,45.3,-92.8,0.03440994003756018
27163,45.3,-92.7,5.013146637670985e-05
27165,43.8,-94.9,0.00014004037307482705
27165,43.8,-94.8,0.0014293072485678704
27165,43.8,-94.7,0.0014519474540445293
27165,43.8,-94.6,0.001450743016201142
27165,43.8,-94.5,0.0015053708732045512
27165,43.8,-94.4,0.0012462608558750188
27165,43.9,-94.9,0.0072716757899675705
27165,43.9,-94.8,0.0783730518488647
27165,43.9,-94.7,0.07837305184886938
27165,43.9,-94.6,0.07837305184886773
27165,43.9,-94.5,0.07837305184886914
27165,43.9,-94.4,0.06347032570368992
27165,44.0,-94.9,0.0072176468471495635
27165,44.0,-94.8,0.07824313271512089
27165,44.0,-94.7,0.07824313271511885
27165,44.0,-94.6,0.07824313271512065
27165,44.0,-94.5,0.07824313271512091
27165,44.0,-94.4,0.06328931627622496
27165,44.1,-94.9,0.004300229363276417
27165,44.1,-94.8,0.045588008283566024
27165,44.1,-94.7,0.046012972132803004
27165,44.1,-94.6,0.046014474024331495
27165,44.1,-94.5,0.04596689198146284
27165,44.1,-94.4,0.0371800515206081
29011,37.3,-94.1,6.659098721574e-05
29011,37.4,-94.6,0.03715176070201312
29011,37.4,-94.5,0.05703929275876165
29011,37.4,-94.4,0.05923125402970316
29011,37.4,-94.3,0.060771747132376895
29011,37.4,-94.2,0.06229607066195673
29011,37.4,-94.1,0.04422490769642158
29011,37.5,-94.6,0.04255393632807942
29011,37.5,-94.5,0.06350004106618022
29011,37.5,-94.4,0.0635000410661873
29011,37.5,-94.3,0.06350004106618475
29011,37.5,-94.2,0.06350004106617982
29011,37.5,-94.1,0.04607869638323043
29011,37.6,-94.6,0.0427053623410655
29011,37.6,-94.5,0.06341633833416709
29011,37.6,-94.4,0.06297555156108842
29011,37.6,-94.3,0.0616629325306647
29011,37.6,-94.2,0.060049517610869886
29011,37.6,-94.1,0.043522262240653996
29011,37.7,-94.6,0.0012941596065691276
29011,37.7,-94.5,0.0009286393409497981
29011,37.7,-94.4,3.081548948066744e-05
29057,37.3,-94.1,0.014729295851577454
29057,37.3,-94.0,0.04585474293717987
29057,37.3,-93.9,0.047054738270245366
29057,37.3,-93.8,0.04828658133506024
29057,37.3,-93.7,0.04987769300242617
29057,37.3,-93.6,0.012837661862665958
29057,37.4,-94.1,0.02268171115665936
29057,37.4,-94.0,0.07495579813793242
29057,37.4,-93.9,0.07495579813792579
29057,37.4,-93.8,0.07495579813793861
29057,37.4,-93.7,0.07495579813793117
29057,37.4,-93.6,0.02089649589775922
29057,37.5,-94.1,0.020537243332059443
29057,37.5,-94.0,0.07485735565798564
29057,37.5,-93.9,0.07485735565798722
29057,37.5,-93.8,0.07485735565799509
29057,37.5,-93.7,0.07485735565798787
29057,37.5,-93.6,0.02339648552331235
29057,37.6,-94.1,0.006007883366236473
29057,37.6,-94.0,0.022563956590204347
29057,37.6,-93.9,0.021525663081205397
29057,37.6,-93.8,0.020368917336365238
29057,37.6,-93.7,0.018364094485102258
29057,37.6,-93.6,0.0057642207882570825
29069,36.0,-90.4,0.0033077048088619057
29069,36.0,-90.3,0.037307183922431694
29069,36.0,-90.2,0.03734953994189585
29069,36.0,-90.1,0.036671066355386826
29069,36.0,-90.0,0.03281940689486966
29069,36.1,-90.3,0.03257882900747162
29069,36.1,-90.2,0.0688235966247603
29069,36.1,-90.1,0.0704922152174723
29069,36.1,-90.0,0.06382450643288047
29069,36.2,-90.2,0.028172733040309334
29069,36.2,-90.1,0.06638285267018752
29069,36.2,-90.0,0.06308736792550765
29069,36.3,-90.1,0.023216510069000964
29069,36.3,-90.0,0.0623803005788892
29069,36.4,-90.1,0.03448368322440676
29069,36.4,-90.0,0.060667679450966044
29069,36.5,-90.2,0.024023745800979632
29069,36.5,-90.1,0.06880203317006779
29069,36.5,-90.0,0.06434388297169952
29069,36.6,-90.2,0.014261656605117143
29069,36.6,-90.1,0.056482303831147426
29069,36.6,-90.0,0.050521201455690334
29143,36.3,-89.5,0.001379495663204179
29143,36.4,-90.0,0.005135845899171568
29143,36.4,-89.9,0.03485958608260479
29143,36.4,-89.8,0.034947798235067974
29143,36.4,-89.7,0.02046368751965489
29143,36.4,-89.6,0.031434024264263324
29143,36.4,-89.5,0.012658884792055703
29143,36.5,-90.0,0.004549952053708028
29143,36.5,-89.9,0.05507817203690149
29143,36.5,-89.8,0.0550781720369012
29143,36.5,-89.7,0.05507817203690211
29143,36.5,-89.6,0.052464443103619966
29143,36.5,-89.5,0.021735585129955208
29143,36.5,-89.4,0.015810303535810775
29143,36.6,-90.0,0.0041892670878694626
29143,36.6,-89.9,0.042975865980856266
29143,36.6,-89.8,0.04266966939637422
29143,36.6,-89.7,0.04892941330410064
29143,36.6,-89.6,0.05269037711309062
29143,36.6,-89.5,0.04375943604050768
29143,36.6,-89.4,0.04086524323829441
29143,36.6,-89.3,0.0020274174196312873
29143,36.7,-89.7,0.02827012981010438
29143,36.7,-89.6,0.054938036305415265
29143,36.7,-89.5,0.05493803630541213
29143,36.7,-89.4,0.037729624360606034
29143,36.7,-89.3,0.0004585205229090491
29143,36.8,-89.7,0.028924639060964694
29143,36.8,-89.6,0.054867714494623965
29143,36.8,-89.5,0.0441814969087
29143,36.8,-89.4,0.0022961031216979936
29143,36.9,-89.7,0.002968961399825785
29143,36.9,-89.6,0.00840484524440403
29143,36.9,-89.5,0.0032410804947909087
29155,36.0,-90.0,0.0035291159405319767
29155,36.0,-89.9,0.038045797981331585
29155,36.0,-89.8,0.037416920217216515
29155,36.0,-89.7,0.021130922210408163
29155,36.1,-90.0,0.00710547602306757
29155,36.1,-89.9,0.0751203691135584
29155,36.1,-89.8,0.07512036911355968
29155,36.1,-89.7,0.06435206757025945
29155,36.1,-89.6,0.016595267732895224
29155,36.2,-90.0,0.007796964052341585
29155,36.2,-89.9,0.07502632193740405
29155,36.2,-89.8,0.07502632193740319
29155,36.2,-89.7,0.06116364042120281
29155,36.2,-89.6,0.01703892498108368
29155,36.2,-89.5,0.0001703911504647344
29155,36.3,-90.0,0.008456175692568475
29155,36.3,-89.9,0.07493204384969421
29155,36.3,-89.8,0.07493204384969267
29155,36.3,-89.7,0.07475772337049827
29155,36.3,-89.6,0.05090011342379579
29155,36.3,-89.5,0.0036040621459067445
29155,36.4,-90.0,0.003217226965884391
29155,36.4,-89.9,0.02753199040405236
29155,36.4,-89.8,0.027412283764073404
29155,36.4,-89.7,0.047067673394961144
29155,36.4,-89.6,0.03218058454746907
29155,36.4,-89.5,0.0003692082086749198
29207,36.6,-90.1,0.008280518693090398
29207,36.6,-90.0,0.009371263552344983
29207,36.6,-89.9,0.010116976041443394
29207,36.6,-89.8,0.010374431192438657
29207,36.6,-89.7,0.0051111350140513505
29207,36.7,-90.2,0.002715182396522139
29207,36.7,-90.1,0.04462996263170157
29207,36.7,-90.0,0.046192809290057195
29207,36.7,-89.9,0.04619280929005603
29207,36.7,-89.8,0.04619280929005661
29207,36.7,-89.7,0.022422816717633208
29207,36.8,-90.2,0.02539581275477526
29207,36.8,-90.1,0.04613368154881746
29207,36.8,-90.0,0.0461336815488178
29207,36.8,-89.9,0.04613368154881996
29207,36.8,-89.8,0.04613368154881991
29207,36.8,-89.7,0.021813366776388256
29207,36.9,-90.3,0.0009071707538280623
29207,36.9,-90.2,0.042418459933561733
29207,36.9,-90.1,0.0460744116692974
29207,36.9,-90.0,0.046074411669300076
29207,36.9,-89.9,0.046074411669298466
29207,36.9,-89.8,0.0460744116692959
29207,36.9,-89.7,0.02604742605569181
29207,37.0,-90.2,0.012119248119699857
29207,37.0,-90.1,0.041778295217878826
29207,37.0,-90.0,0.043625219224357865
29207,37.0,-89.9,0.046014999808887846
29207,37.0,-89.8,0.045425490559172284
29207,37.0,-89.7,0.008309961786845203
29207,37.1,-90.0,0.004085579492641881
29207,37.1,-89.9,0.03521857927649609
29207,37.1,-89.8,0.02640730325791253
39003,40.6,-84.1,0.00336819359975827
39003,40.6,-84.0,0.0052533463321542935
39003,40.6,-83.9,0.0033749382881283017
39003,40.7,-84.4,0.02716125192443351
39003,40.7,-84.3,0.05726883462273619
39003,40.7,-84.2,0.0757213663223321
39003,40.7,-84.1,0.0861792653996625
39003,40.7,-84.0,0.0890452824799151
39003,40.7,-83.9,0.06235026579470661
39003,40.8,-84.4,0.027704375806750798
39003,40.8,-84.3,0.08598726728789746
39003,40.8,-84.2,0.08891353110867993
39003,40.8,-84.1,0.08891353110868255
39003,40.8,-84.0,0.0889135311086821
39003,40.8,-83.9,0.06221519069098738
39003,40.9,-84.3,0.0076639780880293756
39003,40.9,-84.2,0.00872587531946345
39003,40.9,-84.1,0.032919670757064715
39003,40.9,-84.0,0.05481945091082886
39003,40.9,-83.9,0.043500853049106565
39007,41.5,-81.0,0.012994861632592586
39007,41.5,-80.9,0.02469701456196449
39007,41.5,-80.8,0.02498637503573474
39007,41.5,-80.7,0.025387686253275865
39007,41.5,-80.6,0.02544798805061284
39007,41.5,-80.5,0.007787211678816759
39007,41.6,-81.0,0.026649508635114623
39007,41.6,-80.9,0.050422678716126795
39007,41.6,-80.8,0.05042267871612696
39007,41.6,-80.7,0.050422678716122646
39007,41.6,-80.6,0.050422678716125574
39007,41.6,-80.5,0.015455875954634627
39007,41.7,-81.0,0.026910669685689465
39007,41.7,-80.9,0.0503456400754655
39007,41.7,-80.8,0.05034564007546579
39007,41.7,-80.7,0.0503456400754624
39007,41.7,-80.6,0.05034564007546886
39007,41.7,-80.5,0.015412710924820158
39007,41.8,-81.0,0.026398478138016882
39007,41.8,-80.9,0.05026844494216153
39007,41.8,-80.8,0.050268444942160095
39007,41.8,-80.7,0.050268444942160935
39007,41.8,-80.6,0.05026844494216493
39007,41.8,-80.5,0.01544557862807155
39007,41.9,-81.0,0.0018989910305175274
39007,41.9,-80.9,0.01062773116783905
39007,41.9,-80.8,0.026660905829737968
39007,41.9,-80.7,0.038365780644145094
39007,41.9,-80.6,0.04909329964402351
39007,41.9,-80.5,0.015398723171348466
39007,42.0,-80.6,0.002668898773833704
39007,42.0,-80.5,0.003564655624198062
39011,40.4,-84.5,0.004440659352316502
39011,40.4,-84.4,0.06803233543563136
39011,40.4,-84.3,0.007233581197718134
39011,40.5,-84.5,0.004672969891320546
39011,40.5,-84.4,0.09042872925986548
39011,40.5,-84.3,0.06505496887332757
39011,40.5,-84.2,0.061247741567810585
39011,40.5,-84.1,0.06059295105786711
39011,40.5,-84.0,0.039780909243003135
39011,40.5,-83.9,0.00885117206441183
39011,40.6,-84.5,0.005360558041988903
39011,40.6,-84.4,0.09029588432927332
39011,40.6,-84.3,0.09029588432927026
39011,40.6,-84.2,0.090295884329261
39011,40.6,-84.1,0.08688542146910298
39011,40.6,-84.0,0.08497661094822732
39011,40.6,-83.9,0.059562430620769116
39011,40.7,-84.5,0.0019165052476461395
39011,40.7,-84.4,0.03150646591136408
39011,40.7,-84.3,0.032175227472866094
39011,40.7,-84.2,0.013491125097644689
39011,40.7,-84.1,0.002901984259313865
39015,38.6,-83.8,2.626301256288257e-06
39015,38.6,-83.7,0.0014003190591543907
39015,38.7,-83.9,4.390760584280079e-06
39015,38.7,-83.8,0.041705737976594257
39015,38.7,-83.7,0.03675121758218972
39015,38.8,-84.1,0.0001921374615488702
39015,38.8,-84.0,0.050863877636361146
39015,38.8,-83.9,0.06197321841935401
39015,38.8,-83.8,0.07553219042886489
39015,38.8,-83.7,0.04334562635138929
39015,38.9,-84.0,0.06493029227839897
39015,38.9,-83.9,0.0754278092203871
39015,38.9,-83.8,0.07542780922039068
39015,38.9,-83.7,0.050101115822295206
39015,39.0,-84.0,0.055152554898721666
39015,39.0,-83.9,0.0706451632270937
39015,39.0,-83.8,0.05300639069516134
39015,39.0,-83.7,0.039392946936237835
39015,39.1,-84.0,0.0446733809737336
39015,39.1,-83.9,0.06113419814230495
39015,39.2,-84.0,0.03500945537835451
39015,39.2,-83.9,0.06217665659233888
39015,39.3,-84.0,0.0009008296773154628
39015,39.3,-83.9,0.00025005495996901036
39021,40.0,-84.0,0.008734356303333487
39021,40.0,-83.9,0.014938288323926244
39021,40.0,-83.8,0.019745841080707857
39021,40.0,-83.7,0.02499697440109383
39021,40.0,-83.6,0.030065590294009768
39021,40.0,-83.5,0.012000148040011635
39021,40.1,-84.0,0.06866541531969148
39021,40.1,-83.9,0.08505363461478782
39021,40.1,-83.8,0.08505363461478584
39021,40.1,-83.7,0.08505363461478334
39021,40.1,-83.6,0.08505363461477944
39021,40.1,-83.5,0.038027658594543684
39021,40.2,-84.0,0.06069801893337103
39021,40.2,-83.9,0.08493046319116246
39021,40.2,-83.8,0.08319715566179321
39021,40.2,-83.7,0.0762651792037457
39021,40.2,-83.6,0.0703371276168704
39021,40.2,-83.5,0.03441120839745365
39021,40.3,-84.0,0.012054236562032423
39021,40.3,-83.9,0.01412045581146148
39021,40.3,-83.8,0.006597343805655304
39023,39.8,-84.0,0.0025357014213664747
39023,39.8,-83.9,0.019990654538220184
39023,39.8,-83.8,0.04556319238393828
39023,39.8,-83.7,0.06422429421463145
39023,39.8,-83.6,0.05342341506708911
39023,39.9,-84.1,0.0006782371902886835
39023,39.9,-84.0,0.08966176784993692
39023,39.9,-83.9,0.09106685949766417
39023,39.9,-83.8,0.09106685949766215
39023,39.9,-83.7,0.09106685949765626
39023,39.9,-83.6,0.08815967953202064
39023,39.9,-83.5,0.005399740697465059
39023,40.0,-84.0,0.07230942287833049
39023,40.0,-83.9,0.07498755258125606
39023,40.0,-83.8,0.0698549276359608
39023,40.0,-83.7,0.06424872854989887
39023,40.0,-83.6,0.0588373881681644
39023,40.0,-83.5,0.01692471879845001
39027,39.2,-83.9,0.0010262705900340853
39027,39.2,-83.8,0.00883019682162348
39027,39.3,-84.0,0.045590157700501836
39027,39.3,-83.9,0.0893698262730349
39027,39.3,-83.8,0.08209942495975298
39027,39.3,-83.7,0.032268068100269394
39027,39.3,-83.6,0.000252744720201046
39027,39.4,-84.0,0.03832610675141131
39027,39.4,-83.9,0.08954258198802732
39027,39.4,-83.8,0.08954258198803161
39027,39.4,-83.7,0.08954258198802616
39027,39.4,-83.6,0.04850832985963638
39027,39.5,-84.0,0.029831392172913297
39027,39.5,-83.9,0.0894161306746817
39027,39.5,-83.8,0.08941613067467748
39027,39.5,-83.7,0.08935104576990134
39027,39.5,-83.6,0.06012965792397177
39027,39.6,-84.0,0.004576566505156923
39027,39.6,-83.9,0.013011849215555258
39027,39.6,-83.8,0.007422194897630109
39027,39.6,-83.7,0.0019461604249616648
39033,40.7,-83.1,0.026070010558300917
39033,40.7,-83.0,0.042009262138048974
39033,40.7,-82.9,0.04025237078168774
39033,40.7,-82.8,0.03398496177584135
39033,40.7,-82.7,0.007986913108374488
39033,40.8,-83.1,0.05576127848572919
39033,40.8,-83.0,0.08985220154327894
39033,40.8,-82.9,0.0898522015432796
39033,40.8,-82.8,0.08985220154328082
39033,40.8,-82.7,0.0216569140505758
39033,40.9,-83.1,0.05603540253070211
39033,40.9,-83.0,0.0897187804218772
39033,40.9,-82.9,0.08971878042187809
39033,40.9,-82.8,0.08971878042187388
39033,40.9,-82.7,0.02284588508235799
39033,41.0,-83.1,0.024447252267025526
39033,41.0,-83.0,0.039143423190556456
39033,41.0,-82.9,0.039211640841734695
39033,41.0,-82.8,0.04143165242872446
39033,41.0,-82.7,0.010450086864871781
39041,40.1,-83.2,0.0012192820708315218
39041,40.1,-83.1,0.008312114191917
39041,40.1,-83.0,0.011153908741883836
39041,40.1,-82.9,0.014436295077848294
39041,40.1,-82.8,0.01583484482289883
39041,40.2,-83.2,0.020390196591234477
39041,40.2,-83.1,0.07981654184369265
39041,40.2,-83.0,0.07981654184369773
39041,40.2,-82.9,0.0798165418436977
39041,40.2,-82.8,0.0746817264797371
39041,40.3,-83.2,0.07913080678409036
39041,40.3,-83.1,0.07970053952363783
39041,40.3,-83.0,0.07970053952363614
39041,40.3,-82.9,0.07970053952364144
39041,40.3,-82.8,0.07927655324699164
39041,40.3,-82.7,0.001276063485466266
39041,40.4,-83.2,0.0719850649355641
39041,40.4,-83.1,0.06891343759025488
39041,40.4,-83.0,0.057451398343187174
39041,40.4,-82.9,0.0157098731631894
39041,40.4,-82.8,0.0016771903729017558
39057,39.6,-84.1,0.04031247829125286
39057,39.6,-84.0,0.06998699033845873
39057,39.6,-83.9,0.07557796505935102
39057,39.6,-83.8,0.08111635322679926
39057,39.6,-83.7,0.07300627163791314
39057,39.7,-84.1,0.04924986001710123
39057,39.7,-84.0,0.08834463482883399
39057,39.7,-83.9,0.08834463482883251
39057,39.7,-83.8,0.08834463482883159
39057,39.7,-83.7,0.08386664304663502
39057,39.8,-84.1,0.036649392726428996
39057,39.8,-84.0,0.08576564941113148
39057,39.8,-83.9,0.06888086727805205
39057,39.8,-83.8,0.04414366361877227
39057,39.8,-83.7,0.026092114940010597
39057,39.8,-83.6,0.0003016817023405201
39057,39.9,-84.1,1.1623661275809301e-05
39057,39.9,-84.0,4.540557978853488e-06
39065,40.5,-83.9,0.0044101002042207646
39065,40.5,-83.8,0.01764533362726792
39065,40.5,-83.7,0.0222973258587796
39065,40.5,-83.6,0.027088457520771592
39065,40.5,-83.5,0.033734044776501965
39065,40.5,-83.4,0.011549883853507952
39065,40.6,-83.9,0.023334055339609257
39065,40.6,-83.8,0.07713269525609356
39065,40.6,-83.7,0.07713269525609152
39065,40.6,-83.6,0.07713269525609134
39065,40.6,-83.5,0.07713269525608552
39065,40.6,-83.4,0.023503874406322553
39065,40.7,-83.9,0.023089632802811032
39065,40.7,-83.8,0.07701897696969588
39065,40.7,-83.7,0.07701897696969774
39065,40.7,-83.6,0.07701897696969605
39065,40.7,-83.5,0.05986316147261047
39065,40.7,-83.4,0.009797842907658338
39065,40.8,-83.9,0.016107584312606022
39065,40.8,-83.8,0.0534492199667609
39065,40.8,-83.7,0.053433808790816495
39065,40.8,-83.6,0.05311477241865549
39065,40.8,-83.5,0.027993189807648124
39069,41.2,-84.2,0.056013600138082556
39069,41.2,-84.1,0.07153115391659377
39069,41.2,-84.0,0.0710538191239713
39069,41.2,-83.9,0.04821521090489128
39069,41.3,-84.2,0.0662316999628349
39069,41.3,-84.1,0.08556056148214956
39069,41.3,-84.0,0.08556056148215051
39069,41.3,-83.9,0.0573819657486316
39069,41.4,-84.3,0.017507977439576317
39069,41.4,-84.2,0.07075479941971358
39069,41.4,-84.1,0.08543122636993104
39069,41.4,-84.0,0.0854312263699309
39069,41.4,-83.9,0.05703620007577364
39069,41.5,-84.3,0.028040591472920873
39069,41.5,-84.2,0.0306409572628812
39069,41.5,-84.1,0.03082285845735375
39069,41.5,-84.0,0.031428239218127936
39069,41.5,-83.9,0.021357351154485348
39091,40.2,-83.8,0.0015958046209764887
39091,40.2,-83.7,0.00797786889797503
39091,40.2,-83.6,0.013373661609626074
39091,40.2,-83.5,3.499065655184367e-05
39091,40.3,-84.0,0.03607776674633825
39091,40.3,-83.9,0.06507902228214625
39091,40.3,-83.8,0.07200532745278855
39091,40.3,-83.7,0.07807930541275115
39091,40.3,-83.6,0.07807930541274409
39091,40.3,-83.5,0.005084571453112079
39091,40.4,-84.0,0.04133649782812938
39091,40.4,-83.9,0.07796542068100094
39091,40.4,-83.8,0.07796542068100003
39091,40.4,-83.7,0.07796542068099983
39091,40.4,-83.6,0.077965420680999
39091,40.4,-83.5,0.013714377403934132
39091,40.5,-84.0,0.031272002726399926
39091,40.5,-83.9,0.06578655516822282
39091,40.5,-83.8,0.06006773308684365
39091,40.5,-83.7,0.05537929875117794
39091,40.5,-83.6,0.05055063501468675
39091,40.5,-83.5,0.012643592751595859
39097,39.7,-83.7,0.0004345229860119473
39097,39.7,-83.6,0.028544886605952273
39097,39.7,-83.5,0.03332469540617437
39097,39.7,-83.4,0.037524211067938976
39097,39.7,-83.3,0.04069832424982501
39097,39.7,-83.2,0.00015930248650420048
39097,39.8,-83.7,1.5180187701665607e-08
39097,39.8,-83.6,0.03231942777170073
39097,39.8,-83.5,0.07867795028855136
39097,39.8,-83.4,0.07867795028854965
39097,39.8,-83.3,0.07867795028855372
39097,39.8,-83.2,0.0034217650250311354
39097,39.9,-83.6,0.002508083287531843
39097,39.9,-83.5,0.07390676583274997
39097,39.9,-83.4,0.07856523196157959
39097,39.9,-83.3,0.07837943994255227
39097,39.9,-83.2,0.004747536257129971
39097,40.0,-83.5,0.052798176137323856
39097,40.0,-83.4,0.07845227022366957
39097,40.0,-83.3,0.07652239785189775
39097,40.0,-83.2,0.0017447571548580797
39097,40.1,-83.5,0.027417743643993617
39097,40.1,-83.4,0.04739653015529386
39097,40.1,-83.3,0.046532387320109704
39097,40.1,-83.2,0.018567678586328757
39103,41.0,-82.2,0.011203471951303426
39103,41.0,-82.1,0.049952508368684
39103,41.0,-82.0,0.05101191122911947
39103,41.0,-81.9,0.05181369301114338
39103,41.0,-81.8,0.052619287430955536
39103,41.0,-81.7,0.03254792348877479
39103,41.1,-82.2,0.015446844927160292
39103,41.1,-82.1,0.07652517976959843
39103,41.1,-82.0,0.08514504056370978
39103,41.1,-81.9,0.0851450405637063
39103,41.1,-81.8,0.08514504056371203
39103,41.1,-81.7,0.05337595405982774
39103,41.2,-82.1,0.009825762685342737
39103,41.2,-82.0,0.05250083121251596
39103,41.2,-81.9,0.08501724800618833
39103,41.2,-81.8,0.08501724800619848
39103,41.2,-81.7,0.05452092287436082
39103,41.3,-82.0,0.004801294009227089
39103,41.3,-81.9,0.021310489883623333
39103,41.3,-81.8,0.022205369500578876
39103,41.3,-81.7,0.014868937894269298
39109,39.9,-84.4,0.020339361665876497
39109,39.9,-84.3,0.025571782136111144
39109,39.9,-84.2,0.028887029898427577
39109,39.9,-84.1,0.060218618187021844
39109,39.9,-84.0,0.0013763819512204098
39109,40.0,-84.4,0.06950640130041344
39109,40.0,-84.3,0.08937643733820784
39109,40.0,-84.2,0.08937643733820577
39109,40.0,-84.1,0.08937643733820284
39109,40.0,-84.0,0.009142037936139725
39109,40.1,-84.4,0.07147028628041724
39109,40.1,-84.3,0.08924746917056882
39109,40.1,-84.2,0.08924746917056697
39109,40.1,-84.1,0.0892474691705702
39109,40.1,-84.0,0.017196291527384083
39109,40.2,-84.4,0.03482924556664413
39109,40.2,-84.3,0.043083660309258504
39109,40.2,-84.2,0.04046049408052117
39109,40.2,-84.1,0.03414291739600401
39109,40.2,-84.0,0.00790377223823778
39113,39.6,-84.5,0.014081809840479612
39113,39.6,-84.4,0.04769848274225132
39113,39.6,-84.3,0.04828663120533975
39113,39.6,-84.2,0.05242193958727459
39113,39.6,-84.1,0.021469451002769945
39113,39.7,-84.5,0.024536559026097367
39113,39.7,-84.4,0.07919443880980946
39113,39.7,-84.3,0.07919443880981387
39113,39.7,-84.2,0.07919443880981566
39113,39.7,-84.1,0.03504557755669026
39113,39.8,-84.5,0.026049985751140255
39113,39.8,-84.4,0.07908138746231207
39113,39.8,-84.3,0.07908138746231036
39113,39.8,-84.2,0.07908138746230518
39113,39.8,-84.1,0.046227914296520775
39113,39.9,-84.5,0.018929936411961487
39113,39.9,-84.4,0.055295480086242056
39113,39.9,-84.3,0.05640676024788609
39113,39.9,-84.2,0.0534818017374767
39113,39.9,-84.1,0.025240191691503183
39123,41.5,-83.4,0.04335832531495762
39123,41.5,-83.3,0.11821469640965514
39123,41.5,-83.2,0.12458366589645371
39123,41.5,-83.1,0.12557872287570498
39123,41.5,-83.0,0.09228695568223243
39123,41.5,-82.9,0.04610645997274347
39123,41.5,-82.8,0.0589126936854565
39123,41.5,-82.7,0.01653301783957684
39123,41.6,-83.4,0.062040841651763594
39123,41.6,-83.3,0.09715137088882299
39123,41.6,-83.2,0.09820155080842578
39123,41.6,-83.1,0.07617313664643577
39123,41.6,-83.0,0.004434287910277341
39123,41.6,-82.9,0.0023639871342532653
39123,41.6,-82.8,0.021947989542617525
39123,41.7,-82.9,0.00018480161341828284
39123,41.7,-82.8,0.011927496127204763
39125,41.0,-84.8,0.027790496471225876
39125,41.0,-84.7,0.05202478935906726
39125,41.0,-84.6,0.0518767746393751
39125,41.0,-84.5,0.05164984248476178
39125,41.0,-84.4,0.051360786334641514
39125,41.0,-84.3,0.004025508365313423
39125,41.1,-84.8,0.04592981288651994
39125,41.1,-84.7,0.08600464706554806
39125,41.1,-84.6,0.08600464706554795
39125,41.1,-84.5,0.08600464706554656
39125,41.1,-84.4,0.08600464706554413
39125,41.1,-84.3,0.0069877454338830355
39125,41.2,-84.8,0.04593496554326608
39125,41.2,-84.7,0.08587556434112577
39125,41.2,-84.6,0.08587556434111838
39125,41.2,-84.5,0.08342129306417002
39125,41.2,-84.4,0.050894405028870264
39125,41.2,-84.3,0.004259883694037639
39125,41.3,-84.8,0.0011526183095498306
39125,41.3,-84.7,0.00213088930790238
39125,41.3,-84.6,0.0023528670564757874
39125,41.3,-84.5,0.002437605076509279
39129,39.5,-83.3,0.0037677090140726113
39129,39.5,-83.2,0.026507884056840153
39129,39.5,-83.1,0.029194993890841868
39129,39.5,-83.0,0.038712671628838485
39129,39.5,-82.9,0.053986718210692834
39129,39.5,-82.8,0.057698500401595715
39129,39.5,-82.7,0.008019315764213556
39129,39.6,-83.3,0.00716142727978518
39129,39.6,-83.2,0.07268382667448349
39129,39.6,-83.1,0.0726838266744818
39129,39.6,-83.0,0.07268382667448034
39129,39.6,-82.9,0.07268382667448296
39129,39.6,-82.8,0.013693119953942503
39129,39.6,-82.7,0.0006614483370626906
39129,39.7,-83.3,0.0017096765474559925
39129,39.7,-83.2,0.07243369487575207
39129,39.7,-83.1,0.07258044170253028
39129,39.7,-83.0,0.07258044170253193
39129,39.7,-82.9,0.07258044170253375
39129,39.7,-82.8,0.012289762223667303
39129,39.8,-83.2,0.04200761701081916
39129,39.8,-83.1,0.04133772612868356
39129,39.8,-83.0,0.0389802969642067
39129,39.8,-82.9,0.03551792236631665
39129,39.8,-82.8,0.007842883539688508
39135,39.6,-84.8,0.046214099297941735
39135,39.6,-84.7,0.07131538534251297
39135,39.6,-84.6,0.07120391195036466
39135,39.6,-84.5,0.049766594717884284
39135,39.7,-84.8,0.0554639377789263
39135,39.7,-84.7,0.08621271096742504
39135,39.7,-84.6,0.08621271096742175
39135,39.7,-84.5,0.05950170318400902
39135,39.8,-84.8,0.05513341204452604
39135,39.8,-84.7,0.08608964092243382
39135,39.8,-84.6,0.08608964092243702
39135,39.8,-84.5,0.057731085372069765
39135,39.9,-84.8,0.036154649659223596
39135,39.9,-84.7,0.057310540477112974
39135,39.9,-84.6,0.057505228970246146
39135,39.9,-84.5,0.038094747425464925
39137,40.9,-84.4,0.016923598704815572
39137,40.9,-84.3,0.06444837569237719
39137,40.9,-84.2,0.06727682329796365
39137,40.9,-84.1,0.046944939941885026
39137,40.9,-84.0,0.028540891814808855
39137,40.9,-83.9,0.015401229191052884
39137,41.0,-84.4,0.014846962337189462
39137,41.0,-84.3,0.07101690737733021
39137,41.0,-84.2,0.07449865475337808
39137,41.0,-84.1,0.07449865475337863
39137,41.0,-84.0,0.0744986547533744
39137,41.0,-83.9,0.051696971610258526
39137,41.1,-84.3,0.06834339043731157
39137,41.1,-84.2,0.07438723934308998
39137,41.1,-84.1,0.07438723934309009
39137,41.1,-84.0,0.0743872393430895
39137,41.1,-83.9,0.051455678989157976
39137,41.2,-84.3,0.010614919543664747
39137,41.2,-84.2,0.01189098560937872
39137,41.2,-84.1,0.01227253820926727
39137,41.2,-84.0,0.012686291010137404
39137,41.2,-83.9,0.008981813944000204
39141,39.2,-83.4,0.0007936644006618329
39141,39.2,-83.3,0.028454574065537128
39141,39.2,-83.2,0.03174910719195461
39141,39.2,-83.1,0.03461035984985376
39141,39.2,-83.0,0.03735167166820601
39141,39.2,-82.9,0.03995745496363716
39141,39.2,-82.8,0.03725500688058439
39141,39.3,-83.4,0.017633936108451192
39141,39.3,-83.3,0.05329004334827418
39141,39.3,-83.2,0.0533506073632025
39141,39.3,-83.1,0.053350607363199784
39141,39.3,-83.0,0.0533506073632041
39141,39.3,-82.9,0.0533506073632073
39141,39.3,-82.8,0.05087102900188368
39141,39.4,-83.4,0.00561176360893938
39141,39.4,-83.3,0.0495468992354016
39141,39.4,-83.2,0.05327553698780182
39141,39.4,-83.1,0.05327553698780174
39141,39.4,-83.0,0.05327553698779848
39141,39.4,-82.9,0.0532755369877999
39141,39.4,-82.8,0.053271980210816194
39141,39.4,-82.7,0.002050918273869469
39141,39.5,-83.3,0.014832329304417299
39141,39.5,-83.2,0.033825582462895534
39141,39.5,-83.1,0.031861563060572015
39141,39.5,-83.0,0.024905054061218287
39141,39.5,-82.9,0.013741191885148517
39141,39.5,-82.8,0.011028235329413166
39141,39.5,-82.7,0.0008530576842490018
39151,40.6,-81.6,0.006018925550394296
39151,40.6,-81.5,0.0004903025159422047
39151,40.7,-81.7,6.2254054543771144e-09
39151,40.7,-81.6,0.06199410234776179
39151,40.7,-81.5,0.060157446411543504
39151,40.7,-81.4,0.05992584761149505
39151,40.7,-81.3,0.06157260637039741
39151,40.7,-81.2,0.01994372206339675
39151,40.7,-81.1,0.008575753243410682
39151,40.8,-81.6,0.06116024488997756
39151,40.8,-81.5,0.062327104129306574
39151,40.8,-81.4,0.062327104129308496
39151,40.8,-81.3,0.06232710412930484
39151,40.8,-81.2,0.06232710412930265
39151,40.8,-81.1,0.03930011191890177
39151,40.9,-81.6,0.03810389368510432
39151,40.9,-81.5,0.03675680467346538
39151,40.9,-81.4,0.05397376315370098
39151,40.9,-81.3,0.062234554898634206
39151,40.9,-81.2,0.06223455489863615
39151,40.9,-81.1,0.03939489251463818
39151,41.0,-81.4,0.016094887063584057
39151,41.0,-81.3,0.02394814388246682
39151,41.0,-81.2,0.02374281253547577
39151,41.0,-81.1,0.015068207028445095
39155,41.1,-81.0,0.004685656791538855
39155,41.1,-80.9,0.008844852028182568
39155,41.1,-80.8,0.00894377416821261
39155,41.1,-80.7,0.009143447235229318
39155,41.1,-80.6,0.009398250110798749
39155,41.1,-80.5,0.0029285878746058928
39155,41.2,-81.0,0.02974273835972931
39155,41.2,-80.9,0.05649367475377031
39155,41.2,-80.8,0.05649367475377107
39155,41.2,-80.7,0.056493674753771206
39155,41.2,-80.6,0.056493674753772344
39155,41.2,-80.5,0.017536921298105603
39155,41.3,-81.0,0.029955082514756707
39155,41.3,-80.9,0.056408581587148766
39155,41.3,-80.8,0.05640858158714694
39155,41.3,-80.7,0.0564085815871495
39155,41.3,-80.6,0.05640858158715262
39155,41.3,-80.5,0.01747607397346185
39155,41.4,-81.0,0.02997468524327966
39155,41.4,-80.9,0.056323313209958696
39155,41.4,-80.8,0.05632331320995852
39155,41.4,-80.7,0.056323313209954526
39155,41.4,-80.6,0.05632331320995762
39155,41.4,-80.5,0.017388153444472792
39155,41.5,-81.0,0.01542404963508118
39155,41.5,-80.9,0.028734511949046696
39155,41.5,-80.8,0.028412271191811896
39155,41.5,-80.7,0.02796535862997113
39155,41.5,-80.6,0.027898204686712582
39155,41.5,-80.5,0.008645102661490439
39165,39.3,-84.4,0.0005324187510367462
39165,39.3,-84.3,0.05499461892563672
39165,39.3,-84.2,0.07525876353673312
39165,39.3,-84.1,0.08095279915343755
39165,39.3,-84.0,0.040317960825361765
39165,39.4,-84.3,0.08409947133463773
39165,39.4,-84.2,0.0906185484178055
39165,39.4,-84.1,0.09061854841780483
39165,39.4,-84.0,0.05183190542393434
39165,39.5,-84.4,0.0008419013186556708
39165,39.5,-84.3,0.07844517954374965
39165,39.5,-84.2,0.09049057763331067
39165,39.5,-84.1,0.09049057763331442
39165,39.5,-84.0,0.06030072386795659
39165,39.6,-84.4,0.005255471625643386
39165,39.6,-84.3,0.03534475105882059
39165,39.6,-84.2,0.030632998840904535
39165,39.6,-84.1,0.024725608390032676
39165,39.6,-84.0,0.014247175301223571
39175,40.7,-83.5,0.01980383053364278
39175,40.7,-83.4,0.054463461673336856
39175,40.7,-83.3,0.04853521037487308
39175,40.7,-83.2,0.04241116325857919
39175,40.7,-83.1,0.016131886762064524
39175,40.8,-83.5,0.046803404132013435
39175,40.8,-83.4,0.08877537636753985
39175,40.8,-83.3,0.08877537636754289
39175,40.8,-83.2,0.08877537636753877
39175,40.8,-83.1,0.0336823636279274
39175,40.9,-83.5,0.04213562290693538
39175,40.9,-83.4,0.08864355421889109
39175,40.9,-83.3,0.0886435542188843
39175,40.9,-83.2,0.08864355421888963
39175,40.9,-83.1,0.03327970264789358
39175,41.0,-83.5,0.002867299855277204
39175,41.0,-83.4,0.037241522850147236
39175,41.0,-83.3,0.03782164843115599
39175,41.0,-83.2,0.038208889318803084
39175,41.0,-83.1,0.014357201868063772
