county_fips,year,acres_harvested
17007,1951,2400
17007,1952,1800
17007,1953,2200
17007,1954,2700
17007,1955,3800
17007,1956,4200
17007,1957,4300
17007,1958,6300
17007,1959,4500
17007,1960,5500
17007,1961,7500
17007,1962,8800
17007,1963,9000
17007,1964,10900
17007,1965,14500
17007,1966,17600
17007,1967,16300
17007,1968,20000
17007,1969,23000
17007,1970,22500
17007,1971,23500
17007,1972,26900
17007,1973,40000
17007,1974,32800
17007,1975,31500
17007,1976,27500
17007,1977,35000
17007,1978,38000
17007,1979,46500
17007,1980,47000
17007,1981,37500
17007,1982,40500
17007,1983,34500
17007,1984,41000
17007,1985,35000
17007,1986,33500
17007,1987,29500
17007,1988,31100
17007,1989,31700
17007,1990,32000
17007,1991,35700
17007,1992,38700
17007,1993,36000
17007,1994,39500
17007,1995,45900
17007,1996,45700
17007,1997,49800
17007,1998,49900
17007,1999,54600
17007,2000,56800
17007,2001,55600
17007,2002,55600
17007,2003,52900
17007,2004,45800
17007,2005,42800
17007,2006,46800
17007,2007,30800
17007,2008,37900
17007,2009,34900
17007,2010,42800
17007,2011,34000
17007,2012,35800
17007,2013,40200
17007,2014,39800
17007,2015,43100
17007,2016,39100
17007,2017,45800
17007,2018,48600
17007,2019,41400
17007,2020,45000
17007,2021,43700
17007,2022,50400
17007,2023,48600
17007,2024,56100
17007,2025,44900
17011,1951,12900
17011,1952,11800
17011,1953,12500
17011,1954,17100
17011,1955,16400
17011,1956,22700
17011,1957,24400
17011,1958,26700
17011,1959,21800
17011,1960,23200
17011,1961,35800
17011,1962,37000
17011,1963,39700
17011,1964,45200
17011,1965,50500
17011,1966,55800
17011,1967,57600
17011,1968,72500
17011,1969,80000
17011,1970,83500
17011,1971,92500
17011,1972,103700
17011,1973,141000
17011,1974,123100
17011,1975,120000
17011,1976,99000
17011,1977,118000
17011,1978,115400
17011,1979,129000
17011,1980,122000
17011,1981,116500
17011,1982,118700
17011,1983,115500
17011,1984,123000
17011,1985,125000
17011,1986,123500
17011,1987,117500
17011,1988,118700
17011,1989,135300
17011,1990,126200
17011,1991,134400
17011,1992,144400
17011,1993,146000
17011,1994,154300
17011,1995,150500
17011,1996,151700
17011,1997,160500
17011,1998,173900
17011,1999,182300
17011,2000,179500
17011,2001,186000
17011,2002,174500
17011,2003,163200
17011,2004,146600
17011,2005,131300
17011,2006,147300
17011,2007,110800
17011,2008,115300
17011,2009,126700
17011,2010,119600
17011,2011,111900
17011,2012,119300
17011,2013,133500
17011,2014,141800
17011,2015,160400
17011,2016,146300
17011,2017,156500
17011,2018,152500
17011,2019,140500
17011,2020,153800
17011,2021,165600
17011,2022,173000
17011,2023,164600
17011,2024,170000
17011,2025,163000
17015,1951,200
17015,1952,400
17015,1953,500
17015,1954,900
17015,1955,900
17015,1956,1300
17015,1957,1000
17015,1958,2300
17015,1959,1400
17015,1960,1800
17015,1961,2100
17015,1962,3100
17015,1963,2600
17015,1964,4500
17015,1965,6100
17015,1966,5700
17015,1967,7000
17015,1968,7300
17015,1969,7800
17015,1970,8800
17015,1971,10000
17015,1972,11300
17015,1973,19000
17015,1974,13400
17015,1975,11500
17015,1976,9500
17015,1977,10500
17015,1978,9700
17015,1979,11500
17015,1980,10500
17015,1981,9300
17015,1982,8800
17015,1983,9800
17015,1984,13500
17015,1985,14000
17015,1986,14700
17015,1987,13400
17015,1988,14400
17015,1989,16900
17015,1990,15300
17015,1991,17900
17015,1992,19800
17015,1993,22000
17015,1994,24800
17015,1995,28800
17015,1996,31900
17015,1997,38900
17015,1998,44900
17015,1999,48700
17015,2000,52800
17015,2001,58600
17015,2002,59700
17015,2003,55900
17015,2004,53900
17015,2005,49800
17015,2006,54700
17015,2007,34800
17015,2008,42600
17015,2009,42900
17015,2010,34000
17015,2011,32900
17015,2012,33900
17015,2013,32200
17015,2014,41900
17015,2015,41300
17015,2016,43100
17015,2017,46800
17015,2018,42600
17015,2019,38700
17015,2020,40700
17015,2021,48600
17015,2022,49900
17015,2023,47200
17015,2024,49100
17015,2025,45300
17025,1951,61700
17025,1952,57300
17025,1953,64500
17025,1954,49300
17025,1955,51400
17025,1956,50500
17025,1957,49800
17025,1958,60300
17025,1959,69100
17025,1960,73400
17025,1961,76100
17025,1962,80100
17025,1963,81100
17025,1964,83200
17025,1965,85600
17025,1966,80600
17025,1967,77300
17025,1968,84000
17025,1969,73000
17025,1970,77000
17025,1971,83200
17025,1972,81300
17025,1973,86000
17025,1974,81700
17025,1975,83000
17025,1976,76500
17025,1977,94000
17025,1978,101700
17025,1979,101000
17025,1980,104000
17025,1981,94000
17025,1982,95500
17025,1983,93000
17025,1984,92000
17025,1985,91000
17025,1986,85800
17025,1987,81000
17025,1988,76300
17025,1989,81300
17025,1990,85200
17025,1991,89200
17025,1992,89600
17025,1993,87000
17025,1994,89700
17025,1995,104100
17025,1996,103600
17025,1997,97400
17025,1998,107600
17025,1999,114500
17025,2000,113500
17025,2001,112000
17025,2002,111800
17025,2003,121600
17025,2004,101400
17025,2005,102700
17025,2006,109300
17025,2007,96800
17025,2008,123900
17025,2009,116800
17025,2010,101500
17025,2011,98600
17025,2012,88900
17025,2013,96400
17025,2014,100700
17025,2015,91700
17025,2016,118300
17025,2017,111000
17025,2018,113700
17025,2019,104000
17025,2020,109300
17025,2021,104000
17025,2022,108100
17025,2023,99600
17025,2024,118400
17025,2025,108300
17033,1951,37900
17033,1952,39900
17033,1953,40800
17033,1954,38000
17033,1955,39800
17033,1956,41100
17033,1957,41500
17033,1958,46100
17033,1959,51100
17033,1960,56900
17033,1961,58300
17033,1962,59600
17033,1963,61400
17033,1964,61000
17033,1965,64200
17033,1966,60300
17033,1967,61800
17033,1968,67000
17033,1969,63000
17033,1970,67500
17033,1971,71600
17033,1972,76200
17033,1973,82000
17033,1974,82600
17033,1975,79500
17033,1976,70000
17033,1977,86000
17033,1978,82900
17033,1979,91000
17033,1980,87000
17033,1981,85500
17033,1982,87000
17033,1983,90500
17033,1984,93000
17033,1985,82000
17033,1986,82400
17033,1987,79700
17033,1988,76400
17033,1989,77900
17033,1990,80500
17033,1991,88300
17033,1992,92300
17033,1993,88000
17033,1994,88500
17033,1995,88300
17033,1996,97400
17033,1997,86700
17033,1998,99500
17033,1999,89400
17033,2000,90700
17033,2001,91300
17033,2002,94700
17033,2003,87100
17033,2004,91800
17033,2005,86700
17033,2006,97600
17033,2007,80900
17033,2008,98300
17033,2009,103800
17033,2010,84900
17033,2011,90900
17033,2012,81500
17033,2013,88300
17033,2014,87500
17033,2015,87400
17033,2016,97300
17033,2017,91100
17033,2018,94700
17033,2019,93400
17033,2020,92500
17033,2021,90700
17033,2022,95300
17033,2023,88300
17033,2024,96300
17033,2025,96300
17049,1951,55700
17049,1952,54700
17049,1953,53700
17049,1954,52500
17049,1955,53400
17049,1956,55000
17049,1957,57000
17049,1958,59700
17049,1959,61200
17049,1960,61200
17049,1961,62000
17049,1962,62700
17049,1963,59100
17049,1964,58000
17049,1965,60000
17049,1966,57200
17049,1967,61500
17049,1968,66500
17049,1969,65500
17049,1970,69000
17049,1971,69200
17049,1972,68600
17049,1973,76000
17049,1974,79100
17049,1975,79000
17049,1976,68500
17049,1977,85000
17049,1978,92000
17049,1979,94000
17049,1980,92000
17049,1981,93500
17049,1982,90000
17049,1983,88000
17049,1984,95000
17049,1985,96000
17049,1986,91300
17049,1987,87600
17049,1988,81800
17049,1989,84900
17049,1990,86800
17049,1991,87200
17049,1992,89300
17049,1993,89000
17049,1994,90700
17049,1995,94500
17049,1996,94500
17049,1997,96600
17049,1998,99500
17049,1999,100600
17049,2000,97100
17049,2001,102900
17049,2002,102700
17049,2003,103800
17049,2004,99700
17049,2005,97400
17049,2006,103200
17049,2007,90900
17049,2008,100800
17049,2009,107800
17049,2010,90500
17049,2011,94600
17049,2012,87300
17049,2013,91400
17049,2014,96400
17049,2015,92900
17049,2016,100100
17049,2017,101500
17049,2018,98500
17049,2019,97500
17049,2020,96900
17049,2021,94600
17049,2022,98000
17049,2023,93800
17049,2024,96600
17049,2025,92800
17055,1951,18800
17055,1952,18400
17055,1953,20800
17055,1954,20500
17055,1955,21300
17055,1956,21200
17055,1957,24200
17055,1958,28200
17055,1959,34500
17055,1960,41400
17055,1961,40600
17055,1962,42600
17055,1963,46100
17055,1964,48600
17055,1965,51600
17055,1966,50500
17055,1967,48500
17055,1968,51000
17055,1969,44000
17055,1970,50000
17055,1971,62200
17055,1972,70100
17055,1973,74500
17055,1974,72500
17055,1975,71000
17055,1976,70500
17055,1977,82500
17055,1978,78000
17055,1979,89000
17055,1980,84000
17055,1981,56500
17055,1982,63500
17055,1983,51000
17055,1984,48000
17055,1985,52000
17055,1986,52800
17055,1987,50700
17055,1988,56400
17055,1989,56700
17055,1990,61500
17055,1991,60600
17055,1992,57400
17055,1993,62500
17055,1994,62500
17055,1995,63700
17055,1996,69800
17055,1997,64800
17055,1998,80900
17055,1999,75700
17055,2000,69500
17055,2001,71500
17055,2002,74700
17055,2003,73700
17055,2004,76800
17055,2005,71700
17055,2006,83100
17055,2007,56900
17055,2008,79800
17055,2009,81100
17055,2010,66800
17055,2011,70600
17055,2012,62700
17055,2013,76400
17055,2014,76200
17055,2015,69000
17055,2016,85000
17055,2017,84100
17055,2018,85700
17055,2019,79800
17055,2020,80600
17055,2021,81600
17055,2022,85900
17055,2023,77700
17055,2024,85100
17055,2025,82100
17057,1951,34800
17057,1952,34500
17057,1953,42700
17057,1954,45300
17057,1955,47400
17057,1956,50800
17057,1957,51900
17057,1958,46800
17057,1959,43300
17057,1960,49400
17057,1961,48500
17057,1962,49600
17057,1963,47800
17057,1964,50200
17057,1965,52700
17057,1966,51800
17057,1967,52300
17057,1968,58500
17057,1969,60000
17057,1970,60000
17057,1971,71400
17057,1972,80500
17057,1973,96000
17057,1974,87400
17057,1975,84000
17057,1976,72500
17057,1977,88000
17057,1978,99700
17057,1979,109000
17057,1980,105000
17057,1981,101000
17057,1982,98000
17057,1983,95000
17057,1984,93000
17057,1985,98000
17057,1986,111000
17057,1987,114100
17057,1988,111400
17057,1989,113700
17057,1990,108100
17057,1991,117700
17057,1992,117700
17057,1993,112000
17057,1994,114200
17057,1995,117500
17057,1996,113700
17057,1997,124600
17057,1998,151600
17057,1999,131400
17057,2000,124800
17057,2001,130100
17057,2002,126700
17057,2003,119700
17057,2004,121700
17057,2005,110500
17057,2006,122500
17057,2007,100900
17057,2008,96800
17057,2009,105600
17057,2010,103500
17057,2011,104400
17057,2012,104000
17057,2013,113400
17057,2014,110800
17057,2015,104600
17057,2016,110000
17057,2017,119700
17057,2018,124800
17057,2019,119000
17057,2020,125400
17057,2021,127000
17057,2022,127600
17057,2023,124400
17057,2024,126300
17057,2025,122800
17075,1951,115900
17075,1952,115800
17075,1953,120800
17075,1954,136000
17075,1955,147800
17075,1956,161300
17075,1957,172400
17075,1958,178500
17075,1959,160000
17075,1960,163700
17075,1961,190500
17075,1962,184100
17075,1963,179900
17075,1964,181900
17075,1965,196900
17075,1966,198300
17075,1967,199300
17075,1968,221500
17075,1969,225500
17075,1970,229000
17075,1971,232000
17075,1972,233000
17075,1973,283000
17075,1974,264600
17075,1975,258000
17075,1976,243000
17075,1977,267000
17075,1978,271000
17075,1979,285000
17075,1980,282000
17075,1981,268000
17075,1982,278000
17075,1983,277500
17075,1984,279000
17075,1985,270000
17075,1986,266100
17075,1987,267000
17075,1988,266400
17075,1989,272600
17075,1990,278500
17075,1991,271300
17075,1992,284300
17075,1993,270000
17075,1994,274600
17075,1995,276600
17075,1996,281900
17075,1997,284000
17075,1998,297600
17075,1999,294600
17075,2000,287300
17075,2001,290100
17075,2002,286400
17075,2003,277300
17075,2004,277600
17075,2005,259900
17075,2006,271800
17075,2007,217900
17075,2008,243000
17075,2009,245000
17075,2010,262000
17075,2011,253500
17075,2012,250000
17075,2013,249500
17075,2014,272500
17075,2015,273500
17075,2016,290500
17075,2017,289000
17075,2018,289500
17075,2019,273500
17075,2020,289500
17075,2021,288500
17075,2022,298500
17075,2023,287500
17075,2024,293500
17075,2025,284000
17081,1951,44700
17081,1952,48600
17081,1953,43100
17081,1954,39500
17081,1955,44100
17081,1956,46100
17081,1957,49900
17081,1958,59200
17081,1959,65400
17081,1960,69300
17081,1961,66200
17081,1962,71000
17081,1963,73100
17081,1964,80900
17081,1965,82700
17081,1966,77300
17081,1967,76100
17081,1968,75500
17081,1969,56000
17081,1970,62500
17081,1971,76400
17081,1972,80500
17081,1973,85000
17081,1974,80500
17081,1975,79000
17081,1976,88000
17081,1977,99500
17081,1978,95000
17081,1979,98000
17081,1980,86000
17081,1981,89500
17081,1982,92500
17081,1983,82000
17081,1984,83000
17081,1985,80000
17081,1986,76800
17081,1987,70500
17081,1988,64000
17081,1989,68300
17081,1990,70900
17081,1991,64400
17081,1992,65500
17081,1993,65500
17081,1994,67300
17081,1995,74600
17081,1996,71700
17081,1997,72700
17081,1998,82600
17081,1999,81600
17081,2000,80500
17081,2001,88400
17081,2002,88200
17081,2003,81800
17081,2004,85000
17081,2005,82300
17081,2006,92400
17081,2007,74600
17081,2008,93800
17081,2009,93100
17081,2010,80800
17081,2011,81100
17081,2012,78300
17081,2013,94400
17081,2014,90900
17081,2015,82200
17081,2016,101000
17081,2017,100000
17081,2018,107300
17081,2019,100500
17081,2020,100500
17081,2021,102100
17081,2022,106100
17081,2023,98900
17081,2024,111100
17081,2025,101000
17089,1951,7900
17089,1952,5500
17089,1953,6400
17089,1954,8800
17089,1955,9900
17089,1956,11700
17089,1957,12000
17089,1958,15300
17089,1959,16000
17089,1960,17200
17089,1961,24100
17089,1962,24500
17089,1963,25100
17089,1964,26100
17089,1965,30600
17089,1966,34700
17089,1967,36500
17089,1968,41000
17089,1969,45500
17089,1970,46000
17089,1971,48100
17089,1972,51800
17089,1973,71000
17089,1974,60000
17089,1975,59000
17089,1976,55000
17089,1977,64500
17089,1978,66700
17089,1979,71500
17089,1980,72000
17089,1981,65000
17089,1982,68500
17089,1983,65000
17089,1984,67000
17089,1985,59000
17089,1986,55500
17089,1987,52200
17089,1988,49400
17089,1989,53300
17089,1990,47000
17089,1991,60700
17089,1992,62700
17089,1993,64000
17089,1994,68600
17089,1995,66700
17089,1996,69600
17089,1997,75600
17089,1998,81900
17089,1999,74700
17089,2000,68700
17089,2001,72500
17089,2002,71500
17089,2003,67900
17089,2004,56400
17089,2005,54800
17089,2006,52700
17089,2007,41900
17089,2008,43800
17089,2009,47800
17089,2010,47700
17089,2011,42900
17089,2012,43700
17089,2013,43200
17089,2014,50100
17089,2015,53300
17089,2016,57200
17089,2017,59000
17089,2018,57400
17089,2019,49700
17089,2020,53900
17089,2021,58700
17089,2022,59000
17089,2023,54600
17089,2024,54400
17089,2025,52100
17095,1951,20500
17095,1952,18000
17095,1953,22400
17095,1954,24800
17095,1955,24600
17095,1956,30900
17095,1957,31400
17095,1958,27400
17095,1959,20700
17095,1960,24400
17095,1961,33200
17095,1962,32000
17095,1963,30100
17095,1964,31400
17095,1965,33400
17095,1966,30900
17095,1967,32100
17095,1968,42500
17095,1969,50700
17095,1970,53000
17095,1971,58100
17095,1972,61000
17095,1973,82500
17095,1974,75800
17095,1975,77500
17095,1976,60000
17095,1977,71000
17095,1978,72900
17095,1979,84500
17095,1980,79000
17095,1981,84000
17095,1982,80000
17095,1983,83000
17095,1984,77500
17095,1985,86000
17095,1986,85500
17095,1987,83500
17095,1988,85200
17095,1989,95800
17095,1990,99300
17095,1991,116800
17095,1992,126000
17095,1993,113000
17095,1994,115100
17095,1995,122600
17095,1996,124800
17095,1997,126600
17095,1998,132900
17095,1999,134400
17095,2000,133700
17095,2001,135200
17095,2002,136700
17095,2003,133700
17095,2004,121700
17095,2005,120400
17095,2006,125500
17095,2007,105700
17095,2008,109900
17095,2009,113800
17095,2010,108400
17095,2011,108900
17095,2012,116400
17095,2013,122300
17095,2014,127900
17095,2015,124900
17095,2016,126800
17095,2017,130200
17095,2018,124800
17095,2019,127500
17095,2020,129900
17095,2021,127900
17095,2022,133600
17095,2023,129400
17095,2024,134000
17095,2025,126700
17105,1951,63300
17105,1952,67300
17105,1953,74400
17105,1954,92400
17105,1955,103200
17105,1956,116600
17105,1957,130900
17105,1958,138100
17105,1959,123100
17105,1960,133300
17105,1961,162100
17105,1962,161000
17105,1963,160100
17105,1964,169500
17105,1965,192200
17105,1966,193800
17105,1967,200600
17105,1968,219500
17105,1969,229000
17105,1970,230800
17105,1971,234000
17105,1972,239000
17105,1973,290000
17105,1974,270600
17105,1975,263000
17105,1976,243000
17105,1977,270000
17105,1978,275500
17105,1979,284000
17105,1980,275000
17105,1981,274000
17105,1982,277000
17105,1983,280000
17105,1984,273000
17105,1985,275000
17105,1986,270900
17105,1987,271000
17105,1988,277400
17105,1989,275500
17105,1990,277400
17105,1991,284500
17105,1992,287200
17105,1993,274000
17105,1994,272400
17105,1995,288700
17105,1996,300100
17105,1997,284800
17105,1998,287600
17105,1999,287000
17105,2000,292600
17105,2001,285900
17105,2002,287200
17105,2003,279100
17105,2004,286200
17105,2005,268900
17105,2006,274800
17105,2007,241900
17105,2008,251000
17105,2009,254000
17105,2010,270000
17105,2011,258500
17105,2012,262500
17105,2013,268000
17105,2014,277000
17105,2015,278500
17105,2016,275500
17105,2017,286000
17105,2018,276500
17105,2019,283500
17105,2020,282000
17105,2021,284000
17105,2022,282000
17105,2023,282000
17105,2024,281500
17105,2025,281000
17113,1951,68300
17113,1952,60700
17113,1953,65700
17113,1954,91900
17113,1955,98600
17113,1956,119500
17113,1957,135200
17113,1958,139300
17113,1959,111900
17113,1960,117300
17113,1961,151700
17113,1962,153100
17113,1963,153700
17113,1964,159800
17113,1965,168000
17113,1966,166300
17113,1967,171400
17113,1968,203000
17113,1969,220000
17113,1970,213500
17113,1971,216100
17113,1972,228600
17113,1973,285000
17113,1974,259300
17113,1975,259000
17113,1976,236500
17113,1977,257000
17113,1978,280500
17113,1979,285000
17113,1980,282000
17113,1981,293000
17113,1982,290500
17113,1983,289500
17113,1984,296000
17113,1985,294000
17113,1986,286600
17113,1987,285500
17113,1988,296700
17113,1989,293600
17113,1990,305400
17113,1991,297300
17113,1992,316800
17113,1993,298000
17113,1994,305900
17113,1995,296500
17113,1996,307800
17113,1997,314200
17113,1998,328400
17113,1999,322100
17113,2000,310700
17113,2001,304300
17113,2002,304500
17113,2003,289600
17113,2004,266700
17113,2005,262200
17113,2006,275100
17113,2007,225600
17113,2008,242000
17113,2009,241500
17113,2010,270000
17113,2011,260500
17113,2012,281000
17113,2013,287000
17113,2014,294000
17113,2015,299500
17113,2016,297000
17113,2017,310000
17113,2018,304000
17113,2019,297000
17113,2020,306500
17113,2021,303500
17113,2022,308000
17113,2023,300500
17113,2024,305000
17113,2025,294000
17117,1951,96500
17117,1952,90600
17117,1953,90900
17117,1954,91100
17117,1955,96900
17117,1956,103100
17117,1957,113100
17117,1958,111200
17117,1959,102500
17117,1960,104400
17117,1961,109200
17117,1962,112400
17117,1963,110600
17117,1964,109000
17117,1965,109500
17117,1966,111900
17117,1967,115800
17117,1968,127500
17117,1969,126000
17117,1970,128000
17117,1971,132000
17117,1972,135400
17117,1973,156000
17117,1974,140800
17117,1975,144500
17117,1976,130000
17117,1977,154000
17117,1978,179600
17117,1979,172000
17117,1980,184000
17117,1981,160000
17117,1982,161000
17117,1983,165000
17117,1984,163000
17117,1985,168000
17117,1986,165500
17117,1987,153500
17117,1988,154300
17117,1989,152900
17117,1990,158900
17117,1991,148600
17117,1992,159200
17117,1993,159000
17117,1994,152900
17117,1995,163600
17117,1996,147800
17117,1997,147400
17117,1998,157300
17117,1999,157200
17117,2000,158100
17117,2001,157000
17117,2002,157700
17117,2003,153700
17117,2004,144700
17117,2005,133000
17117,2006,135400
17117,2007,107800
17117,2008,125500
17117,2009,137700
17117,2010,123600
17117,2011,127800
17117,2012,130700
17117,2013,152900
17117,2014,149300
17117,2015,149300
17117,2016,157400
17117,2017,162000
17117,2018,171500
17117,2019,164600
17117,2020,170300
17117,2021,170200
17117,2022,180900
17117,2023,168700
17117,2024,177500
17117,2025,162000
17119,1951,59800
17119,1952,62100
17119,1953,63300
17119,1954,61100
17119,1955,64600
17119,1956,69200
17119,1957,74800
17119,1958,79600
17119,1959,78600
17119,1960,82800
17119,1961,84500
17119,1962,87100
17119,1963,86500
17119,1964,84100
17119,1965,86300
17119,1966,85600
17119,1967,84100
17119,1968,94000
17119,1969,93000
17119,1970,89500
17119,1971,95400
17119,1972,102100
17119,1973,113500
17119,1974,100400
17119,1975,103500
17119,1976,103500
17119,1977,121000
17119,1978,135700
17119,1979,129000
17119,1980,127000
17119,1981,134000
17119,1982,124500
17119,1983,130500
17119,1984,128000
17119,1985,130000
17119,1986,124400
17119,1987,120500
17119,1988,100800
17119,1989,93600
17119,1990,94500
17119,1991,106300
17119,1992,109000
17119,1993,108000
17119,1994,104800
17119,1995,122000
17119,1996,115800
17119,1997,117200
17119,1998,119900
17119,1999,124500
17119,2000,126500
17119,2001,127200
17119,2002,127000
17119,2003,124800
17119,2004,123600
17119,2005,120400
17119,2006,128100
17119,2007,110900
17119,2008,126900
17119,2009,128700
17119,2010,112400
17119,2011,116000
17119,2012,113800
17119,2013,115200
17119,2014,116300
17119,2015,115300
17119,2016,117000
17119,2017,119500
17119,2018,118800
17119,2019,118500
17119,2020,113400
17119,2021,114700
17119,2022,117500
17119,2023,111400
17119,2024,113400
17119,2025,107700
17121,1951,58400
17121,1952,55500
17121,1953,56500
17121,1954,46600
17121,1955,54500
17121,1956,53600
17121,1957,53100
17121,1958,61200
17121,1959,73600
17121,1960,80300
17121,1961,83500
17121,1962,84500
17121,1963,84500
17121,1964,82100
17121,1965,81500
17121,1966,79600
17121,1967,77700
17121,1968,87000
17121,1969,75000
17121,1970,78000
17121,1971,82000
17121,1972,85100
17121,1973,90500
17121,1974,87100
17121,1975,90000
17121,1976,84000
17121,1977,108000
17121,1978,115000
17121,1979,114000
17121,1980,108000
17121,1981,108000
17121,1982,114500
17121,1983,104500
17121,1984,105000
17121,1985,98000
17121,1986,97200
17121,1987,90500
17121,1988,82300
17121,1989,88800
17121,1990,92700
17121,1991,89800
17121,1992,88200
17121,1993,85000
17121,1994,92600
17121,1995,102200
17121,1996,91200
17121,1997,94200
17121,1998,106900
17121,1999,103800
17121,2000,99200
17121,2001,100400
17121,2002,99600
17121,2003,103600
17121,2004,90700
17121,2005,92300
17121,2006,101600
17121,2007,92900
17121,2008,105800
17121,2009,104800
17121,2010,86700
17121,2011,90800
17121,2012,84400
17121,2013,92300
17121,2014,94800
17121,2015,81600
17121,2016,105700
17121,2017,104000
17121,2018,117000
17121,2019,96200
17121,2020,101600
17121,2021,100600
17121,2022,103600
17121,2023,95100
17121,2024,111800
17121,2025,98700
17133,1951,13100
17133,1952,19600
17133,1953,19600
17133,1954,17500
17133,1955,16600
17133,1956,17000
17133,1957,15900
17133,1958,21200
17133,1959,24400
17133,1960,24800
17133,1961,26600
17133,1962,26600
17133,1963,27200
17133,1964,26500
17133,1965,27800
17133,1966,27200
17133,1967,28400
17133,1968,33700
17133,1969,33000
17133,1970,33500
17133,1971,33900
17133,1972,33700
17133,1973,35000
17133,1974,40300
17133,1975,42000
17133,1976,41500
17133,1977,53000
17133,1978,59000
17133,1979,53000
17133,1980,55000
17133,1981,56500
17133,1982,59500
17133,1983,57500
17133,1984,53000
17133,1985,60000
17133,1986,56600
17133,1987,53900
17133,1988,54100
17133,1989,59000
17133,1990,56500
17133,1991,55700
17133,1992,58700
17133,1993,34200
17133,1994,61600
17133,1995,55700
17133,1996,58100
17133,1997,61800
17133,1998,60500
17133,1999,69700
17133,2000,73900
17133,2001,75400
17133,2002,76300
17133,2003,74800
17133,2004,75800
17133,2005,71700
17133,2006,79500
17133,2007,66900
17133,2008,70200
17133,2009,78700
17133,2010,67700
17133,2011,67500
17133,2012,74000
17133,2013,75300
17133,2014,75900
17133,2015,72800
17133,2016,78800
17133,2017,84400
17133,2018,81700
17133,2019,66400
17133,2020,75800
17133,2021,81600
17133,2022,87100
17133,2023,83100
17133,2024,81700
17133,2025,83400
17143,1951,24400
17143,1952,23700
17143,1953,29100
17143,1954,30900
17143,1955,31200
17143,1956,34900
17143,1957,34500
17143,1958,34100
17143,1959,29100
17143,1960,34600
17143,1961,39100
17143,1962,38500
17143,1963,37900
17143,1964,39100
17143,1965,41800
17143,1966,42400
17143,1967,40800
17143,1968,47000
17143,1969,50500
17143,1970,50000
17143,1971,54100
17143,1972,56100
17143,1973,75000
17143,1974,67800
17143,1975,64500
17143,1976,54000
17143,1977,64000
17143,1978,65000
17143,1979,61000
17143,1980,64000
17143,1981,67000
17143,1982,67200
17143,1983,67000
17143,1984,64000
17143,1985,67000
17143,1986,70400
17143,1987,68600
17143,1988,66300
17143,1989,73400
17143,1990,80300
17143,1991,80700
17143,1992,82500
17143,1993,80000
17143,1994,83900
17143,1995,82700
17143,1996,83600
17143,1997,89600
17143,1998,91600
17143,1999,89600
17143,2000,88800
17143,2001,90500
17143,2002,90100
17143,2003,85900
17143,2004,82300
17143,2005,78500
17143,2006,80700
17143,2007,66900
17143,2008,68800
17143,2009,70700
17143,2010,75800
17143,2011,76900
17143,2012,79700
17143,2013,83400
17143,2014,84200
17143,2015,86400
17143,2016,84300
17143,2017,86800
17143,2018,85600
17143,2019,82500
17143,2020,83300
17143,2021,85900
17143,2022,87100
17143,2023,85200
17143,2024,88900
17143,2025,83500
17145,1951,29000
17145,1952,31000
17145,1953,30400
17145,1954,29400
17145,1955,28700
17145,1956,32700
17145,1957,31300
17145,1958,34000
17145,1959,38100
17145,1960,38800
17145,1961,40500
17145,1962,41300
17145,1963,40200
17145,1964,43500
17145,1965,44900
17145,1966,41600
17145,1967,45200
17145,1968,45500
17145,1969,47000
17145,1970,43000
17145,1971,43100
17145,1972,43400
17145,1973,54000
17145,1974,55700
17145,1975,59000
17145,1976,60000
17145,1977,68000
17145,1978,67000
17145,1979,65000
17145,1980,60000
17145,1981,64000
17145,1982,67000
17145,1983,71000
17145,1984,61000
17145,1985,58000
17145,1986,56900
17145,1987,52400
17145,1988,52900
17145,1989,53900
17145,1990,55900
17145,1991,53900
17145,1992,57600
17145,1993,55000
17145,1994,59300
17145,1995,64700
17145,1996,55100
17145,1997,60800
17145,1998,59300
17145,1999,69800
17145,2000,71700
17145,2001,75600
17145,2002,84700
17145,2003,90900
17145,2004,79800
17145,2005,76700
17145,2006,89600
17145,2007,74800
17145,2008,86300
17145,2009,85300
17145,2010,79700
17145,2011,75800
17145,2012,73400
17145,2013,87500
17145,2014,86100
17145,2015,76000
17145,2016,91400
17145,2017,93700
17145,2018,94400
17145,2019,95000
17145,2020,90700
17145,2021,90900
17145,2022,96300
17145,2023,86900
17145,2024,95700
17145,2025,91900
17157,1951,23900
17157,1952,34200
17157,1953,33400
17157,1954,31100
17157,1955,28000
17157,1956,28400
17157,1957,26800
17157,1958,33800
17157,1959,38000
17157,1960,38400
17157,1961,41300
17157,1962,43800
17157,1963,44000
17157,1964,43900
17157,1965,46500
17157,1966,39800
17157,1967,42500
17157,1968,48000
17157,1969,47500
17157,1970,48000
17157,1971,50900
17157,1972,52000
17157,1973,55000
17157,1974,50300
17157,1975,54500
17157,1976,54000
17157,1977,65000
17157,1978,69000
17157,1979,65000
17157,1980,61000
17157,1981,69500
17157,1982,74000
17157,1983,71000
17157,1984,65000
17157,1985,71000
17157,1986,71300
17157,1987,65300
17157,1988,72500
17157,1989,68800
17157,1990,82100
17157,1991,69500
17157,1992,73200
17157,1993,58000
17157,1994,74500
17157,1995,73900
17157,1996,79200
17157,1997,88600
17157,1998,88200
17157,1999,92300
17157,2000,97100
17157,2001,100200
17157,2002,103400
17157,2003,103600
17157,2004,106400
17157,2005,99400
17157,2006,113400
17157,2007,93700
17157,2008,106500
17157,2009,110300
17157,2010,102400
17157,2011,105700
17157,2012,106100
17157,2013,112300
17157,2014,110000
17157,2015,102400
17157,2016,108300
17157,2017,114300
17157,2018,113900
17157,2019,96000
17157,2020,112000
17157,2021,112500
17157,2022,120100
17157,2023,113500
17157,2024,115700
17157,2025,111800
17163,1951,51900
17163,1952,61900
17163,1953,58900
17163,1954,58700
17163,1955,60100
17163,1956,63200
17163,1957,63200
17163,1958,70300
17163,1959,71600
17163,1960,79200
17163,1961,83100
17163,1962,87100
17163,1963,86800
17163,1964,84700
17163,1965,86000
17163,1966,79700
17163,1967,81200
17163,1968,86000
17163,1969,88000
17163,1970,88500
17163,1971,94500
17163,1972,96400
17163,1973,111500
17163,1974,101400
17163,1975,106500
17163,1976,105500
17163,1977,118000
17163,1978,119000
17163,1979,121000
17163,1980,116000
17163,1981,108000
17163,1982,115000
17163,1983,106000
17163,1984,105000
17163,1985,115000
17163,1986,105200
17163,1987,101100
17163,1988,100200
17163,1989,112000
17163,1990,114400
17163,1991,102400
17163,1992,107400
17163,1993,97000
17163,1994,112200
17163,1995,112900
17163,1996,104600
17163,1997,106600
17163,1998,115600
17163,1999,117500
17163,2000,118900
17163,2001,116700
17163,2002,120400
17163,2003,117200
17163,2004,116700
17163,2005,112500
17163,2006,116500
17163,2007,121500
17163,2008,115100
17163,2009,125400
17163,2010,105600
17163,2011,110800
17163,2012,104300
17163,2013,110500
17163,2014,106600
17163,2015,103500
17163,2016,103800
17163,2017,112800
17163,2018,110100
17163,2019,111800
17163,2020,107000
17163,2021,111000
17163,2022,113600
17163,2023,108000
17163,2024,115300
17163,2025,109800
17167,1951,104500
17167,1952,99300
17167,1953,105800
17167,1954,123200
17167,1955,126000
17167,1956,134000
17167,1957,142600
17167,1958,140000
17167,1959,124400
17167,1960,123400
17167,1961,134500
17167,1962,133900
17167,1963,134300
17167,1964,137700
17167,1965,140900
17167,1966,135900
17167,1967,133200
17167,1968,149500
17167,1969,154500
17167,1970,149000
17167,1971,151000
17167,1972,159900
17167,1973,183000
17167,1974,164400
17167,1975,164500
17167,1976,151000
17167,1977,191000
17167,1978,195300
17167,1979,196000
17167,1980,191000
17167,1981,189000
17167,1982,190500
17167,1983,192500
17167,1984,190500
17167,1985,194000
17167,1986,203600
17167,1987,198400
17167,1988,203600
17167,1989,199300
17167,1990,190200
17167,1991,193500
17167,1992,199100
17167,1993,204000
17167,1994,205700
17167,1995,198900
17167,1996,197700
17167,1997,198300
17167,1998,215900
17167,1999,193200
17167,2000,194800
17167,2001,185900
17167,2002,175700
17167,2003,171700
17167,2004,157600
17167,2005,142400
17167,2006,145400
17167,2007,120900
17167,2008,117000
17167,2009,118300
17167,2010,135200
17167,2011,128700
17167,2012,133500
17167,2013,141000
17167,2014,153200
17167,2015,151200
17167,2016,143000
17167,2017,167700
17167,2018,187100
17167,2019,164400
17167,2020,161800
17167,2021,181700
17167,2022,183700
17167,2023,171300
17167,2024,182000
17167,2025,161000
17177,1951,400
17177,1952,300
17177,1953,300
17177,1954,600
17177,1955,500
17177,1956,700
17177,1957,1000
17177,1958,1900
17177,1959,900
17177,1960,700
17177,1961,900
17177,1962,1100
17177,1963,1600
17177,1964,2700
17177,1965,4200
17177,1966,5800
17177,1967,5900
17177,1968,9000
17177,1969,9500
17177,1970,11100
17177,1971,11200
17177,1972,13500
17177,1973,27000
17177,1974,18900
17177,1975,17000
17177,1976,12500
17177,1977,16000
17177,1978,16900
17177,1979,22000
17177,1980,22500
17177,1981,21000
17177,1982,22000
17177,1983,22000
17177,1984,25000
17177,1985,26000
17177,1986,27200
17177,1987,24900
17177,1988,25400
17177,1989,27600
17177,1990,25600
17177,1991,30800
17177,1992,33600
17177,1993,39000
17177,1994,42600
17177,1995,44900
17177,1996,56200
17177,1997,58800
17177,1998,62900
17177,1999,75600
17177,2000,79300
17177,2001,84500
17177,2002,83800
17177,2003,96800
17177,2004,82500
17177,2005,79600
17177,2006,82600
17177,2007,55900
17177,2008,68800
17177,2009,69100
17177,2010,67700
17177,2011,60600
17177,2012,62700
17177,2013,67300
17177,2014,76000
17177,2015,79700
17177,2016,83900
17177,2017,88900
17177,2018,79100
17177,2019,69900
17177,2020,79200
17177,2021,78100
17177,2022,88200
17177,2023,80100
17177,2024,86900
17177,2025,79900
17179,1951,39200
17179,1952,40200
17179,1953,44800
17179,1954,52600
17179,1955,53400
17179,1956,61700
17179,1957,67400
17179,1958,66500
17179,1959,54400
17179,1960,55300
17179,1961,65500
17179,1962,64500
17179,1963,60700
17179,1964,60800
17179,1965,63100
17179,1966,58900
17179,1967,59600
17179,1968,67000
17179,1969,71500
17179,1970,69000
17179,1971,70600
17179,1972,75800
17179,1973,92000
17179,1974,86800
17179,1975,83000
17179,1976,71500
17179,1977,80000
17179,1978,89000
17179,1979,98000
17179,1980,96000
17179,1981,99000
17179,1982,101000
17179,1983,98500
17179,1984,98000
17179,1985,105000
17179,1986,105300
17179,1987,104100
17179,1988,108300
17179,1989,111500
17179,1990,115300
17179,1991,116000
17179,1992,120200
17179,1993,121000
17179,1994,128000
17179,1995,117600
17179,1996,129900
17179,1997,127500
17179,1998,133000
17179,1999,127500
17179,2000,125800
17179,2001,129300
17179,2002,125700
17179,2003,120800
17179,2004,120400
17179,2005,110900
17179,2006,116500
17179,2007,97800
17179,2008,99800
17179,2009,105400
17179,2010,106900
17179,2011,101900
17179,2012,108000
17179,2013,110300
17179,2014,115700
17179,2015,111700
17179,2016,117000
17179,2017,119300
17179,2018,126700
17179,2019,118500
17179,2020,122900
17179,2021,120400
17179,2022,124600
17179,2023,120400
17179,2024,125100
17179,2025,121800
17189,1951,56000
17189,1952,61400
17189,1953,65300
17189,1954,67100
17189,1955,68500
17189,1956,68600
17189,1957,72200
17189,1958,79900
17189,1959,86500
17189,1960,90200
17189,1961,94300
17189,1962,95700
17189,1963,96000
17189,1964,94000
17189,1965,94600
17189,1966,79300
17189,1967,89200
17189,1968,95500
17189,1969,83000
17189,1970,88000
17189,1971,96600
17189,1972,99900
17189,1973,116000
17189,1974,104400
17189,1975,107000
17189,1976,109000
17189,1977,131000
17189,1978,133500
17189,1979,135000
17189,1980,130000
17189,1981,124000
17189,1982,127000
17189,1983,117500
17189,1984,113000
17189,1985,118000
17189,1986,113500
17189,1987,105400
17189,1988,102500
17189,1989,108000
17189,1990,115500
17189,1991,114800
17189,1992,121300
17189,1993,113000
17189,1994,129100
17189,1995,133900
17189,1996,117900
17189,1997,133500
17189,1998,135600
17189,1999,147500
17189,2000,135300
17189,2001,149900
17189,2002,149100
17189,2003,154700
17189,2004,145300
17189,2005,140400
17189,2006,155300
17189,2007,136600
17189,2008,156600
17189,2009,148900
17189,2010,138500
17189,2011,131600
17189,2012,122000
17189,2013,146000
17189,2014,147100
17189,2015,128700
17189,2016,148000
17189,2017,148300
17189,2018,155100
17189,2019,158000
17189,2020,151300
17189,2021,150200
17189,2022,150800
17189,2023,150800
17189,2024,152200
17189,2025,148100
17201,1951,3300
17201,1952,2800
17201,1953,4500
17201,1954,5300
17201,1955,6100
17201,1956,7200
17201,1957,9300
17201,1958,11400
17201,1959,7700
17201,1960,8200
17201,1961,12300
17201,1962,11800
17201,1963,13500
17201,1964,15400
17201,1965,19500
17201,1966,22100
17201,1967,20600
17201,1968,21700
17201,1969,23000
17201,1970,22200
17201,1971,22800
17201,1972,27000
17201,1973,38000
17201,1974,30300
17201,1975,27500
17201,1976,24500
17201,1977,33000
17201,1978,31100
17201,1979,37000
17201,1980,36000
17201,1981,34500
17201,1982,36500
17201,1983,34000
17201,1984,35500
17201,1985,35000
17201,1986,36300
17201,1987,32100
17201,1988,32400
17201,1989,32700
17201,1990,28900
17201,1991,36800
17201,1992,39600
17201,1993,36000
17201,1994,43100
17201,1995,42900
17201,1996,47600
17201,1997,54800
17201,1998,54700
17201,1999,60700
17201,2000,63500
17201,2001,66600
17201,2002,60700
17201,2003,60900
17201,2004,51900
17201,2005,49700
17201,2006,50800
17201,2007,33900
17201,2008,41700
17201,2009,43900
17201,2010,41800
17201,2011,39900
17201,2012,41800
17201,2013,45300
17201,2014,44100
17201,2015,46800
17201,2016,45600
17201,2017,54200
17201,2018,53200
17201,2019,47700
17201,2020,49100
17201,2021,54300
17201,2022,56900
17201,2023,53600
17201,2024,62100
17201,2025,55200
17203,1951,20300
17203,1952,20400
17203,1953,23500
17203,1954,29100
17203,1955,29300
17203,1956,34400
17203,1957,40100
17203,1958,42600
17203,1959,35900
17203,1960,36400
17203,1961,52100
17203,1962,52200
17203,1963,49300
17203,1964,51800
17203,1965,56200
17203,1966,55800
17203,1967,57300
17203,1968,68000
17203,1969,71500
17203,1970,69000
17203,1971,73200
17203,1972,78800
17203,1973,95000
17203,1974,89800
17203,1975,90000
17203,1976,72000
17203,1977,78500
17203,1978,89500
17203,1979,99000
17203,1980,100000
17203,1981,96000
17203,1982,93000
17203,1983,92000
17203,1984,97000
17203,1985,101000
17203,1986,99800
17203,1987,97500
17203,1988,95100
17203,1989,104800
17203,1990,108800
17203,1991,110700
17203,1992,119200
17203,1993,117000
17203,1994,121400
17203,1995,119600
17203,1996,115700
17203,1997,123500
17203,1998,130600
17203,1999,125500
17203,2000,128800
17203,2001,127300
17203,2002,125700
17203,2003,120800
17203,2004,117100
17203,2005,112500
17203,2006,112400
17203,2007,90800
17203,2008,100800
17203,2009,100700
17203,2010,99600
17203,2011,97900
17203,2012,99500
17203,2013,108400
17203,2014,113700
17203,2015,118500
17203,2016,115000
17203,2017,122400
17203,2018,117000
17203,2019,116500
17203,2020,116500
17203,2021,120000
17203,2022,113100
17203,2023,115900
17203,2024,116100
17203,2025,116300
18003,1951,43900
18003,1952,44800
18003,1953,48800
18003,1954,47600
18003,1955,52600
18003,1956,54300
18003,1957,56400
18003,1958,57200
18003,1959,61500
18003,1960,63000
18003,1961,66500
18003,1962,70200
18003,1963,66000
18003,1964,67000
18003,1965,72800
18003,1966,75200
18003,1967,77800
18003,1968,84500
18003,1969,81300
18003,1970,87000
18003,1971,89900
18003,1972,95400
18003,1973,104500
18003,1974,94000
18003,1975,85900
18003,1976,85400
18003,1977,105200
18003,1978,111400
18003,1979,106100
18003,1980,107200
18003,1981,108100
18003,1982,109100
18003,1983,94600
18003,1984,103100
18003,1985,107600
18003,1986,98500
18003,1987,107000
18003,1988,102900
18003,1989,110200
18003,1990,89700
18003,1991,85100
18003,1992,88700
18003,1993,96000
18003,1994,84900
18003,1995,86400
18003,1996,112100
18003,1997,105100
18003,1998,99100
18003,1999,104100
18003,2000,104700
18003,2001,108400
18003,2002,117600
18003,2003,100000
18003,2004,105100
18003,2005,104800
18003,2006,101600
18003,2007,94900
18003,2008,102200
18003,2009,103300
18003,2010,108700
18003,2011,99600
18003,2012,98900
18003,2013,95300
18003,2014,104900
18003,2015,99700
18003,2016,103300
18003,2017,110900
18003,2018,106300
18003,2019,96500
18003,2020,102600
18003,2021,101000
18003,2022,103200
18003,2023,95900
18003,2024,96800
18003,2025,95200
18007,1951,48300
18007,1952,46700
18007,1953,48800
18007,1954,59900
18007,1955,61600
18007,1956,68500
18007,1957,70000
18007,1958,68800
18007,1959,61200
18007,1960,61000
18007,1961,64600
18007,1962,64100
18007,1963,67800
18007,1964,70600
18007,1965,73200
18007,1966,74700
18007,1967,76300
18007,1968,81600
18007,1969,87700
18007,1970,90300
18007,1971,89400
18007,1972,92400
18007,1973,111000
18007,1974,93000
18007,1975,90200
18007,1976,91700
18007,1977,104800
18007,1978,110500
18007,1979,118300
18007,1980,109900
18007,1981,122200
18007,1982,110300
18007,1983,104400
18007,1984,111100
18007,1985,115000
18007,1986,110600
18007,1987,109700
18007,1988,107400
18007,1989,113700
18007,1990,104600
18007,1991,111500
18007,1992,111500
18007,1993,121200
18007,1994,111300
18007,1995,120900
18007,1996,113800
18007,1997,122700
18007,1998,119600
18007,1999,119700
18007,2000,111200
18007,2001,113100
18007,2002,113400
18007,2003,111100
18007,2004,108400
18007,2005,107200
18007,2006,108000
18007,2007,92800
18007,2008,102400
18007,2009,100500
18007,2010,106400
18007,2011,98800
18007,2012,100200
18007,2013,98700
18007,2014,101900
18007,2015,102900
18007,2016,104900
18007,2017,105800
18007,2018,114200
18007,2019,104600
18007,2020,112100
18007,2021,102900
18007,2022,108000
18007,2023,100700
18007,2024,111800
18007,2025,102600
18011,1951,24200
18011,1952,25900
18011,1953,32900
18011,1954,30700
18011,1955,30700
18011,1956,32300
18011,1957,36500
18011,1958,36200
18011,1959,34000
18011,1960,37800
18011,1961,48300
18011,1962,47900
18011,1963,51100
18011,1964,48200
18011,1965,51400
18011,1966,48900
18011,1967,45200
18011,1968,53200
18011,1969,57600
18011,1970,52900
18011,1971,54400
18011,1972,62200
18011,1973,70300
18011,1974,71900
18011,1975,64200
18011,1976,68900
18011,1977,73100
18011,1978,76400
18011,1979,86900
18011,1980,83200
18011,1981,85000
18011,1982,84400
18011,1983,78000
18011,1984,86400
18011,1985,88900
18011,1986,81800
18011,1987,84400
18011,1988,82500
18011,1989,87200
18011,1990,82800
18011,1991,89800
18011,1992,92400
18011,1993,103400
18011,1994,94700
18011,1995,102300
18011,1996,103200
18011,1997,108100
18011,1998,105600
18011,1999,100400
18011,2000,99700
18011,2001,100300
18011,2002,111700
18011,2003,108600
18011,2004,113600
18011,2005,110600
18011,2006,114600
18011,2007,110300
18011,2008,120100
18011,2009,96800
18011,2010,94400
18011,2011,94800
18011,2012,93300
18011,2013,95900
18011,2014,95400
18011,2015,101400
18011,2016,99300
18011,2017,113900
18011,2018,99800
18011,2019,95400
18011,2020,95800
18011,2021,98600
18011,2022,96200
18011,2023,95100
18011,2024,95400
18011,2025,92100
18019,1951,5700
18019,1952,4200
18019,1953,3900
18019,1954,3900
18019,1955,4200
18019,1956,3800
18019,1957,3500
18019,1958,4900
18019,1959,5300
18019,1960,5400
18019,1961,6000
18019,1962,8800
18019,1963,8400
18019,1964,11000
18019,1965,11600
18019,1966,11200
18019,1967,14100
18019,1968,15300
18019,1969,15800
18019,1970,15100
18019,1971,16800
18019,1972,20100
18019,1973,17800
18019,1974,16700
18019,1975,14800
18019,1976,17500
18019,1977,20900
18019,1978,25200
18019,1979,20900
18019,1980,23100
18019,1981,26000
18019,1982,26000
18019,1983,21800
18019,1984,24600
18019,1985,24500
18019,1986,24900
18019,1987,21800
18019,1988,22100
18019,1989,23000
18019,1990,20500
18019,1991,24200
18019,1992,23700
18019,1993,25100
18019,1994,22400
18019,1995,26600
18019,1996,27600
18019,1997,27500
18019,1998,30700
18019,1999,29600
18019,2000,29400
18019,2001,29400
18019,2002,31100
18019,2003,30400
18019,2004,31900
18019,2005,31100
18019,2006,30300
18019,2007,26200
18019,2008,31100
18019,2009,29000
18019,2010,29700
18019,2011,31000
18019,2012,31000
18019,2013,30200
18019,2014,33300
18019,2015,34300
18019,2016,31600
18019,2017,34700
18019,2018,33600
18019,2019,27700
18019,2020,34000
18019,2021,32000
18019,2022,32500
18019,2023,30900
18019,2024,33300
18019,2025,30400
18027,1951,31100
18027,1952,28900
18027,1953,29100
18027,1954,29700
18027,1955,31400
18027,1956,29800
18027,1957,29500
18027,1958,30400
18027,1959,33000
18027,1960,35100
18027,1961,35100
18027,1962,34800
18027,1963,34900
18027,1964,32300
18027,1965,31200
18027,1966,26100
18027,1967,25200
18027,1968,31100
18027,1969,30700
18027,1970,26300
18027,1971,28400
18027,1972,32100
18027,1973,37500
18027,1974,36300
18027,1975,30800
18027,1976,32000
18027,1977,40000
18027,1978,33300
18027,1979,35800
18027,1980,39500
18027,1981,43200
18027,1982,41700
18027,1983,29800
18027,1984,34100
18027,1985,33600
18027,1986,33700
18027,1987,36000
18027,1988,34600
18027,1989,37800
18027,1990,35700
18027,1991,37900
18027,1992,41600
18027,1993,44300
18027,1994,40200
18027,1995,46600
18027,1996,53000
18027,1997,54700
18027,1998,62500
18027,1999,62000
18027,2000,57600
18027,2001,61000
18027,2002,60400
18027,2003,53300
18027,2004,57100
18027,2005,56900
18027,2006,67800
18027,2007,47900
18027,2008,73400
18027,2009,70500
18027,2010,57000
18027,2011,60100
18027,2012,54200
18027,2013,53300
18027,2014,58000
18027,2015,57200
18027,2016,63000
18027,2017,64200
18027,2018,63700
18027,2019,54200
18027,2020,60200
18027,2021,61500
18027,2022,68400
18027,2023,55200
18027,2024,64300
18027,2025,55000
18031,1951,4700
18031,1952,4800
18031,1953,5300
18031,1954,5100
18031,1955,5200
18031,1956,6000
18031,1957,8200
18031,1958,8600
18031,1959,10400
18031,1960,12000
18031,1961,15200
18031,1962,16700
18031,1963,17400
18031,1964,21500
18031,1965,23100
18031,1966,21700
18031,1967,23500
18031,1968,28600
18031,1969,28300
18031,1970,28200
18031,1971,29200
18031,1972,34100
18031,1973,43400
18031,1974,40800
18031,1975,35700
18031,1976,26300
18031,1977,33100
18031,1978,29500
18031,1979,31600
18031,1980,26000
18031,1981,38000
18031,1982,33900
18031,1983,27000
18031,1984,30600
18031,1985,30500
18031,1986,30000
18031,1987,37200
18031,1988,35700
18031,1989,41700
18031,1990,34700
18031,1991,41600
18031,1992,45700
18031,1993,49300
18031,1994,49600
18031,1995,57900
18031,1996,62600
18031,1997,68100
18031,1998,69400
18031,1999,69700
18031,2000,71300
18031,2001,71300
18031,2002,76900
18031,2003,71400
18031,2004,74500
18031,2005,72200
18031,2006,79700
18031,2007,62900
18031,2008,73100
18031,2009,70400
18031,2010,75800
18031,2011,77800
18031,2012,74500
18031,2013,74100
18031,2014,76800
18031,2015,74200
18031,2016,79400
18031,2017,81300
18031,2018,82600
18031,2019,76000
18031,2020,81100
18031,2021,79300
18031,2022,80900
18031,2023,77000
18031,2024,82600
18031,2025,78800
18041,1951,2300
18041,1952,2500
18041,1953,2500
18041,1954,2400
18041,1955,2200
18041,1956,2200
18041,1957,2700
18041,1958,2600
18041,1959,2900
18041,1960,3400
18041,1961,4200
18041,1962,5200
18041,1963,5800
18041,1964,7500
18041,1965,7400
18041,1966,7800
18041,1967,8800
18041,1968,10600
18041,1969,10200
18041,1970,10300
18041,1971,12100
18041,1972,16000
18041,1973,20500
18041,1974,19500
18041,1975,17900
18041,1976,12700
18041,1977,14200
18041,1978,18500
18041,1979,18100
18041,1980,16200
18041,1981,17200
18041,1982,18700
18041,1983,13700
18041,1984,15300
18041,1985,15200
18041,1986,15300
18041,1987,17200
18041,1988,18000
18041,1989,20400
18041,1990,20400
18041,1991,21500
18041,1992,23100
18041,1993,24200
18041,1994,24600
18041,1995,27000
18041,1996,28300
18041,1997,31400
18041,1998,37400
18041,1999,36800
18041,2000,33100
18041,2001,32300
18041,2002,35100
18041,2003,33500
18041,2004,35700
18041,2005,34500
18041,2006,35900
18041,2007,33400
18041,2008,35000
18041,2009,34000
18041,2010,35200
18041,2011,35800
18041,2012,35100
18041,2013,35900
18041,2014,35600
18041,2015,37800
18041,2016,35100
18041,2017,39000
18041,2018,37300
18041,2019,37300
18041,2020,36900
18041,2021,37500
18041,2022,37700
18041,2023,36700
18041,2024,36800
18041,2025,38600
18047,1951,300
18047,1952,500
18047,1953,600
18047,1954,800
18047,1955,1000
18047,1956,800
18047,1957,900
18047,1958,1000
18047,1959,1400
18047,1960,1400
18047,1961,1400
18047,1962,2400
18047,1963,7200
18047,1964,9100
18047,1965,8500
18047,1966,9200
18047,1967,10700
18047,1968,13500
18047,1969,10100
18047,1970,9300
18047,1971,12800
18047,1972,16100
18047,1973,19700
18047,1974,17400
18047,1975,16900
18047,1976,12800
18047,1977,16300
18047,1978,17500
18047,1979,19900
18047,1980,15800
18047,1981,16900
18047,1982,17000
18047,1983,15900
18047,1984,17400
18047,1985,17400
18047,1986,17400
18047,1987,18400
18047,1988,18600
18047,1989,19200
18047,1990,16200
18047,1991,17900
18047,1992,18300
18047,1993,19100
18047,1994,18400
18047,1995,19500
18047,1996,24300
18047,1997,23100
18047,1998,28800
18047,1999,31900
18047,2000,30400
18047,2001,31500
18047,2002,34300
18047,2003,30700
18047,2004,33700
18047,2005,32600
18047,2006,36000
18047,2007,30500
18047,2008,35500
18047,2009,33500
18047,2010,35800
18047,2011,34400
18047,2012,35600
18047,2013,34300
18047,2014,37200
18047,2015,38100
18047,2016,39900
18047,2017,41000
18047,2018,39500
18047,2019,37700
18047,2020,39500
18047,2021,39100
18047,2022,40600
18047,2023,38600
18047,2024,40200
18047,2025,38700
18057,1951,27000
18057,1952,25700
18057,1953,31400
18057,1954,27700
18057,1955,29000
18057,1956,27500
18057,1957,31700
18057,1958,34200
18057,1959,33700
18057,1960,36700
18057,1961,43500
18057,1962,46200
18057,1963,42900
18057,1964,44200
18057,1965,47200
18057,1966,44100
18057,1967,45700
18057,1968,49900
18057,1969,52300
18057,1970,46900
18057,1971,54900
18057,1972,59300
18057,1973,63900
18057,1974,58000
18057,1975,56400
18057,1976,53300
18057,1977,62900
18057,1978,69200
18057,1979,75400
18057,1980,66900
18057,1981,68100
18057,1982,62300
18057,1983,57100
18057,1984,63600
18057,1985,64100
18057,1986,60900
18057,1987,67500
18057,1988,66300
18057,1989,69800
18057,1990,63400
18057,1991,59700
18057,1992,61000
18057,1993,67700
18057,1994,60400
18057,1995,65100
18057,1996,75600
18057,1997,61800
18057,1998,63900
18057,1999,60800
18057,2000,63900
18057,2001,61600
18057,2002,64600
18057,2003,57000
18057,2004,59700
18057,2005,57000
18057,2006,56800
18057,2007,50400
18057,2008,51500
18057,2009,47100
18057,2010,59100
18057,2011,53900
18057,2012,54700
18057,2013,57100
18057,2014,62100
18057,2015,57600
18057,2016,55900
18057,2017,56900
18057,2018,65000
18057,2019,56400
18057,2020,57400
18057,2021,55600
18057,2022,55000
18057,2023,51000
18057,2024,54000
18057,2025,52800
18059,1951,27900
18059,1952,23700
18059,1953,27600
18059,1954,28300
18059,1955,27800
18059,1956,29700
18059,1957,31200
18059,1958,32100
18059,1959,35600
18059,1960,39600
18059,1961,46700
18059,1962,45700
18059,1963,43200
18059,1964,42800
18059,1965,42700
18059,1966,43000
18059,1967,45800
18059,1968,52100
18059,1969,49600
18059,1970,49500
18059,1971,54200
18059,1972,59200
18059,1973,63100
18059,1974,57800
18059,1975,52700
18059,1976,53000
18059,1977,63900
18059,1978,61200
18059,1979,60800
18059,1980,64800
18059,1981,61500
18059,1982,62800
18059,1983,57400
18059,1984,61800
18059,1985,63600
18059,1986,59500
18059,1987,69400
18059,1988,67000
18059,1989,73600
18059,1990,65300
18059,1991,65800
18059,1992,66100
18059,1993,71800
18059,1994,66900
18059,1995,70000
18059,1996,81800
18059,1997,80900
18059,1998,75000
18059,1999,79800
18059,2000,81200
18059,2001,78500
18059,2002,80400
18059,2003,75600
18059,2004,80600
18059,2005,76800
18059,2006,82300
18059,2007,69400
18059,2008,77800
18059,2009,76300
18059,2010,67500
18059,2011,68400
18059,2012,65300
18059,2013,64900
18059,2014,67900
18059,2015,72200
18059,2016,73900
18059,2017,77400
18059,2018,78100
18059,2019,68600
18059,2020,66300
18059,2021,71000
18059,2022,69400
18059,2023,66600
18059,2024,68300
18059,2025,67400
18063,1951,24700
18063,1952,25400
18063,1953,29700
18063,1954,31300
18063,1955,31700
18063,1956,32300
18063,1957,31100
18063,1958,34000
18063,1959,34400
18063,1960,37900
18063,1961,43400
18063,1962,43100
18063,1963,40100
18063,1964,40700
18063,1965,41400
18063,1966,38300
18063,1967,39500
18063,1968,42900
18063,1969,40300
18063,1970,41000
18063,1971,47400
18063,1972,51200
18063,1973,58200
18063,1974,57000
18063,1975,51000
18063,1976,48700
18063,1977,60100
18063,1978,63300
18063,1979,69400
18063,1980,66300
18063,1981,68000
18063,1982,62500
18063,1983,58200
18063,1984,62200
18063,1985,64000
18063,1986,61900
18063,1987,66300
18063,1988,61500
18063,1989,68400
18063,1990,60200
18063,1991,61300
18063,1992,60800
18063,1993,64200
18063,1994,59600
18063,1995,61100
18063,1996,63800
18063,1997,70900
18063,1998,74300
18063,1999,70800
18063,2000,73300
18063,2001,71600
18063,2002,63500
18063,2003,58600
18063,2004,60700
18063,2005,56900
18063,2006,61200
18063,2007,40500
18063,2008,50800
18063,2009,69900
18063,2010,65900
18063,2011,67300
18063,2012,63500
18063,2013,69100
18063,2014,64500
18063,2015,66400
18063,2016,63600
18063,2017,65900
18063,2018,71600
18063,2019,68300
18063,2020,72600
18063,2021,70700
18063,2022,69200
18063,2023,66400
18063,2024,67100
18063,2025,67200
18067,1951,21200
18067,1952,20100
18067,1953,22800
18067,1954,24600
18067,1955,24200
18067,1956,25700
18067,1957,26200
18067,1958,27700
18067,1959,28200
18067,1960,30800
18067,1961,36500
18067,1962,35300
18067,1963,35400
18067,1964,35800
18067,1965,38600
18067,1966,40700
18067,1967,41400
18067,1968,43700
18067,1969,43100
18067,1970,46200
18067,1971,45200
18067,1972,49100
18067,1973,59500
18067,1974,54000
18067,1975,52200
18067,1976,46800
18067,1977,57300
18067,1978,60200
18067,1979,67000
18067,1980,62400
18067,1981,61700
18067,1982,61400
18067,1983,57000
18067,1984,61800
18067,1985,63700
18067,1986,58700
18067,1987,62800
18067,1988,62600
18067,1989,64100
18067,1990,64000
18067,1991,65300
18067,1992,65000
18067,1993,70000
18067,1994,67500
18067,1995,74100
18067,1996,66900
18067,1997,70900
18067,1998,74300
18067,1999,73100
18067,2000,71700
18067,2001,75100
18067,2002,71400
18067,2003,71000
18067,2004,73100
18067,2005,71800
18067,2006,74300
18067,2007,64600
18067,2008,71500
18067,2009,70400
18067,2010,65500
18067,2011,66900
18067,2012,64200
18067,2013,64900
18067,2014,66400
18067,2015,69100
18067,2016,71700
18067,2017,74400
18067,2018,70400
18067,2019,69500
18067,2020,66000
18067,2021,68300
18067,2022,64800
18067,2023,65600
18067,2024,64600
18067,2025,66200
18069,1951,21700
18069,1952,21000
18069,1953,24500
18069,1954,25900
18069,1955,27800
18069,1956,29400
18069,1957,29800
18069,1958,29700
18069,1959,31600
18069,1960,35400
18069,1961,40100
18069,1962,41100
18069,1963,40800
18069,1964,43400
18069,1965,47100
18069,1966,48100
18069,1967,49900
18069,1968,53800
18069,1969,55200
18069,1970,53400
18069,1971,54900
18069,1972,62200
18069,1973,76900
18069,1974,68500
18069,1975,68600
18069,1976,59800
18069,1977,73300
18069,1978,76700
18069,1979,83000
18069,1980,84800
18069,1981,86700
18069,1982,78900
18069,1983,71600
18069,1984,79100
18069,1985,82000
18069,1986,74400
18069,1987,76200
18069,1988,72500
18069,1989,78500
18069,1990,71500
18069,1991,76100
18069,1992,76800
18069,1993,83200
18069,1994,78100
18069,1995,80700
18069,1996,102700
18069,1997,81900
18069,1998,82300
18069,1999,88300
18069,2000,87300
18069,2001,89000
18069,2002,97300
18069,2003,86300
18069,2004,87900
18069,2005,87600
18069,2006,90500
18069,2007,77000
18069,2008,87600
18069,2009,85800
18069,2010,89200
18069,2011,85300
18069,2012,77900
18069,2013,80000
18069,2014,84500
18069,2015,91700
18069,2016,89500
18069,2017,97200
18069,2018,99800
18069,2019,90200
18069,2020,94000
18069,2021,91500
18069,2022,93000
18069,2023,86000
18069,2024,90200
18069,2025,85000
18085,1951,8800
18085,1952,8600
18085,1953,9500
18085,1954,13200
18085,1955,17600
18085,1956,20000
18085,1957,20700
18085,1958,23300
18085,1959,24800
18085,1960,27400
18085,1961,32900
18085,1962,37100
18085,1963,35600
18085,1964,36000
18085,1965,38800
18085,1966,39600
18085,1967,41400
18085,1968,42100
18085,1969,44600
18085,1970,44600
18085,1971,40800
18085,1972,45200
18085,1973,54800
18085,1974,53900
18085,1975,52100
18085,1976,45100
18085,1977,53800
18085,1978,56300
18085,1979,62400
18085,1980,61000
18085,1981,61900
18085,1982,65800
18085,1983,54400
18085,1984,58300
18085,1985,60300
18085,1986,59300
18085,1987,60300
18085,1988,57600
18085,1989,61100
18085,1990,53100
18085,1991,58900
18085,1992,59000
18085,1993,65800
18085,1994,59800
18085,1995,63500
18085,1996,73400
18085,1997,76400
18085,1998,79400
18085,1999,85100
18085,2000,83400
18085,2001,87900
18085,2002,88000
18085,2003,85100
18085,2004,87900
18085,2005,84000
18085,2006,88500
18085,2007,74600
18085,2008,86400
18085,2009,83400
18085,2010,85400
18085,2011,81100
18085,2012,77900
18085,2013,79800
18085,2014,79000
18085,2015,79700
18085,2016,79900
18085,2017,87700
18085,2018,89000
18085,2019,77500
18085,2020,85200
18085,2021,82200
18085,2022,84300
18085,2023,82700
18085,2024,83600
18085,2025,78800
18087,1951,600
18087,1952,1000
18087,1953,1200
18087,1954,1900
18087,1955,2300
18087,1956,3100
18087,1957,3600
18087,1958,3200
18087,1959,3200
18087,1960,3100
18087,1961,3100
18087,1962,5100
18087,1963,5000
18087,1964,6700
18087,1965,8900
18087,1966,9800
18087,1967,11900
18087,1968,13800
18087,1969,14200
18087,1970,14700
18087,1971,13000
18087,1972,13000
18087,1973,17000
18087,1974,17300
18087,1975,13700
18087,1976,8100
18087,1977,14500
18087,1978,20800
18087,1979,18300
18087,1980,19700
18087,1981,19800
18087,1982,23100
18087,1983,16400
18087,1984,19700
18087,1985,20800
18087,1986,20400
18087,1987,20000
18087,1988,19600
18087,1989,21100
18087,1990,22300
18087,1991,22700
18087,1992,23300
18087,1993,25400
18087,1994,21800
18087,1995,22200
18087,1996,28700
18087,1997,33300
18087,1998,31800
18087,1999,35900
18087,2000,31500
18087,2001,35100
18087,2002,37200
18087,2003,33600
18087,2004,35700
18087,2005,35300
18087,2006,35900
18087,2007,30000
18087,2008,33700
18087,2009,32400
18087,2010,35100
18087,2011,30400
18087,2012,33000
18087,2013,29800
18087,2014,34600
18087,2015,34700
18087,2016,33400
18087,2017,32700
18087,2018,35200
18087,2019,32600
18087,2020,33500
18087,2021,33500
18087,2022,34400
18087,2023,30500
18087,2024,34100
18087,2025,30000
18091,1951,27000
18091,1952,28200
18091,1953,31900
18091,1954,36200
18091,1955,42500
18091,1956,46500
18091,1957,48800
18091,1958,53000
18091,1959,52400
18091,1960,50000
18091,1961,55600
18091,1962,59300
18091,1963,48700
18091,1964,49200
18091,1965,54100
18091,1966,52300
18091,1967,53200
18091,1968,57600
18091,1969,59900
18091,1970,58100
18091,1971,56000
18091,1972,58300
18091,1973,64600
18091,1974,56200
18091,1975,55500
18091,1976,48000
18091,1977,59700
18091,1978,68500
18091,1979,69900
18091,1980,75900
18091,1981,72400
18091,1982,76100
18091,1983,66400
18091,1984,72100
18091,1985,74200
18091,1986,73500
18091,1987,68500
18091,1988,66300
18091,1989,71300
18091,1990,64000
18091,1991,73200
18091,1992,68700
18091,1993,74800
18091,1994,65000
18091,1995,69100
18091,1996,73400
18091,1997,80700
18091,1998,86400
18091,1999,87500
18091,2000,86000
18091,2001,86200
18091,2002,88300
18091,2003,86300
18091,2004,82500
18091,2005,84100
18091,2006,87900
18091,2007,68500
18091,2008,81800
18091,2009,82100
18091,2010,78500
18091,2011,72100
18091,2012,72800
18091,2013,66900
18091,2014,81000
18091,2015,88100
18091,2016,81800
18091,2017,90000
18091,2018,88600
18091,2019,86800
18091,2020,90300
18091,2021,90600
18091,2022,91000
18091,2023,87000
18091,2024,88000
18091,2025,82000
18095,1951,38200
18095,1952,37400
18095,1953,42300
18095,1954,40800
18095,1955,41200
18095,1956,43800
18095,1957,44000
18095,1958,43900
18095,1959,46200
18095,1960,50800
18095,1961,58100
18095,1962,55400
18095,1963,54200
18095,1964,55400
18095,1965,59100
18095,1966,55600
18095,1967,54300
18095,1968,61500
18095,1969,67800
18095,1970,64300
18095,1971,67500
18095,1972,72300
18095,1973,74000
18095,1974,77000
18095,1975,70000
18095,1976,57900
18095,1977,71500
18095,1978,83800
18095,1979,84800
18095,1980,87000
18095,1981,85400
18095,1982,85900
18095,1983,77800
18095,1984,86600
18095,1985,86900
18095,1986,82500
18095,1987,88000
18095,1988,83700
18095,1989,92000
18095,1990,81700
18095,1991,83700
18095,1992,88100
18095,1993,93900
18095,1994,84000
18095,1995,90900
18095,1996,101400
18095,1997,104500
18095,1998,102300
18095,1999,100700
18095,2000,93700
18095,2001,93700
18095,2002,99800
18095,2003,90700
18095,2004,94400
18095,2005,91200
18095,2006,98400
18095,2007,82700
18095,2008,95100
18095,2009,100300
18095,2010,95500
18095,2011,97400
18095,2012,91300
18095,2013,94900
18095,2014,92500
18095,2015,93100
18095,2016,96800
18095,2017,103500
18095,2018,104200
18095,2019,100200
18095,2020,96900
18095,2021,95700
18095,2022,97300
18095,2023,95200
18095,2024,98000
18095,2025,92500
18113,1951,1500
18113,1952,1400
18113,1953,1600
18113,1954,3100
18113,1955,4000
18113,1956,4800
18113,1957,6200
18113,1958,6500
18113,1959,7900
18113,1960,9200
18113,1961,10800
18113,1962,13600
18113,1963,12700
18113,1964,15000
18113,1965,17700
18113,1966,20100
18113,1967,22000
18113,1968,21800
18113,1969,25300
18113,1970,26300
18113,1971,25000
18113,1972,27300
18113,1973,35000
18113,1974,30700
18113,1975,29700
18113,1976,26100
18113,1977,29300
18113,1978,33800
18113,1979,38800
18113,1980,41600
18113,1981,42700
18113,1982,42800
18113,1983,37000
18113,1984,42600
18113,1985,44200
18113,1986,42600
18113,1987,42500
18113,1988,39800
18113,1989,42600
18113,1990,39700
18113,1991,37300
18113,1992,35500
18113,1993,38000
18113,1994,36400
18113,1995,39900
18113,1996,46900
18113,1997,50000
18113,1998,61000
18113,1999,60500
18113,2000,56800
18113,2001,58300
18113,2002,58600
18113,2003,54700
18113,2004,57600
18113,2005,55800
18113,2006,56400
18113,2007,48400
18113,2008,57100
18113,2009,55600
18113,2010,57900
18113,2011,54500
18113,2012,53900
18113,2013,52000
18113,2014,55700
18113,2015,57200
18113,2016,60000
18113,2017,63400
18113,2018,63700
18113,2019,58900
18113,2020,61200
18113,2021,59700
18113,2022,61800
18113,2023,58400
18113,2024,61400
18113,2025,58200
18145,1951,19800
18145,1952,17300
18145,1953,19800
18145,1954,20000
18145,1955,19900
18145,1956,22500
18145,1957,25800
18145,1958,27100
18145,1959,30800
18145,1960,33300
18145,1961,40700
18145,1962,42200
18145,1963,45500
18145,1964,46400
18145,1965,48100
18145,1966,42500
18145,1967,40600
18145,1968,41100
18145,1969,53700
18145,1970,50400
18145,1971,51000
18145,1972,57100
18145,1973,68200
18145,1974,58900
18145,1975,56200
18145,1976,46900
18145,1977,56100
18145,1978,61800
18145,1979,65900
18145,1980,64900
18145,1981,63600
18145,1982,67300
18145,1983,59800
18145,1984,66000
18145,1985,65800
18145,1986,63100
18145,1987,68700
18145,1988,67000
18145,1989,71600
18145,1990,68700
18145,1991,73800
18145,1992,74200
18145,1993,82200
18145,1994,80100
18145,1995,85200
18145,1996,96700
18145,1997,86600
18145,1998,92000
18145,1999,91900
18145,2000,93600
18145,2001,93900
18145,2002,95100
18145,2003,92900
18145,2004,95600
18145,2005,96200
18145,2006,96200
18145,2007,89300
18145,2008,90400
18145,2009,94600
18145,2010,90900
18145,2011,98600
18145,2012,90500
18145,2013,99500
18145,2014,93500
18145,2015,98500
18145,2016,94900
18145,2017,104000
18145,2018,100600
18145,2019,97500
18145,2020,96200
18145,2021,97600
18145,2022,99600
18145,2023,99200
18145,2024,98300
18145,2025,103300
18183,1951,9400
18183,1952,9600
18183,1953,11600
18183,1954,12900
18183,1955,14400
18183,1956,15300
18183,1957,18500
18183,1958,18800
18183,1959,18700
18183,1960,22900
18183,1961,25400
18183,1962,27600
18183,1963,27700
18183,1964,28300
18183,1965,30500
18183,1966,30200
18183,1967,33100
18183,1968,35200
18183,1969,36300
18183,1970,34800
18183,1971,35000
18183,1972,39200
18183,1973,49900
18183,1974,43800
18183,1975,42500
18183,1976,34200
18183,1977,41600
18183,1978,47400
18183,1979,48300
18183,1980,51200
18183,1981,49900
18183,1982,49600
18183,1983,44200
18183,1984,47600
18183,1985,50400
18183,1986,50500
18183,1987,48600
18183,1988,46800
18183,1989,48000
18183,1990,49000
18183,1991,47200
18183,1992,49300
18183,1993,49700
18183,1994,49700
18183,1995,52200
18183,1996,63900
18183,1997,52200
18183,1998,60900
18183,1999,60600
18183,2000,61100
18183,2001,63200
18183,2002,70400
18183,2003,59800
18183,2004,64500
18183,2005,63300
18183,2006,63900
18183,2007,60200
18183,2008,62700
18183,2009,60000
18183,2010,63100
18183,2011,60800
18183,2012,63000
18183,2013,58300
18183,2014,59700
18183,2015,62500
18183,2016,63100
18183,2017,65300
18183,2018,67500
18183,2019,61700
18183,2020,70500
18183,2021,62500
18183,2022,67300
18183,2023,62100
18183,2024,66200
18183,2025,61400
19009,1951,1100
19009,1952,1200
19009,1953,1300
19009,1954,2500
19009,1955,2700
19009,1956,3500
19009,1957,3200
19009,1958,4700
19009,1959,2300
19009,1960,2400
19009,1961,6600
19009,1962,7100
19009,1963,7900
19009,1964,14900
19009,1965,20100
19009,1966,22000
19009,1967,25900
19009,1968,30000
19009,1969,27000
19009,1970,28900
19009,1971,26300
19009,1972,32200
19009,1973,41900
19009,1974,40100
19009,1975,41200
19009,1976,36200
19009,1977,41500
19009,1978,49000
19009,1979,53900
19009,1980,53900
19009,1981,55600
19009,1982,61900
19009,1983,64200
19009,1984,73100
19009,1985,68000
19009,1986,70600
19009,1987,68000
19009,1988,70400
19009,1989,72200
19009,1990,68300
19009,1991,72500
19009,1992,71900
19009,1993,74800
19009,1994,76800
19009,1995,83600
19009,1996,93800
19009,1997,102400
19009,1998,100300
19009,1999,101800
19009,2000,99800
19009,2001,100400
19009,2002,96800
19009,2003,100500
19009,2004,98100
19009,2005,99100
19009,2006,99700
19009,2007,89900
19009,2008,93700
19009,2009,92800
19009,2010,96900
19009,2011,94900
19009,2012,92200
19009,2013,93300
19009,2014,96800
19009,2015,99200
19009,2016,91000
19009,2017,96300
19009,2018,90800
19009,2019,93200
19009,2020,91500
19009,2021,98000
19009,2022,94400
19009,2023,98400
19009,2024,95100
19009,2025,95400
19013,1951,14900
19013,1952,12700
19013,1953,12300
19013,1954,15400
19013,1955,15300
19013,1956,16500
19013,1957,19500
19013,1958,22800
19013,1959,16100
19013,1960,20600
19013,1961,29000
19013,1962,28200
19013,1963,31100
19013,1964,38900
19013,1965,44900
19013,1966,50100
19013,1967,51800
19013,1968,57700
19013,1969,58000
19013,1970,61900
19013,1971,57600
19013,1972,68200
19013,1973,87900
19013,1974,87300
19013,1975,81900
19013,1976,68200
19013,1977,79700
19013,1978,85000
19013,1979,95100
19013,1980,94500
19013,1981,88500
19013,1982,94800
19013,1983,85600
19013,1984,89500
19013,1985,90400
19013,1986,89800
19013,1987,91000
19013,1988,85100
19013,1989,88800
19013,1990,84200
19013,1991,98800
19013,1992,90800
19013,1993,95900
19013,1994,101600
19013,1995,102400
19013,1996,114800
19013,1997,112400
19013,1998,114400
19013,1999,118800
19013,2000,116600
19013,2001,118700
19013,2002,115400
19013,2003,113500
19013,2004,111500
19013,2005,107800
19013,2006,109700
19013,2007,90400
19013,2008,105500
19013,2009,97400
19013,2010,102000
19013,2011,92400
19013,2012,93500
19013,2013,94900
19013,2014,95700
19013,2015,98900
19013,2016,89300
19013,2017,93600
19013,2018,92500
19013,2019,88700
19013,2020,84400
19013,2021,93600
19013,2022,98800
19013,2023,93900
19013,2024,96300
19013,2025,92900
19015,1951,30600
19015,1952,25500
19015,1953,25000
19015,1954,32900
19015,1955,33600
19015,1956,40900
19015,1957,47400
19015,1958,50200
19015,1959,41200
19015,1960,41700
19015,1961,61900
19015,1962,63300
19015,1963,64900
19015,1964,73600
19015,1965,80600
19015,1966,83300
19015,1967,85400
19015,1968,87100
19015,1969,86000
19015,1970,89300
19015,1971,88100
19015,1972,90500
19015,1973,113000
19015,1974,110300
19015,1975,110900
19015,1976,104300
19015,1977,108500
19015,1978,110000
19015,1979,119000
19015,1980,120100
19015,1981,121300
19015,1982,119600
19015,1983,119900
19015,1984,121700
19015,1985,116500
19015,1986,114800
19015,1987,116600
19015,1988,115600
19015,1989,116900
19015,1990,112400
19015,1991,121000
19015,1992,118700
19015,1993,115600
19015,1994,123800
19015,1995,124800
19015,1996,126700
19015,1997,143400
19015,1998,135300
19015,1999,133500
19015,2000,131900
19015,2001,133200
19015,2002,123800
19015,2003,124300
19015,2004,119600
19015,2005,119900
19015,2006,115600
19015,2007,97800
19015,2008,102000
19015,2009,104700
19015,2010,102600
19015,2011,100300
19015,2012,91300
19015,2013,100200
19015,2014,101300
19015,2015,102100
19015,2016,96200
19015,2017,106900
19015,2018,109900
19015,2019,100800
19015,2020,101700
19015,2021,118800
19015,2022,110200
19015,2023,112300
19015,2024,109300
19015,2025,107200
19019,1951,9900
19019,1952,8500
19019,1953,9500
19019,1954,11800
19019,1955,14100
19019,1956,13600
19019,1957,17200
19019,1958,20800
19019,1959,11000
19019,1960,21100
19019,1961,25300
19019,1962,23900
19019,1963,27200
19019,1964,33900
19019,1965,40600
19019,1966,45800
19019,1967,44400
19019,1968,47300
19019,1969,55000
19019,1970,54700
19019,1971,54200
19019,1972,64500
19019,1973,88100
19019,1974,79100
19019,1975,76400
19019,1976,61800
19019,1977,73100
19019,1978,78000
19019,1979,94200
19019,1980,93200
19019,1981,82300
19019,1982,75600
19019,1983,66100
19019,1984,66500
19019,1985,61400
19019,1986,65600
19019,1987,67900
19019,1988,69900
19019,1989,74800
19019,1990,68000
19019,1991,75400
19019,1992,75800
19019,1993,81400
19019,1994,84800
19019,1995,86700
19019,1996,97700
19019,1997,114800
19019,1998,115600
19019,1999,121900
19019,2000,124800
19019,2001,130300
19019,2002,120400
19019,2003,116500
19019,2004,108700
19019,2005,104800
19019,2006,106000
19019,2007,76900
19019,2008,95900
19019,2009,94900
19019,2010,90500
19019,2011,79000
19019,2012,80400
19019,2013,79000
19019,2014,87000
19019,2015,85400
19019,2016,77500
19019,2017,84800
19019,2018,82000
19019,2019,72500
19019,2020,69400
19019,2021,88000
19019,2022,95600
19019,2023,83800
19019,2024,87600
19019,2025,77400
19023,1951,14500
19023,1952,12500
19023,1953,14400
19023,1954,18000
19023,1955,19300
19023,1956,17500
19023,1957,19400
19023,1958,22800
19023,1959,16100
19023,1960,24600
19023,1961,29300
19023,1962,27300
19023,1963,30800
19023,1964,38000
19023,1965,44800
19023,1966,49300
19023,1967,50300
19023,1968,57100
19023,1969,60000
19023,1970,62900
19023,1971,60800
19023,1972,67300
19023,1973,93900
19023,1974,88300
19023,1975,82500
19023,1976,80900
19023,1977,91000
19023,1978,95000
19023,1979,110000
19023,1980,114300
19023,1981,102700
19023,1982,95900
19023,1983,86900
19023,1984,87600
19023,1985,84300
19023,1986,93200
19023,1987,81700
19023,1988,88400
19023,1989,85600
19023,1990,81400
19023,1991,100600
19023,1992,88800
19023,1993,92500
19023,1994,98700
19023,1995,100700
19023,1996,115800
19023,1997,126400
19023,1998,123400
19023,1999,130300
19023,2000,128900
19023,2001,133900
19023,2002,124300
19023,2003,125400
19023,2004,120500
19023,2005,117900
19023,2006,119600
19023,2007,88300
19023,2008,104300
19023,2009,105900
19023,2010,109700
19023,2011,100300
19023,2012,100500
19023,2013,102000
19023,2014,106100
19023,2015,105100
19023,2016,100100
19023,2017,106900
19023,2018,104200
19023,2019,93400
19023,2020,91600
19023,2021,104400
19023,2022,104800
19023,2023,106800
19023,2024,110300
19023,2025,97100
19025,1951,56500
19025,1952,54300
19025,1953,51100
19025,1954,63500
19025,1955,66800
19025,1956,79900
19025,1957,84900
19025,1958,95000
19025,1959,74100
19025,1960,78000
19025,1961,99600
19025,1962,99100
19025,1963,102000
19025,1964,108900
19025,1965,116600
19025,1966,112800
19025,1967,121600
19025,1968,121300
19025,1969,124000
19025,1970,125100
19025,1971,114800
19025,1972,122500
19025,1973,148300
19025,1974,137900
19025,1975,141800
19025,1976,134000
19025,1977,142400
19025,1978,143000
19025,1979,150600
19025,1980,148900
19025,1981,140300
19025,1982,143400
19025,1983,141300
19025,1984,148500
19025,1985,138400
19025,1986,144600
19025,1987,144400
19025,1988,149200
19025,1989,152300
19025,1990,147800
19025,1991,170000
19025,1992,148800
19025,1993,153300
19025,1994,154700
19025,1995,159400
19025,1996,160500
19025,1997,160300
19025,1998,158900
19025,1999,163000
19025,2000,155800
19025,2001,166000
19025,2002,153300
19025,2003,158200
19025,2004,147600
19025,2005,145800
19025,2006,141200
19025,2007,125800
19025,2008,126500
19025,2009,135100
19025,2010,130000
19025,2011,128400
19025,2012,119100
19025,2013,126400
19025,2014,131900
19025,2015,138100
19025,2016,126900
19025,2017,136800
19025,2018,138500
19025,2019,131600
19025,2020,128400
19025,2021,146400
19025,2022,135600
19025,2023,143100
19025,2024,137100
19025,2025,137500
19041,1951,33100
19041,1952,27700
19041,1953,28800
19041,1954,39500
19041,1955,41300
19041,1956,45700
19041,1957,46900
19041,1958,55100
19041,1959,41300
19041,1960,46900
19041,1961,60000
19041,1962,61600
19041,1963,65400
19041,1964,76300
19041,1965,83300
19041,1966,85100
19041,1967,93400
19041,1968,90800
19041,1969,84000
19041,1970,93400
19041,1971,87900
19041,1972,92800
19041,1973,117900
19041,1974,108300
19041,1975,111900
19041,1976,105500
19041,1977,114100
19041,1978,119000
19041,1979,126900
19041,1980,128200
19041,1981,120400
19041,1982,124700
19041,1983,115900
19041,1984,128000
19041,1985,124500
19041,1986,130800
19041,1987,119500
19041,1988,129500
19041,1989,127800
19041,1990,123400
19041,1991,128800
19041,1992,125800
19041,1993,114900
19041,1994,128700
19041,1995,131600
19041,1996,137700
19041,1997,141000
19041,1998,139400
19041,1999,146800
19041,2000,141800
19041,2001,151200
19041,2002,131800
19041,2003,141300
19041,2004,132300
19041,2005,133900
19041,2006,132600
19041,2007,118700
19041,2008,134300
19041,2009,129600
19041,2010,130000
19041,2011,125200
19041,2012,125100
19041,2013,118600
19041,2014,126500
19041,2015,130000
19041,2016,125500
19041,2017,127300
19041,2018,127200
19041,2019,113500
19041,2020,118500
19041,2021,124500
19041,2022,121200
19041,2023,125600
19041,2024,122200
19041,2025,116600
19045,1951,7500
19045,1952,8200
19045,1953,7800
19045,1954,8400
19045,1955,8100
19045,1956,10200
19045,1957,10700
19045,1958,11300
19045,1959,7500
19045,1960,8600
19045,1961,11100
19045,1962,13200
19045,1963,14800
19045,1964,20000
19045,1965,27100
19045,1966,27500
19045,1967,32600
19045,1968,38800
19045,1969,36000
19045,1970,40200
19045,1971,43500
19045,1972,50100
19045,1973,69200
19045,1974,57000
19045,1975,53500
19045,1976,45500
19045,1977,56500
19045,1978,64000
19045,1979,70300
19045,1980,68900
19045,1981,66500
19045,1982,66300
19045,1983,65400
19045,1984,72400
19045,1985,71300
19045,1986,76200
19045,1987,66200
19045,1988,65300
19045,1989,76900
19045,1990,73100
19045,1991,74500
19045,1992,76900
19045,1993,76900
19045,1994,82800
19045,1995,83700
19045,1996,95500
19045,1997,104000
19045,1998,113500
19045,1999,120600
19045,2000,124700
19045,2001,128200
19045,2002,125100
19045,2003,119500
19045,2004,118400
19045,2005,115300
19045,2006,125800
19045,2007,95400
19045,2008,116700
19045,2009,112900
19045,2010,111000
19045,2011,103500
19045,2012,111600
19045,2013,109200
19045,2014,115900
19045,2015,115000
19045,2016,117000
19045,2017,114800
19045,2018,118600
19045,2019,108600
19045,2020,114000
19045,2021,119800
19045,2022,122200
19045,2023,119200
19045,2024,124200
19045,2025,113200
19047,1951,1500
19047,1952,1400
19047,1953,1200
19047,1954,2800
19047,1955,2600
19047,1956,3000
19047,1957,4300
19047,1958,6300
19047,1959,3500
19047,1960,2600
19047,1961,8800
19047,1962,8500
19047,1963,11400
19047,1964,22300
19047,1965,31900
19047,1966,33500
19047,1967,38700
19047,1968,46700
19047,1969,40000
19047,1970,44200
19047,1971,37500
19047,1972,40000
19047,1973,58600
19047,1974,57500
19047,1975,60300
19047,1976,54900
19047,1977,69100
19047,1978,69000
19047,1979,82200
19047,1980,82000
19047,1981,87800
19047,1982,96900
19047,1983,89100
19047,1984,88600
19047,1985,88100
19047,1986,93700
19047,1987,92100
19047,1988,105500
19047,1989,108800
19047,1990,103900
19047,1991,113500
19047,1992,106700
19047,1993,112000
19047,1994,114700
19047,1995,126700
19047,1996,126800
19047,1997,148500
19047,1998,151100
19047,1999,158400
19047,2000,158700
19047,2001,158000
19047,2002,156200
19047,2003,159300
19047,2004,155900
19047,2005,151300
19047,2006,152900
19047,2007,133800
19047,2008,148100
19047,2009,144700
19047,2010,150500
19047,2011,141900
19047,2012,139500
19047,2013,139400
19047,2014,151400
19047,2015,148900
19047,2016,136000
19047,2017,149200
19047,2018,145200
19047,2019,139500
19047,2020,134900
19047,2021,148900
19047,2022,144500
19047,2023,150500
19047,2024,142100
19047,2025,133500
19049,1951,32800
19049,1952,33600
19049,1953,35300
19049,1954,41300
19049,1955,41300
19049,1956,48400
19049,1957,54600
19049,1958,55600
19049,1959,44600
19049,1960,46500
19049,1961,68200
19049,1962,63900
19049,1963,63300
19049,1964,69500
19049,1965,73900
19049,1966,75400
19049,1967,76600
19049,1968,81600
19049,1969,80000
19049,1970,84000
19049,1971,80400
19049,1972,83100
19049,1973,101300
19049,1974,93600
19049,1975,94700
19049,1976,88400
19049,1977,92200
19049,1978,98000
19049,1979,107800
19049,1980,105800
19049,1981,111600
19049,1982,117500
19049,1983,108000
19049,1984,109400
19049,1985,109400
19049,1986,108100
19049,1987,101600
19049,1988,103600
19049,1989,108000
19049,1990,101100
19049,1991,108300
19049,1992,106100
19049,1993,108100
19049,1994,111800
19049,1995,111600
19049,1996,140300
19049,1997,132200
19049,1998,124400
19049,1999,121800
19049,2000,121800
19049,2001,125300
19049,2002,119100
19049,2003,118500
19049,2004,117500
19049,2005,113000
19049,2006,115100
19049,2007,96900
19049,2008,107900
19049,2009,106700
19049,2010,107600
19049,2011,103300
19049,2012,92100
19049,2013,94000
19049,2014,99700
19049,2015,103200
19049,2016,97100
19049,2017,103400
19049,2018,101200
19049,2019,101800
19049,2020,97200
19049,2021,109700
19049,2022,98300
19049,2023,105800
19049,2024,100400
19049,2025,99800
19051,1951,14500
19051,1952,19400
19051,1953,24700
19051,1954,20600
19051,1955,21800
19051,1956,22000
19051,1957,28500
19051,1958,26900
19051,1959,23800
19051,1960,22000
19051,1961,23400
19051,1962,22500
19051,1963,23900
19051,1964,23700
19051,1965,26600
19051,1966,26400
19051,1967,28200
19051,1968,26600
19051,1969,28000
19051,1970,28100
19051,1971,30100
19051,1972,36300
19051,1973,41200
19051,1974,35900
19051,1975,34300
19051,1976,34400
19051,1977,40300
19051,1978,44000
19051,1979,50400
19051,1980,50800
19051,1981,40800
19051,1982,40900
19051,1983,44400
19051,1984,42900
19051,1985,42100
19051,1986,44400
19051,1987,36100
19051,1988,33000
19051,1989,30700
19051,1990,28400
19051,1991,29500
19051,1992,24900
19051,1993,28400
19051,1994,28900
19051,1995,36900
19051,1996,32800
19051,1997,40200
19051,1998,38300
19051,1999,41900
19051,2000,42900
19051,2001,36500
19051,2002,39900
19051,2003,37800
19051,2004,41800
19051,2005,39300
19051,2006,39800
19051,2007,34300
19051,2008,44200
19051,2009,42500
19051,2010,44300
19051,2011,47600
19051,2012,48400
19051,2013,49100
19051,2014,50000
19051,2015,47800
19051,2016,52500
19051,2017,52500
19051,2018,52500
19051,2019,46000
19051,2020,52800
19051,2021,48800
19051,2022,56500
19051,2023,48300
19051,2024,54700
19051,2025,47800
19059,1951,13500
19059,1952,11700
19059,1953,10600
19059,1954,20200
19059,1955,24100
19059,1956,27100
19059,1957,30200
19059,1958,34900
19059,1959,25400
19059,1960,24700
19059,1961,36300
19059,1962,34800
19059,1963,37500
19059,1964,44200
19059,1965,51700
19059,1966,52700
19059,1967,53700
19059,1968,53700
19059,1969,52000
19059,1970,55700
19059,1971,55000
19059,1972,55600
19059,1973,72700
19059,1974,68900
19059,1975,71400
19059,1976,69800
19059,1977,72500
19059,1978,76000
19059,1979,80700
19059,1980,83500
19059,1981,77600
19059,1982,79900
19059,1983,73300
19059,1984,73300
19059,1985,71800
19059,1986,73400
19059,1987,73000
19059,1988,74000
19059,1989,73400
19059,1990,71000
19059,1991,80500
19059,1992,73800
19059,1993,71700
19059,1994,79800
19059,1995,76800
19059,1996,85800
19059,1997,83800
19059,1998,89400
19059,1999,87900
19059,2000,85900
19059,2001,93100
19059,2002,81700
19059,2003,86700
19059,2004,82700
19059,2005,82100
19059,2006,82200
19059,2007,74800
19059,2008,82300
19059,2009,82500
19059,2010,86500
19059,2011,78600
19059,2012,80100
19059,2013,73400
19059,2014,79600
19059,2015,79000
19059,2016,79500
19059,2017,80000
19059,2018,85000
19059,2019,75100
19059,2020,77700
19059,2021,82400
19059,2022,79500
19059,2023,79000
19059,2024,81900
19059,2025,77500
19069,1951,17500
19069,1952,13300
19069,1953,13700
19069,1954,20500
19069,1955,21900
19069,1956,25300
19069,1957,29300
19069,1958,32400
19069,1959,23600
19069,1960,28700
19069,1961,40800
19069,1962,38700
19069,1963,43300
19069,1964,52300
19069,1965,63900
19069,1966,66300
19069,1967,73000
19069,1968,81200
19069,1969,77000
19069,1970,82100
19069,1971,80900
19069,1972,90500
19069,1973,120900
19069,1974,106100
19069,1975,104400
19069,1976,97500
19069,1977,112500
19069,1978,116000
19069,1979,126500
19069,1980,124300
19069,1981,115800
19069,1982,124300
19069,1983,120700
19069,1984,129100
19069,1985,128300
19069,1986,138700
19069,1987,116700
19069,1988,122100
19069,1989,124000
19069,1990,115700
19069,1991,143900
19069,1992,115700
19069,1993,122400
19069,1994,125500
19069,1995,126600
19069,1996,123800
19069,1997,143000
19069,1998,146200
19069,1999,144800
19069,2000,147700
19069,2001,152000
19069,2002,143600
19069,2003,140300
19069,2004,133500
19069,2005,123900
19069,2006,123600
19069,2007,93400
19069,2008,105300
19069,2009,109600
19069,2010,114500
19069,2011,106300
19069,2012,98200
19069,2013,101100
19069,2014,108400
19069,2015,115900
19069,2016,97600
19069,2017,113300
19069,2018,108100
19069,2019,98500
19069,2020,96400
19069,2021,117300
19069,2022,119200
19069,2023,118200
19069,2024,115800
19069,2025,104200
19073,1951,45000
19073,1952,40800
19073,1953,40900
19073,1954,48300
19073,1955,53700
19073,1956,56900
19073,1957,70500
19073,1958,73100
19073,1959,64200
19073,1960,66800
19073,1961,82900
19073,1962,83700
19073,1963,86400
19073,1964,91300
19073,1965,100700
19073,1966,99400
19073,1967,103100
19073,1968,105300
19073,1969,105000
19073,1970,109100
19073,1971,102100
19073,1972,106700
19073,1973,130100
19073,1974,122100
19073,1975,122900
19073,1976,120100
19073,1977,128500
19073,1978,128000
19073,1979,136500
19073,1980,135400
19073,1981,129700
19073,1982,138600
19073,1983,132800
19073,1984,143500
19073,1985,134200
19073,1986,139800
19073,1987,139200
19073,1988,142400
19073,1989,142800
19073,1990,134100
19073,1991,144500
19073,1992,140800
19073,1993,141500
19073,1994,144700
19073,1995,146600
19073,1996,142700
19073,1997,150200
19073,1998,148900
19073,1999,152600
19073,2000,149600
19073,2001,153100
19073,2002,146600
19073,2003,148100
19073,2004,142200
19073,2005,142900
19073,2006,142200
19073,2007,118800
19073,2008,122100
19073,2009,126200
19073,2010,122000
19073,2011,119500
19073,2012,111100
19073,2013,111700
19073,2014,123000
19073,2015,124400
19073,2016,116500
19073,2017,127300
19073,2018,127400
19073,2019,118700
19073,2020,122500
19073,2021,133500
19073,2022,127100
19073,2023,129100
19073,2024,132200
19073,2025,121100
19079,1951,33700
19079,1952,31000
19079,1953,31000
19079,1954,43400
19079,1955,45000
19079,1956,51800
19079,1957,60800
19079,1958,64300
19079,1959,52000
19079,1960,57300
19079,1961,75600
19079,1962,79800
19079,1963,83300
19079,1964,93700
19079,1965,102500
19079,1966,102700
19079,1967,108000
19079,1968,108600
19079,1969,109000
19079,1970,114100
19079,1971,109200
19079,1972,112400
19079,1973,139600
19079,1974,131000
19079,1975,128600
19079,1976,126300
19079,1977,129300
19079,1978,134000
19079,1979,143600
19079,1980,146700
19079,1981,141000
19079,1982,144300
19079,1983,129000
19079,1984,131200
19079,1985,126100
19079,1986,127300
19079,1987,126500
19079,1988,130500
19079,1989,130900
19079,1990,128400
19079,1991,145400
19079,1992,133700
19079,1993,133100
19079,1994,140700
19079,1995,139400
19079,1996,134500
19079,1997,156300
19079,1998,154000
19079,1999,153800
19079,2000,147900
19079,2001,151000
19079,2002,139400
19079,2003,138400
19079,2004,130500
19079,2005,128400
19079,2006,123600
19079,2007,98900
19079,2008,106500
19079,2009,110100
19079,2010,111800
19079,2011,104300
19079,2012,94300
19079,2013,101600
19079,2014,113900
19079,2015,115000
19079,2016,102600
19079,2017,114300
19079,2018,115100
19079,2019,110200
19079,2020,110100
19079,2021,126100
19079,2022,124600
19079,2023,125700
19079,2024,122700
19079,2025,116600
19081,1951,37400
19081,1952,30100
19081,1953,30100
19081,1954,41700
19081,1955,43700
19081,1956,52000
19081,1957,54800
19081,1958,60600
19081,1959,44600
19081,1960,47300
19081,1961,56700
19081,1962,59200
19081,1963,62500
19081,1964,70400
19081,1965,81700
19081,1966,84800
19081,1967,90700
19081,1968,96300
19081,1969,94000
19081,1970,101200
19081,1971,96400
19081,1972,107600
19081,1973,141100
19081,1974,121800
19081,1975,121200
19081,1976,117600
19081,1977,124000
19081,1978,126000
19081,1979,125500
19081,1980,124500
19081,1981,121600
19081,1982,131400
19081,1983,126500
19081,1984,135700
19081,1985,132400
19081,1986,134900
19081,1987,116400
19081,1988,117300
19081,1989,121900
19081,1990,117400
19081,1991,130200
19081,1992,111800
19081,1993,114100
19081,1994,122300
19081,1995,119700
19081,1996,126700
19081,1997,138300
19081,1998,135400
19081,1999,139900
19081,2000,138900
19081,2001,145900
19081,2002,137200
19081,2003,136400
19081,2004,129300
19081,2005,127900
19081,2006,124300
19081,2007,97400
19081,2008,111500
19081,2009,115500
19081,2010,120500
19081,2011,107200
19081,2012,104400
19081,2013,100000
19081,2014,105500
19081,2015,113600
19081,2016,99900
19081,2017,115400
19081,2018,120500
19081,2019,107100
19081,2020,108100
19081,2021,119300
19081,2022,132600
19081,2023,120700
19081,2024,123700
19081,2025,111600
19087,1951,11900
19087,1952,11900
19087,1953,14500
19087,1954,15600
19087,1955,14700
19087,1956,18600
19087,1957,22800
19087,1958,21500
19087,1959,18400
19087,1960,21400
19087,1961,26500
19087,1962,27600
19087,1963,26800
19087,1964,28600
19087,1965,32700
19087,1966,31600
19087,1967,34800
19087,1968,42800
19087,1969,45000
19087,1970,43600
19087,1971,48500
19087,1972,51300
19087,1973,65400
19087,1974,56000
19087,1975,52400
19087,1976,44600
19087,1977,47900
19087,1978,55000
19087,1979,56900
19087,1980,57700
19087,1981,55200
19087,1982,53700
19087,1983,55300
19087,1984,59600
19087,1985,61100
19087,1986,64000
19087,1987,52400
19087,1988,50700
19087,1989,56400
19087,1990,54800
19087,1991,56200
19087,1992,55900
19087,1993,56800
19087,1994,59800
19087,1995,70800
19087,1996,64900
19087,1997,72100
19087,1998,71100
19087,1999,76800
19087,2000,74800
19087,2001,77200
19087,2002,71800
19087,2003,73700
19087,2004,72800
19087,2005,72100
19087,2006,74100
19087,2007,63400
19087,2008,69100
19087,2009,67400
19087,2010,65300
19087,2011,67500
19087,2012,66100
19087,2013,69700
19087,2014,69400
19087,2015,70400
19087,2016,69200
19087,2017,72100
19087,2018,67300
19087,2019,68200
19087,2020,69700
19087,2021,71200
19087,2022,71500
19087,2023,71800
19087,2024,73000
19087,2025,71400
19089,1951,10700
19089,1952,8800
19089,1953,13500
19089,1954,14800
19089,1955,18300
19089,1956,16300
19089,1957,20400
19089,1958,25000
19089,1959,17400
19089,1960,24500
19089,1961,26400
19089,1962,27700
19089,1963,30400
19089,1964,35700
19089,1965,40700
19089,1966,42700
19089,1967,43300
19089,1968,43700
19089,1969,46000
19089,1970,47000
19089,1971,47000
19089,1972,48000
19089,1973,70200
19089,1974,68000
19089,1975,56400
19089,1976,47200
19089,1977,58000
19089,1978,64000
19089,1979,74500
19089,1980,73000
19089,1981,73500
19089,1982,75600
19089,1983,72800
19089,1984,75400
19089,1985,71600
19089,1986,78300
19089,1987,66800
19089,1988,70700
19089,1989,68700
19089,1990,65500
19089,1991,73000
19089,1992,65300
19089,1993,70800
19089,1994,74900
19089,1995,76800
19089,1996,85800
19089,1997,96800
19089,1998,94700
19089,1999,103900
19089,2000,97800
19089,2001,108500
19089,2002,96900
19089,2003,100600
19089,2004,94800
19089,2005,94000
19089,2006,94100
19089,2007,79900
19089,2008,88700
19089,2009,90700
19089,2010,90700
19089,2011,87900
19089,2012,85200
19089,2013,80200
19089,2014,84600
19089,2015,94600
19089,2016,85000
19089,2017,88800
19089,2018,86500
19089,2019,81000
19089,2020,82100
19089,2021,88100
19089,2022,81800
19089,2023,84100
19089,2024,84100
19089,2025,78700
19091,1951,30500
19091,1952,27300
19091,1953,27900
19091,1954,38700
19091,1955,42300
19091,1956,50200
19091,1957,48100
19091,1958,55400
19091,1959,41700
19091,1960,46400
19091,1961,57700
19091,1962,58000
19091,1963,60400
19091,1964,68300
19091,1965,75700
19091,1966,76600
19091,1967,85800
19091,1968,84000
19091,1969,83000
19091,1970,87600
19091,1971,82700
19091,1972,87900
19091,1973,112700
19091,1974,102400
19091,1975,104600
19091,1976,100400
19091,1977,107200
19091,1978,110000
19091,1979,111200
19091,1980,110300
19091,1981,108100
19091,1982,120500
19091,1983,109300
19091,1984,112200
19091,1985,107400
19091,1986,105600
19091,1987,105700
19091,1988,106500
19091,1989,112000
19091,1990,106400
19091,1991,135800
19091,1992,106800
19091,1993,113000
19091,1994,113300
19091,1995,115700
19091,1996,117600
19091,1997,122900
19091,1998,118600
19091,1999,119900
19091,2000,117900
19091,2001,121200
19091,2002,114700
19091,2003,116400
19091,2004,113500
19091,2005,111900
19091,2006,110300
19091,2007,93900
19091,2008,104600
19091,2009,102100
19091,2010,105500
19091,2011,99400
19091,2012,97000
19091,2013,99200
19091,2014,95900
19091,2015,103000
19091,2016,93600
19091,2017,104400
19091,2018,100200
19091,2019,99700
19091,2020,94600
19091,2021,106400
19091,2022,107300
19091,2023,106300
19091,2024,108000
19091,2025,102200
19101,1951,13500
19101,1952,16200
19101,1953,20100
19101,1954,19500
19101,1955,20300
19101,1956,24100
19101,1957,30000
19101,1958,28100
19101,1959,24100
19101,1960,27200
19101,1961,28800
19101,1962,31200
19101,1963,30000
19101,1964,34400
19101,1965,38200
19101,1966,38900
19101,1967,37500
19101,1968,43700
19101,1969,43000
19101,1970,43100
19101,1971,45200
19101,1972,49400
19101,1973,57900
19101,1974,53400
19101,1975,50900
19101,1976,48100
19101,1977,51800
19101,1978,54000
19101,1979,56600
19101,1980,57100
19101,1981,58300
19101,1982,60000
19101,1983,57000
19101,1984,64700
19101,1985,65500
19101,1986,69500
19101,1987,57000
19101,1988,53900
19101,1989,59800
19101,1990,54100
19101,1991,56200
19101,1992,52900
19101,1993,54700
19101,1994,55800
19101,1995,69800
19101,1996,55800
19101,1997,64900
19101,1998,62200
19101,1999,66800
19101,2000,66800
19101,2001,54400
19101,2002,60800
19101,2003,61600
19101,2004,60700
19101,2005,60400
19101,2006,63500
19101,2007,48300
19101,2008,58900
19101,2009,54400
19101,2010,58800
19101,2011,60400
19101,2012,65200
19101,2013,66800
19101,2014,67000
19101,2015,60900
19101,2016,68300
19101,2017,64400
19101,2018,68500
19101,2019,64200
19101,2020,67400
19101,2021,68100
19101,2022,69700
19101,2023,66400
19101,2024,68700
19101,2025,63900
19105,1951,2200
19105,1952,1700
19105,1953,2000
19105,1954,2600
19105,1955,2400
19105,1956,2900
19105,1957,3500
19105,1958,4600
19105,1959,2400
19105,1960,2800
19105,1961,4700
19105,1962,5300
19105,1963,6700
19105,1964,11900
19105,1965,17700
19105,1966,17200
19105,1967,20300
19105,1968,23400
19105,1969,21000
19105,1970,22100
19105,1971,23400
19105,1972,29100
19105,1973,43000
19105,1974,37600
19105,1975,33600
19105,1976,28000
19105,1977,31700
19105,1978,37000
19105,1979,41200
19105,1980,43700
19105,1981,42700
19105,1982,41000
19105,1983,40800
19105,1984,43900
19105,1985,41600
19105,1986,43000
19105,1987,42000
19105,1988,43400
19105,1989,44800
19105,1990,42700
19105,1991,45000
19105,1992,44800
19105,1993,48400
19105,1994,49900
19105,1995,53800
19105,1996,59900
19105,1997,73700
19105,1998,76000
19105,1999,80700
19105,2000,82800
19105,2001,88500
19105,2002,82800
19105,2003,82700
19105,2004,76900
19105,2005,74100
19105,2006,77900
19105,2007,57900
19105,2008,69000
19105,2009,69400
19105,2010,65900
19105,2011,61900
19105,2012,64100
19105,2013,68000
19105,2014,70600
19105,2015,75100
19105,2016,70400
19105,2017,76800
19105,2018,71800
19105,2019,67600
19105,2020,68200
19105,2021,82200
19105,2022,76700
19105,2023,78500
19105,2024,79600
19105,2025,78100
19111,1951,14300
19111,1952,18800
19111,1953,21100
19111,1954,19000
19111,1955,20100
19111,1956,21300
19111,1957,28900
19111,1958,26800
19111,1959,25100
19111,1960,24400
19111,1961,25600
19111,1962,26200
19111,1963,24500
19111,1964,26400
19111,1965,30400
19111,1966,30100
19111,1967,33300
19111,1968,35800
19111,1969,35000
19111,1970,36100
19111,1971,41000
19111,1972,42500
19111,1973,54200
19111,1974,49000
19111,1975,44300
19111,1976,38800
19111,1977,44700
19111,1978,58000
19111,1979,62100
19111,1980,63500
19111,1981,63500
19111,1982,65300
19111,1983,57600
19111,1984,56800
19111,1985,57800
19111,1986,63000
19111,1987,60400
19111,1988,57500
19111,1989,59200
19111,1990,53400
19111,1991,59700
19111,1992,56900
19111,1993,52100
19111,1994,58800
19111,1995,74500
19111,1996,62700
19111,1997,66500
19111,1998,66200
19111,1999,69500
19111,2000,68900
19111,2001,72300
19111,2002,66800
19111,2003,69700
19111,2004,68700
19111,2005,69200
19111,2006,68300
19111,2007,59400
19111,2008,63300
19111,2009,64400
19111,2010,61500
19111,2011,65400
19111,2012,67100
19111,2013,66300
19111,2014,65500
19111,2015,62700
19111,2016,67200
19111,2017,68200
19111,2018,70400
19111,2019,67500
19111,2020,68000
19111,2021,69700
19111,2022,72800
19111,2023,68300
19111,2024,72200
19111,2025,70900
19131,1951,20600
19131,1952,15000
19131,1953,15800
19131,1954,19400
19131,1955,21000
19131,1956,20900
19131,1957,22700
19131,1958,25800
19131,1959,18100
19131,1960,22100
19131,1961,25400
19131,1962,26900
19131,1963,29300
19131,1964,37200
19131,1965,43200
19131,1966,42800
19131,1967,48100
19131,1968,51600
19131,1969,50000
19131,1970,55500
19131,1971,59000
19131,1972,60600
19131,1973,82200
19131,1974,81600
19131,1975,76100
19131,1976,67500
19131,1977,73200
19131,1978,79000
19131,1979,94600
19131,1980,93600
19131,1981,85500
19131,1982,86000
19131,1983,83800
19131,1984,88700
19131,1985,80600
19131,1986,80100
19131,1987,75000
19131,1988,74600
19131,1989,74700
19131,1990,74200
19131,1991,83200
19131,1992,78900
19131,1993,85100
19131,1994,85800
19131,1995,86800
19131,1996,88700
19131,1997,99500
19131,1998,99800
19131,1999,103200
19131,2000,102900
19131,2001,110200
19131,2002,104700
19131,2003,105500
19131,2004,101300
19131,2005,100000
19131,2006,96800
19131,2007,80800
19131,2008,86700
19131,2009,87200
19131,2010,88100
19131,2011,83100
19131,2012,83000
19131,2013,69800
19131,2014,81800
19131,2015,91400
19131,2016,83900
19131,2017,92500
19131,2018,88700
19131,2019,76900
19131,2020,79200
19131,2021,83500
19131,2022,83900
19131,2023,81200
19131,2024,82800
19131,2025,77900
19133,1951,22400
19133,1952,40100
19133,1953,47200
19133,1954,60700
19133,1955,65000
19133,1956,62000
19133,1957,58300
19133,1958,67100
19133,1959,58100
19133,1960,50500
19133,1961,57200
19133,1962,51100
19133,1963,51700
19133,1964,60700
19133,1965,65400
19133,1966,62500
19133,1967,60700
19133,1968,61100
19133,1969,66000
19133,1970,64100
19133,1971,53400
19133,1972,59200
19133,1973,77700
19133,1974,77000
19133,1975,77800
19133,1976,73500
19133,1977,84500
19133,1978,90000
19133,1979,96800
19133,1980,100200
19133,1981,99800
19133,1982,104100
19133,1983,101600
19133,1984,109300
19133,1985,105500
19133,1986,108700
19133,1987,100500
19133,1988,111500
19133,1989,109500
19133,1990,109400
19133,1991,115800
19133,1992,108900
19133,1993,106000
19133,1994,117800
19133,1995,126800
19133,1996,117800
19133,1997,139400
19133,1998,130700
19133,1999,148000
19133,2000,143700
19133,2001,150100
19133,2002,142000
19133,2003,150200
19133,2004,137700
19133,2005,133900
19133,2006,140700
19133,2007,123900
19133,2008,141300
19133,2009,129700
19133,2010,145500
19133,2011,122300
19133,2012,131300
19133,2013,123900
19133,2014,145600
19133,2015,140900
19133,2016,137000
19133,2017,142200
19133,2018,138000
19133,2019,126600
19133,2020,130900
19133,2021,134500
19133,2022,140000
19133,2023,138100
19133,2024,133300
19133,2025,122500
19135,1951,6300
19135,1952,5400
19135,1953,8600
19135,1954,7700
19135,1955,9800
19135,1956,11200
19135,1957,13800
19135,1958,14500
19135,1959,12600
19135,1960,11600
19135,1961,15400
19135,1962,15400
19135,1963,15400
19135,1964,17400
19135,1965,19500
19135,1966,19000
19135,1967,19800
19135,1968,20600
19135,1969,17000
19135,1970,18500
19135,1971,20800
19135,1972,20700
19135,1973,24100
19135,1974,20700
19135,1975,20900
19135,1976,19400
19135,1977,21800
19135,1978,25000
19135,1979,26100
19135,1980,26300
19135,1981,22600
19135,1982,23300
19135,1983,21900
19135,1984,22700
19135,1985,20500
19135,1986,22700
19135,1987,19900
19135,1988,19200
19135,1989,19500
19135,1990,18100
19135,1991,18200
19135,1992,16800
19135,1993,19600
19135,1994,18000
19135,1995,27900
19135,1996,30500
19135,1997,27800
19135,1998,29000
19135,1999,30100
19135,2000,32400
19135,2001,21500
19135,2002,26900
19135,2003,26800
19135,2004,25900
19135,2005,28300
19135,2006,27400
19135,2007,23000
19135,2008,30900
19135,2009,30200
19135,2010,30900
19135,2011,33600
19135,2012,35700
19135,2013,32700
19135,2014,33200
19135,2015,27900
19135,2016,33100
19135,2017,28900
19135,2018,30500
19135,2019,25900
19135,2020,32300
19135,2021,27300
19135,2022,32400
19135,2023,25900
19135,2024,29200
19135,2025,25200
19137,1951,1300
19137,1952,1500
19137,1953,1700
19137,1954,4300
19137,1955,5300
19137,1956,6400
19137,1957,7600
19137,1958,10800
19137,1959,6500
19137,1960,9500
19137,1961,15600
19137,1962,15600
19137,1963,17200
19137,1964,23900
19137,1965,28500
19137,1966,33800
19137,1967,34700
19137,1968,37500
19137,1969,39000
19137,1970,42400
19137,1971,40400
19137,1972,46000
19137,1973,55500
19137,1974,55100
19137,1975,61400
19137,1976,57600
19137,1977,63300
19137,1978,65000
19137,1979,69800
19137,1980,67400
19137,1981,69500
19137,1982,76100
19137,1983,65600
19137,1984,70300
19137,1985,71700
19137,1986,78300
19137,1987,75700
19137,1988,71500
19137,1989,74400
19137,1990,71000
19137,1991,74500
19137,1992,73800
19137,1993,71300
19137,1994,74800
19137,1995,85500
19137,1996,90800
19137,1997,83600
19137,1998,83900
19137,1999,87600
19137,2000,87900
19137,2001,88800
19137,2002,86800
19137,2003,93600
19137,2004,88500
19137,2005,90000
19137,2006,88700
19137,2007,85400
19137,2008,89300
19137,2009,86100
19137,2010,86800
19137,2011,84100
19137,2012,85500
19137,2013,87200
19137,2014,90800
19137,2015,89200
19137,2016,88800
19137,2017,93000
19137,2018,87900
19137,2019,87300
19137,2020,87700
19137,2021,87500
19137,2022,87700
19137,2023,86000
19137,2024,87800
19137,2025,84000
19139,1951,15700
19139,1952,18300
19139,1953,20200
19139,1954,20300
19139,1955,20000
19139,1956,20900
19139,1957,22300
19139,1958,23300
19139,1959,19900
19139,1960,21900
19139,1961,23300
19139,1962,25000
19139,1963,24500
19139,1964,27800
19139,1965,31600
19139,1966,31300
19139,1967,30400
19139,1968,36700
19139,1969,35000
19139,1970,37400
19139,1971,38700
19139,1972,41200
19139,1973,55600
19139,1974,51100
19139,1975,49100
19139,1976,43700
19139,1977,44400
19139,1978,50000
19139,1979,50500
19139,1980,50000
19139,1981,50800
19139,1982,52900
19139,1983,53000
19139,1984,53200
19139,1985,54900
19139,1986,57500
19139,1987,51000
19139,1988,53800
19139,1989,57400
19139,1990,53000
19139,1991,57900
19139,1992,57900
19139,1993,51700
19139,1994,60800
19139,1995,65600
19139,1996,65700
19139,1997,73100
19139,1998,74000
19139,1999,76900
19139,2000,75900
19139,2001,77500
19139,2002,72800
19139,2003,74700
19139,2004,71100
19139,2005,70400
19139,2006,70600
19139,2007,55400
19139,2008,61700
19139,2009,64700
19139,2010,66800
19139,2011,67100
19139,2012,67800
19139,2013,69600
19139,2014,69200
19139,2015,71200
19139,2016,69400
19139,2017,74300
19139,2018,72100
19139,2019,68300
19139,2020,71700
19139,2021,76000
19139,2022,75700
19139,2023,75700
19139,2024,76800
19139,2025,73700
19141,1951,38300
19141,1952,35700
19141,1953,36100
19141,1954,51000
19141,1955,50600
19141,1956,55300
19141,1957,56500
19141,1958,64400
19141,1959,51500
19141,1960,54100
19141,1961,68200
19141,1962,66900
19141,1963,70200
19141,1964,80400
19141,1965,88200
19141,1966,89000
19141,1967,96400
19141,1968,96800
19141,1969,89000
19141,1970,96200
19141,1971,88400
19141,1972,91300
19141,1973,119900
19141,1974,116000
19141,1975,117600
19141,1976,109200
19141,1977,118300
19141,1978,125000
19141,1979,131000
19141,1980,136500
19141,1981,126400
19141,1982,135200
19141,1983,130300
19141,1984,138300
19141,1985,132500
19141,1986,135900
19141,1987,126500
19141,1988,133500
19141,1989,136600
19141,1990,135300
19141,1991,140300
19141,1992,140700
19141,1993,138800
19141,1994,146700
19141,1995,146600
19141,1996,144700
19141,1997,157200
19141,1998,153100
19141,1999,155900
19141,2000,152600
19141,2001,161100
19141,2002,152400
19141,2003,158400
19141,2004,148000
19141,2005,147900
19141,2006,146200
19141,2007,138400
19141,2008,145000
19141,2009,146100
19141,2010,148000
19141,2011,138600
19141,2012,138100
19141,2013,131600
19141,2014,137300
19141,2015,137200
19141,2016,139500
19141,2017,139700
19141,2018,143300
19141,2019,131100
19141,2020,133400
19141,2021,137500
19141,2022,141500
19141,2023,139100
19141,2024,141100
19141,2025,131500
19153,1951,30200
19153,1952,31600
19153,1953,32100
19153,1954,39900
19153,1955,42800
19153,1956,44900
19153,1957,52800
19153,1958,55500
19153,1959,45700
19153,1960,42600
19153,1961,62600
19153,1962,57600
19153,1963,54200
19153,1964,64300
19153,1965,70900
19153,1966,74800
19153,1967,77100
19153,1968,81400
19153,1969,77000
19153,1970,77100
19153,1971,72800
19153,1972,78500
19153,1973,83800
19153,1974,85000
19153,1975,82900
19153,1976,78600
19153,1977,83500
19153,1978,84000
19153,1979,90500
19153,1980,94100
19153,1981,89300
19153,1982,88400
19153,1983,75300
19153,1984,84300
19153,1985,80700
19153,1986,81000
19153,1987,76300
19153,1988,77200
19153,1989,79200
19153,1990,75200
19153,1991,80200
19153,1992,79800
19153,1993,71500
19153,1994,81600
19153,1995,82900
19153,1996,80800
19153,1997,92000
19153,1998,90700
19153,1999,86800
19153,2000,86900
19153,2001,84400
19153,2002,79800
19153,2003,80700
19153,2004,73800
19153,2005,71100
19153,2006,71700
19153,2007,64200
19153,2008,66100
19153,2009,66700
19153,2010,65000
19153,2011,65300
19153,2012,63500
19153,2013,66200
19153,2014,67100
19153,2015,70100
19153,2016,66400
19153,2017,70300
19153,2018,65800
19153,2019,62800
19153,2020,64300
19153,2021,66600
19153,2022,62900
19153,2023,62300
19153,2024,63200
19153,2025,58200
19163,1951,6300
19163,1952,6600
19163,1953,7700
19163,1954,7700
19163,1955,7300
19163,1956,9300
19163,1957,9600
19163,1958,10100
19163,1959,9000
19163,1960,9000
19163,1961,11500
19163,1962,13100
19163,1963,16500
19163,1964,20600
19163,1965,22700
19163,1966,24800
19163,1967,27300
19163,1968,31300
19163,1969,31000
19163,1970,31000
19163,1971,33100
19163,1972,35200
19163,1973,50100
19163,1974,43700
19163,1975,38700
19163,1976,32800
19163,1977,37900
19163,1978,39000
19163,1979,41700
19163,1980,42300
19163,1981,38400
19163,1982,38100
19163,1983,39500
19163,1984,42000
19163,1985,42200
19163,1986,46500
19163,1987,40400
19163,1988,41100
19163,1989,48600
19163,1990,48000
19163,1991,46400
19163,1992,48800
19163,1993,50600
19163,1994,54900
19163,1995,54800
19163,1996,65800
19163,1997,73800
19163,1998,73100
19163,1999,76900
19163,2000,80800
19163,2001,81500
19163,2002,78800
19163,2003,72700
19163,2004,73100
19163,2005,68100
19163,2006,75900
19163,2007,58400
19163,2008,68200
19163,2009,66200
19163,2010,66700
19163,2011,62800
19163,2012,66900
19163,2013,66000
19163,2014,73100
19163,2015,71600
19163,2016,71500
19163,2017,70000
19163,2018,67600
19163,2019,66800
19163,2020,65800
19163,2021,70000
19163,2022,69800
19163,2023,70600
19163,2024,70100
19163,2025,67800
19169,1951,28600
19169,1952,22000
19169,1953,21500
19169,1954,32300
19169,1955,32800
19169,1956,44100
19169,1957,50700
19169,1958,56200
19169,1959,35900
19169,1960,43500
19169,1961,62100
19169,1962,60400
19169,1963,62300
19169,1964,69900
19169,1965,80000
19169,1966,79900
19169,1967,86500
19169,1968,89800
19169,1969,90000
19169,1970,96200
19169,1971,92900
19169,1972,95700
19169,1973,121000
19169,1974,116800
19169,1975,114200
19169,1976,108700
19169,1977,111500
19169,1978,117000
19169,1979,130100
19169,1980,131100
19169,1981,133000
19169,1982,135900
19169,1983,122800
19169,1984,131200
19169,1985,121500
19169,1986,125700
19169,1987,120600
19169,1988,120400
19169,1989,123900
19169,1990,121000
19169,1991,126900
19169,1992,124600
19169,1993,126100
19169,1994,132800
19169,1995,132800
19169,1996,133400
19169,1997,152400
19169,1998,146200
19169,1999,145800
19169,2000,141900
19169,2001,142200
19169,2002,133700
19169,2003,127500
19169,2004,125700
19169,2005,118900
19169,2006,128200
19169,2007,99900
19169,2008,114500
19169,2009,113200
19169,2010,115400
19169,2011,107300
19169,2012,106600
19169,2013,117000
19169,2014,116800
19169,2015,115000
19169,2016,102600
19169,2017,109300
19169,2018,114900
19169,2019,103300
19169,2020,104100
19169,2021,127000
19169,2022,110700
19169,2023,117200
19169,2024,113000
19169,2025,105700
19187,1951,54200
19187,1952,52500
19187,1953,52500
19187,1954,75100
19187,1955,78900
19187,1956,97800
19187,1957,107400
19187,1958,116500
19187,1959,86600
19187,1960,97300
19187,1961,120500
19187,1962,121800
19187,1963,125600
19187,1964,133700
19187,1965,142600
19187,1966,144300
19187,1967,147100
19187,1968,146800
19187,1969,149000
19187,1970,150000
19187,1971,140200
19187,1972,148400
19187,1973,174500
19187,1974,163400
19187,1975,162500
19187,1976,159000
19187,1977,165400
19187,1978,172000
19187,1979,180600
19187,1980,179200
19187,1981,172800
19187,1982,177800
19187,1983,171500
19187,1984,181400
19187,1985,168700
19187,1986,172700
19187,1987,165700
19187,1988,170300
19187,1989,175900
19187,1990,166000
19187,1991,182100
19187,1992,170600
19187,1993,173500
19187,1994,177300
19187,1995,180600
19187,1996,173600
19187,1997,195400
19187,1998,192200
19187,1999,185400
19187,2000,179900
19187,2001,182900
19187,2002,175200
19187,2003,175100
19187,2004,168300
19187,2005,163200
19187,2006,162600
19187,2007,136900
19187,2008,140900
19187,2009,144200
19187,2010,150600
19187,2011,144400
19187,2012,132500
19187,2013,144400
19187,2014,150500
19187,2015,157200
19187,2016,144000
19187,2017,159500
19187,2018,155400
19187,2019,145000
19187,2020,142800
19187,2021,156300
19187,2022,157400
19187,2023,159000
19187,2024,155000
19187,2025,148400
19189,1951,25400
19189,1952,20700
19189,1953,20200
19189,1954,29200
19189,1955,33300
19189,1956,36100
19189,1957,43400
19189,1958,44200
19189,1959,27200
19189,1960,30400
19189,1961,35900
19189,1962,36100
19189,1963,40100
19189,1964,49400
19189,1965,53700
19189,1966,59600
19189,1967,64900
19189,1968,66700
19189,1969,67000
19189,1970,69300
19189,1971,72100
19189,1972,77200
19189,1973,102900
19189,1974,92700
19189,1975,89700
19189,1976,87800
19189,1977,99800
19189,1978,97000
19189,1979,104700
19189,1980,106300
19189,1981,92500
19189,1982,96900
19189,1983,90700
19189,1984,94400
19189,1985,95500
19189,1986,97700
19189,1987,83600
19189,1988,84100
19189,1989,84300
19189,1990,83600
19189,1991,103400
19189,1992,75900
19189,1993,85400
19189,1994,87800
19189,1995,88700
19189,1996,89800
19189,1997,98800
19189,1998,101400
19189,1999,107400
19189,2000,102900
19189,2001,112100
19189,2002,101400
19189,2003,102500
19189,2004,97800
19189,2005,95000
19189,2006,96600
19189,2007,77300
19189,2008,90200
19189,2009,92600
19189,2010,87800
19189,2011,79800
19189,2012,77100
19189,2013,63600
19189,2014,78300
19189,2015,88100
19189,2016,78700
19189,2017,90000
19189,2018,83200
19189,2019,79200
19189,2020,80300
19189,2021,83900
19189,2022,85900
19189,2023,81700
19189,2024,87000
19189,2025,79600
19195,1951,30100
19195,1952,23900
19195,1953,24400
19195,1954,32300
19195,1955,32300
19195,1956,36500
19195,1957,40000
19195,1958,44700
19195,1959,30000
19195,1960,40200
19195,1961,40300
19195,1962,40400
19195,1963,40600
19195,1964,46700
19195,1965,51600
19195,1966,56700
19195,1967,60500
19195,1968,60800
19195,1969,60000
19195,1970,63000
19195,1971,61700
19195,1972,66800
19195,1973,84000
19195,1974,79000
19195,1975,78300
19195,1976,73000
19195,1977,77700
19195,1978,82000
19195,1979,92100
19195,1980,91600
19195,1981,85200
19195,1982,90600
19195,1983,83000
19195,1984,84700
19195,1985,82300
19195,1986,85400
19195,1987,72700
19195,1988,72300
19195,1989,72000
19195,1990,70900
19195,1991,79600
19195,1992,73700
19195,1993,78800
19195,1994,81800
19195,1995,80800
19195,1996,77800
19195,1997,93800
19195,1998,95900
19195,1999,102800
19195,2000,98900
19195,2001,106100
19195,2002,95800
19195,2003,96500
19195,2004,92500
19195,2005,94000
19195,2006,92800
19195,2007,77300
19195,2008,84500
19195,2009,87700
19195,2010,84400
19195,2011,79800
19195,2012,74600
19195,2013,60400
19195,2014,74500
19195,2015,91100
19195,2016,76700
19195,2017,93000
19195,2018,87200
19195,2019,82500
19195,2020,82500
19195,2021,89800
19195,2022,86000
19195,2023,87000
19195,2024,90900
19195,2025,83300
19197,1951,37200
19197,1952,31900
19197,1953,32500
19197,1954,48500
19197,1955,50400
19197,1956,61000
19197,1957,66100
19197,1958,69200
19197,1959,52800
19197,1960,61500
19197,1961,78700
19197,1962,77200
19197,1963,81300
19197,1964,90600
19197,1965,103200
19197,1966,105100
19197,1967,111100
19197,1968,113700
19197,1969,116000
19197,1970,120000
19197,1971,115400
19197,1972,118200
19197,1973,152300
19197,1974,139600
19197,1975,139500
19197,1976,138500
19197,1977,144300
19197,1978,151000
19197,1979,159700
19197,1980,164600
19197,1981,152900
19197,1982,161800
19197,1983,156200
19197,1984,159800
19197,1985,161100
19197,1986,159700
19197,1987,141600
19197,1988,142300
19197,1989,147000
19197,1990,141300
19197,1991,171200
19197,1992,142400
19197,1993,149700
19197,1994,153600
19197,1995,153400
19197,1996,151700
19197,1997,161600
19197,1998,160200
19197,1999,162600
19197,2000,158300
19197,2001,162800
19197,2002,154600
19197,2003,158200
19197,2004,146400
19197,2005,144300
19197,2006,147500
19197,2007,126300
19197,2008,137600
19197,2009,136600
19197,2010,138000
19197,2011,129200
19197,2012,122400
19197,2013,125400
19197,2014,127800
19197,2015,132900
19197,2016,120300
19197,2017,132800
19197,2018,128800
19197,2019,125000
19197,2020,123500
19197,2021,137900
19197,2022,135600
19197,2023,138600
19197,2024,136200
19197,2025,128600
27011,1951,9100
27011,1952,10800
27011,1953,15800
27011,1954,32200
27011,1955,40700
27011,1956,50100
27011,1957,40000
27011,1958,60000
27011,1959,36000
27011,1960,24000
27011,1961,22800
27011,1962,17900
27011,1963,17600
27011,1964,24100
27011,1965,26000
27011,1966,28900
27011,1967,33000
27011,1968,23400
27011,1969,18300
27011,1970,17700
27011,1971,14600
27011,1972,24500
27011,1973,25800
27011,1974,24000
27011,1975,23200
27011,1976,10500
27011,1977,22700
27011,1978,26900
27011,1979,50000
27011,1980,42800
27011,1981,53500
27011,1982,53200
27011,1983,51800
27011,1984,67800
27011,1985,66800
27011,1986,64700
27011,1987,68800
27011,1988,68600
27011,1989,77100
27011,1990,76300
27011,1991,86200
27011,1992,91700
27011,1993,81100
27011,1994,93300
27011,1995,98600
27011,1996,103600
27011,1997,106300
27011,1998,106200
27011,1999,117100
27011,2000,119400
27011,2001,97100
27011,2002,114900
27011,2003,111000
27011,2004,110400
27011,2005,102500
27011,2006,109000
27011,2007,97400
27011,2008,108500
27011,2009,111300
27011,2010,115000
27011,2011,102200
27011,2012,109300
27011,2013,105400
27011,2014,109200
27011,2015,115500
27011,2016,111800
27011,2017,112700
27011,2018,113800
27011,2019,101000
27011,2020,112500
27011,2021,109100
27011,2022,112600
27011,2023,103500
27011,2024,107000
27011,2025,98200
27013,1951,85600
27013,1952,84000
27013,1953,97200
27013,1954,108500
27013,1955,106400
27013,1956,108400
27013,1957,115600
27013,1958,117100
27013,1959,87000
27013,1960,98400
27013,1961,106200
27013,1962,106800
27013,1963,108800
27013,1964,119400
27013,1965,136400
27013,1966,140600
27013,1967,143400
27013,1968,140500
27013,1969,139100
27013,1970,150000
27013,1971,129500
27013,1972,137100
27013,1973,182300
27013,1974,165800
27013,1975,163900
27013,1976,147400
27013,1977,168300
27013,1978,174800
27013,1979,198000
27013,1980,187500
27013,1981,151100
27013,1982,170700
27013,1983,165800
27013,1984,181400
27013,1985,172200
27013,1986,167700
27013,1987,163000
27013,1988,166500
27013,1989,163400
27013,1990,150600
27013,1991,188300
27013,1992,160400
27013,1993,156800
27013,1994,171600
27013,1995,175700
27013,1996,168500
27013,1997,176900
27013,1998,176100
27013,1999,178300
27013,2000,172100
27013,2001,181000
27013,2002,168000
27013,2003,170700
27013,2004,164800
27013,2005,163800
27013,2006,161900
27013,2007,143400
27013,2008,162400
27013,2009,159000
27013,2010,162500
27013,2011,156700
27013,2012,154000
27013,2013,136100
27013,2014,168300
27013,2015,168400
27013,2016,166700
27013,2017,177400
27013,2018,165400
27013,2019,153800
27013,2020,164100
27013,2021,160700
27013,2022,164700
27013,2023,157400
27013,2024,162100
27013,2025,156400
27015,1951,37700
27015,1952,41500
27015,1953,47300
27015,1954,65800
27015,1955,68500
27015,1956,75000
27015,1957,74700
27015,1958,81100
27015,1959,64200
27015,1960,65100
27015,1961,72600
27015,1962,73700
27015,1963,70700
27015,1964,78800
27015,1965,78100
27015,1966,85400
27015,1967,89600
27015,1968,90500
27015,1969,91400
27015,1970,96800
27015,1971,89900
27015,1972,98000
27015,1973,128300
27015,1974,117500
27015,1975,116400
27015,1976,104900
27015,1977,119400
27015,1978,122100
27015,1979,141000
27015,1980,130700
27015,1981,113800
27015,1982,123300
27015,1983,118300
27015,1984,114400
27015,1985,120200
27015,1986,108700
27015,1987,123700
27015,1988,126200
27015,1989,125800
27015,1990,121100
27015,1991,128100
27015,1992,130500
27015,1993,119900
27015,1994,129500
27015,1995,136200
27015,1996,133400
27015,1997,140400
27015,1998,141000
27015,1999,140200
27015,2000,137700
27015,2001,141000
27015,2002,135300
27015,2003,147200
27015,2004,127300
27015,2005,128500
27015,2006,123600
27015,2007,111600
27015,2008,120600
27015,2009,124600
27015,2010,123200
27015,2011,118600
27015,2012,116300
27015,2013,110500
27015,2014,125600
27015,2015,128400
27015,2016,121200
27015,2017,131700
27015,2018,125100
27015,2019,117500
27015,2020,124400
27015,2021,127400
27015,2022,128500
27015,2023,125900
27015,2024,129400
27015,2025,126200
27019,1951,200
27019,1952,400
27019,1953,800
27019,1954,1900
27019,1955,2800
27019,1956,2700
27019,1957,3100
27019,1958,4800
27019,1959,3200
27019,1960,2800
27019,1961,3700
27019,1962,6700
27019,1963,5000
27019,1964,5400
27019,1965,7300
27019,1966,9100
27019,1967,9800
27019,1968,9700
27019,1969,8400
27019,1970,7300
27019,1971,6300
27019,1972,9000
27019,1973,13800
27019,1974,13500
27019,1975,10800
27019,1976,10200
27019,1977,14900
27019,1978,17100
27019,1979,29800
27019,1980,28200
27019,1981,22900
27019,1982,25100
27019,1983,20500
27019,1984,25300
27019,1985,26700
27019,1986,23400
27019,1987,18900
27019,1988,21100
27019,1989,20500
27019,1990,22400
27019,1991,25500
27019,1992,28200
27019,1993,28200
27019,1994,31000
27019,1995,32000
27019,1996,33400
27019,1997,36900
27019,1998,38200
27019,1999,41300
27019,2000,45800
27019,2001,44800
27019,2002,43500
27019,2003,43000
27019,2004,42300
27019,2005,39000
27019,2006,42100
27019,2007,36400
27019,2008,40800
27019,2009,38200
27019,2010,38800
27019,2011,36900
27019,2012,34900
27019,2013,33100
27019,2014,30500
27019,2015,42200
27019,2016,42200
27019,2017,45400
27019,2018,40500
27019,2019,38400
27019,2020,43100
27019,2021,42500
27019,2022,43300
27019,2023,43800
27019,2024,43900
27019,2025,44200
27033,1951,37400
27033,1952,38500
27033,1953,43400
27033,1954,64000
27033,1955,67400
27033,1956,73000
27033,1957,72500
27033,1958,86400
27033,1959,61200
27033,1960,62500
27033,1961,78000
27033,1962,77700
27033,1963,84300
27033,1964,96100
27033,1965,105600
27033,1966,107800
27033,1967,111000
27033,1968,107700
27033,1969,107700
27033,1970,108700
27033,1971,103400
27033,1972,113500
27033,1973,141000
27033,1974,135000
27033,1975,142200
27033,1976,125900
27033,1977,151700
27033,1978,154300
27033,1979,177000
27033,1980,163000
27033,1981,153600
27033,1982,161200
27033,1983,147900
27033,1984,149000
27033,1985,158400
27033,1986,146500
27033,1987,155300
27033,1988,160200
27033,1989,160500
27033,1990,146600
27033,1991,168300
27033,1992,158400
27033,1993,144800
27033,1994,161600
27033,1995,171200
27033,1996,158500
27033,1997,172100
27033,1998,175800
27033,1999,172300
27033,2000,164900
27033,2001,167800
27033,2002,158200
27033,2003,164500
27033,2004,157200
27033,2005,155000
27033,2006,154800
27033,2007,141000
27033,2008,154600
27033,2009,145900
27033,2010,153000
27033,2011,147300
27033,2012,150500
27033,2013,143100
27033,2014,162300
27033,2015,157600
27033,2016,155500
27033,2017,162500
27033,2018,152200
27033,2019,141100
27033,2020,151200
27033,2021,148700
27033,2022,151300
27033,2023,146600
27033,2024,153500
27033,2025,146000
27039,1951,27200
27039,1952,25500
27039,1953,33700
27039,1954,37900
27039,1955,38500
27039,1956,42700
27039,1957,41000
27039,1958,47200
27039,1959,34300
27039,1960,38600
27039,1961,40900
27039,1962,40300
27039,1963,41400
27039,1964,44100
27039,1965,47600
27039,1966,52000
27039,1967,54500
27039,1968,50700
27039,1969,52200
27039,1970,54200
27039,1971,50200
27039,1972,53800
27039,1973,78100
27039,1974,65500
27039,1975,59500
27039,1976,40700
27039,1977,57500
27039,1978,65900
27039,1979,73600
27039,1980,65700
27039,1981,62700
27039,1982,68700
27039,1983,63500
27039,1984,64400
27039,1985,62600
27039,1986,58300
27039,1987,62700
27039,1988,67300
27039,1989,68400
27039,1990,61700
27039,1991,73200
27039,1992,74300
27039,1993,76500
27039,1994,80200
27039,1995,79600
27039,1996,82400
27039,1997,88100
27039,1998,90400
27039,1999,92800
27039,2000,93600
27039,2001,99100
27039,2002,91600
27039,2003,93800
27039,2004,91400
27039,2005,90900
27039,2006,92800
27039,2007,81700
27039,2008,85300
27039,2009,87700
27039,2010,88000
27039,2011,83400
27039,2012,77400
27039,2013,71700
27039,2014,76000
27039,2015,93100
27039,2016,82100
27039,2017,93800
27039,2018,87900
27039,2019,87400
27039,2020,87300
27039,2021,90100
27039,2022,86500
27039,2023,89300
27039,2024,87100
27039,2025,84500
27045,1951,10600
27045,1952,10000
27045,1953,13700
27045,1954,17300
27045,1955,19900
27045,1956,19500
27045,1957,21700
27045,1958,25900
27045,1959,17200
27045,1960,18400
27045,1961,21500
27045,1962,23000
27045,1963,25200
27045,1964,30000
27045,1965,38300
27045,1966,37900
27045,1967,38500
27045,1968,35400
27045,1969,31900
27045,1970,37500
27045,1971,33100
27045,1972,38300
27045,1973,52000
27045,1974,47500
27045,1975,38200
27045,1976,26400
27045,1977,37600
27045,1978,36900
27045,1979,40600
27045,1980,44000
27045,1981,35900
27045,1982,40700
27045,1983,37100
27045,1984,46200
27045,1985,44900
27045,1986,32100
27045,1987,40000
27045,1988,40500
27045,1989,41700
27045,1990,35800
27045,1991,45500
27045,1992,46100
27045,1993,52900
27045,1994,57300
27045,1995,64900
27045,1996,70700
27045,1997,80900
27045,1998,87400
27045,1999,100400
27045,2000,99500
27045,2001,106100
27045,2002,96800
27045,2003,100700
27045,2004,97400
27045,2005,99000
27045,2006,98000
27045,2007,77300
27045,2008,91400
27045,2009,87100
27045,2010,94900
27045,2011,86100
27045,2012,81000
27045,2013,70800
27045,2014,86300
27045,2015,94300
27045,2016,86300
27045,2017,99400
27045,2018,98000
27045,2019,86600
27045,2020,96200
27045,2021,98300
27045,2022,101700
27045,2023,97400
27045,2024,100600
27045,2025,87800
27047,1951,44600
27047,1952,41000
27047,1953,43300
27047,1954,49200
27047,1955,54100
27047,1956,55400
27047,1957,55600
27047,1958,63300
27047,1959,42900
27047,1960,51100
27047,1961,54100
27047,1962,56100
27047,1963,56200
27047,1964,66900
27047,1965,78200
27047,1966,88500
27047,1967,94600
27047,1968,95500
27047,1969,94500
27047,1970,103000
27047,1971,93900
27047,1972,102400
27047,1973,153900
27047,1974,134200
27047,1975,134400
27047,1976,121000
27047,1977,139200
27047,1978,141900
27047,1979,169500
27047,1980,151200
27047,1981,127800
27047,1982,141700
27047,1983,133900
27047,1984,124800
27047,1985,120300
27047,1986,116500
27047,1987,124800
27047,1988,125700
27047,1989,128100
27047,1990,114800
27047,1991,132000
27047,1992,124700
27047,1993,129500
27047,1994,136000
27047,1995,138100
27047,1996,143600
27047,1997,156300
27047,1998,156900
27047,1999,159000
27047,2000,150300
27047,2001,167500
27047,2002,154800
27047,2003,158100
27047,2004,155500
27047,2005,155500
27047,2006,151300
27047,2007,132700
27047,2008,143200
27047,2009,146900
27047,2010,141800
27047,2011,138800
27047,2012,127700
27047,2013,84300
27047,2014,132500
27047,2015,149200
27047,2016,134900
27047,2017,153500
27047,2018,152500
27047,2019,136900
27047,2020,151700
27047,2021,149800
27047,2022,156800
27047,2023,145600
27047,2024,152200
27047,2025,143500
27059,1951,7000
27059,1952,9800
27059,1953,11700
27059,1954,17700
27059,1955,18700
27059,1956,20200
27059,1957,20500
27059,1958,19300
27059,1959,15900
27059,1960,14500
27059,1961,12900
27059,1962,14200
27059,1963,13500
27059,1964,17000
27059,1965,17200
27059,1966,17000
27059,1967,15600
27059,1968,15100
27059,1969,10400
27059,1970,8700
27059,1971,7500
27059,1972,7800
27059,1973,11600
27059,1974,10500
27059,1975,8700
27059,1976,5600
27059,1977,7700
27059,1978,7700
27059,1979,12500
27059,1980,15000
27059,1981,10800
27059,1982,14000
27059,1983,12200
27059,1984,11500
27059,1985,13000
27059,1986,14900
27059,1987,17300
27059,1988,18200
27059,1989,19300
27059,1990,17600
27059,1991,20500
27059,1992,22200
27059,1993,21400
27059,1994,22200
27059,1995,22000
27059,1996,21600
27059,1997,26900
27059,1998,23700
27059,1999,29800
27059,2000,33100
27059,2001,31600
27059,2002,31300
27059,2003,31400
27059,2004,27600
27059,2005,27500
27059,2006,31400
27059,2007,25700
27059,2008,28000
27059,2009,26700
27059,2010,26400
27059,2011,25800
27059,2012,26900
27059,2013,23600
27059,2014,19500
27059,2015,26500
27059,2016,28200
27059,2017,31800
27059,2018,27900
27059,2019,22100
27059,2020,26200
27059,2021,24800
27059,2022,25900
27059,2023,24000
27059,2024,22300
27059,2025,24900
27063,1951,32800
27063,1952,31500
27063,1953,33200
27063,1954,54400
27063,1955,62200
27063,1956,65200
27063,1957,67100
27063,1958,83300
27063,1959,65400
27063,1960,71000
27063,1961,90200
27063,1962,86800
27063,1963,93700
27063,1964,105700
27063,1965,115800
27063,1966,117000
27063,1967,122800
27063,1968,116700
27063,1969,116700
27063,1970,123800
27063,1971,121900
27063,1972,131500
27063,1973,174000
27063,1974,162100
27063,1975,163300
27063,1976,152800
27063,1977,174200
27063,1978,170000
27063,1979,189900
27063,1980,184800
27063,1981,181500
27063,1982,187100
27063,1983,173800
27063,1984,184300
27063,1985,177700
27063,1986,165600
27063,1987,169700
27063,1988,171200
27063,1989,173800
27063,1990,157800
27063,1991,203500
27063,1992,163800
27063,1993,159100
27063,1994,172300
27063,1995,181300
27063,1996,168200
27063,1997,185400
27063,1998,178900
27063,1999,180000
27063,2000,170200
27063,2001,177300
27063,2002,167700
27063,2003,174600
27063,2004,170000
27063,2005,171000
27063,2006,165400
27063,2007,154500
27063,2008,165300
27063,2009,174000
27063,2010,170500
27063,2011,174200
27063,2012,169500
27063,2013,163100
27063,2014,167800
27063,2015,167500
27063,2016,163700
27063,2017,170400
27063,2018,173500
27063,2019,155700
27063,2020,171000
27063,2021,173900
27063,2022,175100
27063,2023,171800
27063,2024,170300
27063,2025,166300
27085,1951,6800
27085,1952,9400
27085,1953,12600
27085,1954,21300
27085,1955,22400
27085,1956,25700
27085,1957,26900
27085,1958,36500
27085,1959,25700
27085,1960,27600
27085,1961,31900
27085,1962,28600
27085,1963,30700
27085,1964,36900
27085,1965,43000
27085,1966,49200
27085,1967,54500
27085,1968,49000
27085,1969,48000
27085,1970,49900
27085,1971,38300
27085,1972,47800
27085,1973,69600
27085,1974,61500
27085,1975,49900
27085,1976,33800
27085,1977,51700
27085,1978,66000
27085,1979,102400
27085,1980,86700
27085,1981,69200
27085,1982,78400
27085,1983,76500
27085,1984,80800
27085,1985,80300
27085,1986,79600
27085,1987,68000
27085,1988,69900
27085,1989,71000
27085,1990,70300
27085,1991,80400
27085,1992,82900
27085,1993,83600
27085,1994,87600
27085,1995,91000
27085,1996,80400
27085,1997,91100
27085,1998,91200
27085,1999,95400
27085,2000,96800
27085,2001,101100
27085,2002,95800
27085,2003,93900
27085,2004,87900
27085,2005,82100
27085,2006,81800
27085,2007,70300
27085,2008,83000
27085,2009,86000
27085,2010,91700
27085,2011,85800
27085,2012,80800
27085,2013,72800
27085,2014,65200
27085,2015,83200
27085,2016,82400
27085,2017,92200
27085,2018,93000
27085,2019,80200
27085,2020,87900
27085,2021,86900
27085,2022,91900
27085,2023,88400
27085,2024,90300
27085,2025,86300
27129,1951,69700
27129,1952,82000
27129,1953,98700
27129,1954,143000
27129,1955,134400
27129,1956,148100
27129,1957,138000
27129,1958,164700
27129,1959,117100
27129,1960,112800
27129,1961,134000
27129,1962,124800
27129,1963,125500
27129,1964,145600
27129,1965,160400
27129,1966,171700
27129,1967,175000
27129,1968,157500
27129,1969,144900
27129,1970,137900
27129,1971,127300
27129,1972,158700
27129,1973,211000
27129,1974,190000
27129,1975,168800
27129,1976,132200
27129,1977,199400
27129,1978,217800
27129,1979,275600
27129,1980,223100
27129,1981,203900
27129,1982,234400
27129,1983,209200
27129,1984,255500
27129,1985,238700
27129,1986,212100
27129,1987,200000
27129,1988,209000
27129,1989,210700
27129,1990,201800
27129,1991,223000
27129,1992,236300
27129,1993,217900
27129,1994,233700
27129,1995,236700
27129,1996,230500
27129,1997,251800
27129,1998,240200
27129,1999,244200
27129,2000,243800
27129,2001,249900
27129,2002,233300
27129,2003,223200
27129,2004,217500
27129,2005,196500
27129,2006,199600
27129,2007,167500
27129,2008,208000
27129,2009,189700
27129,2010,199000
27129,2011,182800
27129,2012,170000
27129,2013,167200
27129,2014,202000
27129,2015,215000
27129,2016,199600
27129,2017,228500
27129,2018,196800
27129,2019,178600
27129,2020,186900
27129,2021,189600
27129,2022,195200
27129,2023,187700
27129,2024,191200
27129,2025,175200
27143,1951,23700
27143,1952,29000
27143,1953,37300
27143,1954,52600
27143,1955,52900
27143,1956,58200
27143,1957,57200
27143,1958,62800
27143,1959,45800
27143,1960,45500
27143,1961,53300
27143,1962,56600
27143,1963,50200
27143,1964,57600
27143,1965,68500
27143,1966,74100
27143,1967,79200
27143,1968,78400
27143,1969,76800
27143,1970,73800
27143,1971,67600
27143,1972,84500
27143,1973,115000
27143,1974,103900
27143,1975,103400
27143,1976,76300
27143,1977,104500
27143,1978,107500
27143,1979,128700
27143,1980,120400
27143,1981,114400
27143,1982,119700
27143,1983,107400
27143,1984,115400
27143,1985,120500
27143,1986,111700
27143,1987,104900
27143,1988,107500
27143,1989,108900
27143,1990,103700
27143,1991,117600
27143,1992,120800
27143,1993,118100
27143,1994,123800
27143,1995,122000
27143,1996,118000
27143,1997,129300
27143,1998,122000
27143,1999,130700
27143,2000,123500
27143,2001,129400
27143,2002,120200
27143,2003,119400
27143,2004,116600
27143,2005,112000
27143,2006,111000
27143,2007,94200
27143,2008,106300
27143,2009,113800
27143,2010,120800
27143,2011,115000
27143,2012,102400
27143,2013,90400
27143,2014,110500
27143,2015,112400
27143,2016,106200
27143,2017,121200
27143,2018,116700
27143,2019,107600
27143,2020,117500
27143,2021,118000
27143,2022,119600
27143,2023,120800
27143,2024,116500
27143,2025,115300
27147,1951,15100
27147,1952,15000
27147,1953,17800
27147,1954,22800
27147,1955,25200
27147,1956,25800
27147,1957,25900
27147,1958,31900
27147,1959,23500
27147,1960,24500
27147,1961,25100
27147,1962,24700
27147,1963,28000
27147,1964,28800
27147,1965,35100
27147,1966,41200
27147,1967,43900
27147,1968,44800
27147,1969,44400
27147,1970,47000
27147,1971,46500
27147,1972,50800
27147,1973,74000
27147,1974,63500
27147,1975,56200
27147,1976,52100
27147,1977,57200
27147,1978,69100
27147,1979,86300
27147,1980,80700
27147,1981,73100
27147,1982,75800
27147,1983,77300
27147,1984,76600
27147,1985,73700
27147,1986,68500
27147,1987,58200
27147,1988,60700
27147,1989,61300
27147,1990,56200
27147,1991,67000
27147,1992,67400
27147,1993,70900
27147,1994,73700
27147,1995,75700
27147,1996,81300
27147,1997,88500
27147,1998,88100
27147,1999,91900
27147,2000,89200
27147,2001,100000
27147,2002,86400
27147,2003,90600
27147,2004,86000
27147,2005,89300
27147,2006,86300
27147,2007,73400
27147,2008,84700
27147,2009,82500
27147,2010,79000
27147,2011,75500
27147,2012,68000
27147,2013,59000
27147,2014,64900
27147,2015,78300
27147,2016,74100
27147,2017,86600
27147,2018,78800
27147,2019,74000
27147,2020,84000
27147,2021,79900
27147,2022,84000
27147,2023,82200
27147,2024,85000
27147,2025,78600
27149,1951,11600
27149,1952,16500
27149,1953,24000
27149,1954,39500
27149,1955,51100
27149,1956,64700
27149,1957,57300
27149,1958,71900
27149,1959,47900
27149,1960,32300
27149,1961,29000
27149,1962,28400
27149,1963,28200
27149,1964,37300
27149,1965,39600
27149,1966,42100
27149,1967,51700
27149,1968,36700
27149,1969,34900
27149,1970,29400
27149,1971,25500
27149,1972,38800
27149,1973,41000
27149,1974,35000
27149,1975,30000
27149,1976,28700
27149,1977,40800
27149,1978,40300
27149,1979,57700
27149,1980,50000
27149,1981,61600
27149,1982,65900
27149,1983,68300
27149,1984,88400
27149,1985,87200
27149,1986,80800
27149,1987,71400
27149,1988,74600
27149,1989,90300
27149,1990,89100
27149,1991,103200
27149,1992,114900
27149,1993,95000
27149,1994,118600
27149,1995,119900
27149,1996,131300
27149,1997,133100
27149,1998,133700
27149,1999,138000
27149,2000,135800
27149,2001,136300
27149,2002,135200
27149,2003,136300
27149,2004,131500
27149,2005,115100
27149,2006,124900
27149,2007,103400
27149,2008,118400
27149,2009,108800
27149,2010,110900
27149,2011,105500
27149,2012,104900
27149,2013,96400
27149,2014,108300
27149,2015,111600
27149,2016,106200
27149,2017,112200
27149,2018,105500
27149,2019,92300
27149,2020,103100
27149,2021,104600
27149,2022,104700
27149,2023,95500
27149,2024,90700
27149,2025,84900
27151,1951,32700
27151,1952,34000
27151,1953,40500
27151,1954,69500
27151,1955,77500
27151,1956,92000
27151,1957,82900
27151,1958,95500
27151,1959,65100
27151,1960,51900
27151,1961,54400
27151,1962,47700
27151,1963,54900
27151,1964,75700
27151,1965,77700
27151,1966,84100
27151,1967,89000
27151,1968,71200
27151,1969,68400
27151,1970,57500
27151,1971,59100
27151,1972,80300
27151,1973,94600
27151,1974,81000
27151,1975,74600
27151,1976,62500
27151,1977,76200
27151,1978,82000
27151,1979,119400
27151,1980,109000
27151,1981,86200
27151,1982,104300
27151,1983,97800
27151,1984,120400
27151,1985,102200
27151,1986,87200
27151,1987,101000
27151,1988,103200
27151,1989,112800
27151,1990,108500
27151,1991,121900
27151,1992,141400
27151,1993,127600
27151,1994,144500
27151,1995,139900
27151,1996,159100
27151,1997,159300
27151,1998,159400
27151,1999,159300
27151,2000,155300
27151,2001,152800
27151,2002,148700
27151,2003,151800
27151,2004,144300
27151,2005,140000
27151,2006,136000
27151,2007,116700
27151,2008,127000
27151,2009,128100
27151,2010,128000
27151,2011,122800
27151,2012,113300
27151,2013,112700
27151,2014,120900
27151,2015,137500
27151,2016,123800
27151,2017,131600
27151,2018,127700
27151,2019,104200
27151,2020,115500
27151,2021,119500
27151,2022,115600
27151,2023,107500
27151,2024,103000
27151,2025,92400
27161,1951,27100
27161,1952,30500
27161,1953,36000
27161,1954,43900
27161,1955,42000
27161,1956,44000
27161,1957,44100
27161,1958,47000
27161,1959,31200
27161,1960,32900
27161,1961,36600
27161,1962,35000
27161,1963,38400
27161,1964,41800
27161,1965,50000
27161,1966,56100
27161,1967,55000
27161,1968,56600
27161,1969,59400
27161,1970,65800
27161,1971,54700
27161,1972,62700
27161,1973,92400
27161,1974,84800
27161,1975,77300
27161,1976,60900
27161,1977,82100
27161,1978,83000
27161,1979,89200
27161,1980,85800
27161,1981,72100
27161,1982,77000
27161,1983,71100
27161,1984,71600
27161,1985,70300
27161,1986,60200
27161,1987,69000
27161,1988,75900
27161,1989,78400
27161,1990,70700
27161,1991,89100
27161,1992,80500
27161,1993,84000
27161,1994,87300
27161,1995,90200
27161,1996,92500
27161,1997,100100
27161,1998,99500
27161,1999,102000
27161,2000,98700
27161,2001,106200
27161,2002,96200
27161,2003,98200
27161,2004,97200
27161,2005,94600
27161,2006,97100
27161,2007,83500
27161,2008,90600
27161,2009,88800
27161,2010,85800
27161,2011,83400
27161,2012,79900
27161,2013,68300
27161,2014,79300
27161,2015,82800
27161,2016,78600
27161,2017,89300
27161,2018,85900
27161,2019,82800
27161,2020,86600
27161,2021,92100
27161,2022,89800
27161,2023,92000
27161,2024,90800
27161,2025,91700
27163,1951,1500
27163,1952,1800
27163,1953,2700
27163,1954,4500
27163,1955,5800
27163,1956,5800
27163,1957,7900
27163,1958,10600
27163,1959,8200
27163,1960,8800
27163,1961,8900
27163,1962,8700
27163,1963,8500
27163,1964,10600
27163,1965,12200
27163,1966,13500
27163,1967,12900
27163,1968,12500
27163,1969,12000
27163,1970,10200
27163,1971,6600
27163,1972,8200
27163,1973,12800
27163,1974,12500
27163,1975,7600
27163,1976,8600
27163,1977,11900
27163,1978,12800
27163,1979,17300
27163,1980,18700
27163,1981,19800
27163,1982,22200
27163,1983,18600
27163,1984,22400
27163,1985,20100
27163,1986,19000
27163,1987,13600
27163,1988,13600
27163,1989,13800
27163,1990,11400
27163,1991,12800
27163,1992,14100
27163,1993,14000
27163,1994,14000
27163,1995,13200
27163,1996,13500
27163,1997,16000
27163,1998,16700
27163,1999,16100
27163,2000,15900
27163,2001,16700
27163,2002,14800
27163,2003,15200
27163,2004,13700
27163,2005,14100
27163,2006,12500
27163,2007,11100
27163,2008,13400
27163,2009,13500
27163,2010,13800
27163,2011,13600
27163,2012,13500
27163,2013,12400
27163,2014,12300
27163,2015,13900
27163,2016,13900
27163,2017,14600
27163,2018,14100
27163,2019,12100
27163,2020,13300
27163,2021,13400
27163,2022,12500
27163,2023,13200
27163,2024,12300
27163,2025,13200
27165,1951,31300
27165,1952,32000
27165,1953,33500
27165,1954,43600
27165,1955,48800
27165,1956,54000
27165,1957,52600
27165,1958,55100
27165,1959,42500
27165,1960,44500
27165,1961,53400
27165,1962,58700
27165,1963,56100
27165,1964,60800
27165,1965,67900
27165,1966,70700
27165,1967,74200
27165,1968,74200
27165,1969,74900
27165,1970,77200
27165,1971,71200
27165,1972,79800
27165,1973,109500
27165,1974,95400
27165,1975,90200
27165,1976,85800
27165,1977,102500
27165,1978,104000
27165,1979,120100
27165,1980,115200
27165,1981,100800
27165,1982,99800
27165,1983,99400
27165,1984,97400
27165,1985,93800
27165,1986,86800
27165,1987,108400
27165,1988,110200
27165,1989,109800
27165,1990,101200
27165,1991,132200
27165,1992,106600
27165,1993,101600
27165,1994,112400
27165,1995,117900
27165,1996,111300
27165,1997,119900
27165,1998,118600
27165,1999,118300
27165,2000,114900
27165,2001,115700
27165,2002,113100
27165,2003,110800
27165,2004,110400
27165,2005,106700
27165,2006,107600
27165,2007,95500
27165,2008,103000
27165,2009,103700
27165,2010,100500
27165,2011,97400
27165,2012,94200
27165,2013,91800
27165,2014,95200
27165,2015,102900
27165,2016,97200
27165,2017,105600
27165,2018,99600
27165,2019,95600
27165,2020,96800
27165,2021,104100
27165,2022,97700
27165,2023,103000
27165,2024,103100
27165,2025,98600
29011,1951,44000
29011,1952,53000
29011,1953,45000
29011,1954,33300
29011,1955,29900
29011,1956,32000
29011,1957,18900
29011,1958,28000
29011,1959,38500
29011,1960,44200
29011,1961,40700
29011,1962,46900
29011,1963,43000
29011,1964,42900
29011,1965,53200
29011,1966,55000
29011,1967,52000
29011,1968,63100
29011,1969,65700
29011,1970,58000
29011,1971,62800
29011,1972,70000
29011,1973,86000
29011,1974,62600
29011,1975,75800
29011,1976,79200
29011,1977,92500
29011,1978,92500
29011,1979,90800
29011,1980,79700
29011,1981,81900
29011,1982,101000
29011,1983,83100
29011,1984,79800
29011,1985,81200
29011,1986,88800
29011,1987,80700
29011,1988,64100
29011,1989,65200
29011,1990,66700
29011,1991,60300
29011,1992,50100
29011,1993,60100
29011,1994,68900
29011,1995,71000
29011,1996,59100
29011,1997,78100
29011,1998,82600
29011,1999,83800
29011,2000,68400
29011,2001,77300
29011,2002,79500
29011,2003,77100
29011,2004,77200
29011,2005,73200
29011,2006,75600
29011,2007,68400
29011,2008,81300
29011,2009,79800
29011,2010,78200
29011,2011,81600
29011,2012,79500
29011,2013,97800
29011,2014,83700
29011,2015,71000
29011,2016,82700
29011,2017,91200
29011,2018,92000
29011,2019,91700
29011,2020,98900
29011,2021,90800
29011,2022,98400
29011,2023,92700
29011,2024,105300
29011,2025,52000
29057,1951,5200
29057,1952,10000
29057,1953,8800
29057,1954,4000
29057,1955,2500
29057,1956,3500
29057,1957,1200
29057,1958,1500
29057,1959,3600
29057,1960,4600
29057,1961,4200
29057,1962,5500
29057,1963,6300
29057,1964,5800
29057,1965,8700
29057,1966,8000
29057,1967,9000
29057,1968,9200
29057,1969,12800
29057,1970,9000
29057,1971,16000
29057,1972,17000
29057,1973,23000
29057,1974,21600
29057,1975,23000
29057,1976,23000
29057,1977,23700
29057,1978,27000
29057,1979,20600
29057,1980,20900
29057,1981,23900
29057,1982,30200
29057,1983,24800
29057,1984,23900
29057,1985,25800
29057,1986,24500
29057,1987,23700
29057,1988,20300
29057,1989,20500
29057,1990,21500
29057,1991,16800
29057,1992,17800
29057,1993,18700
29057,1994,22600
29057,1995,21800
29057,1996,19000
29057,1997,20700
29057,1998,25200
29057,1999,21400
29057,2000,20800
29057,2001,25600
29057,2002,25000
29057,2003,24700
29057,2004,25900
29057,2005,25700
29057,2006,26800
29057,2007,22100
29057,2008,29100
29057,2009,28300
29057,2010,26600
29057,2011,30200
29057,2012,29000
29057,2013,30800
29057,2014,30400
29057,2015,29200
29057,2016,32400
29057,2017,33500
29057,2018,27800
29057,2019,27400
29057,2020,28900
29057,2021,27700
29057,2022,29600
29057,2023,28900
29057,2024,31900
29057,2025,29600
29069,1951,65000
29069,1952,80000
29069,1953,71000
29069,1954,95000
29069,1955,122300
29069,1956,82800
29069,1957,73000
29069,1958,124000
29069,1959,117300
29069,1960,123000
29069,1961,141900
29069,1962,146700
29069,1963,124600
29069,1964,141600
29069,1965,158000
29069,1966,163000
29069,1967,188000
29069,1968,193600
29069,1969,166800
29069,1970,167000
29069,1971,153000
29069,1972,129000
29069,1973,211000
29069,1974,157000
29069,1975,165000
29069,1976,164000
29069,1977,168000
29069,1978,164500
29069,1979,189500
29069,1980,134000
29069,1981,140000
29069,1982,134500
29069,1983,144500
29069,1984,132500
29069,1985,109500
29069,1986,116500
29069,1987,85500
29069,1988,86300
29069,1989,93900
29069,1990,99700
29069,1991,89800
29069,1992,78900
29069,1993,93000
29069,1994,88000
29069,1995,79000
29069,1996,78600
29069,1997,85300
29069,1998,77400
29069,1999,80200
29069,2000,78900
29069,2001,67300
29069,2002,74300
29069,2003,73300
29069,2004,83500
29069,2005,71200
29069,2006,70200
29069,2007,66500
29069,2008,104500
29069,2009,116400
29069,2010,97500
29069,2011,102600
29069,2012,87700
29069,2013,122700
29069,2014,128000
29069,2015,146300
29069,2016,122900
29069,2017,119100
29069,2018,98300
29069,2019,83900
29069,2020,101900
29069,2021,82700
29069,2022,88500
29069,2023,85800
29069,2024,82800
29069,2025,75700
29143,1951,103400
29143,1952,115000
29143,1953,120000
29143,1954,134400
29143,1955,133300
29143,1956,131500
29143,1957,117000
29143,1958,160000
29143,1959,164300
29143,1960,175000
29143,1961,172300
29143,1962,166200
29143,1963,148400
29143,1964,179300
29143,1965,185700
29143,1966,203000
29143,1967,230000
29143,1968,234400
29143,1969,198200
29143,1970,207000
29143,1971,215000
29143,1972,225000
29143,1973,316000
29143,1974,236000
29143,1975,245000
29143,1976,250000
29143,1977,265000
29143,1978,271500
29143,1979,292500
29143,1980,237000
29143,1981,235000
29143,1982,215000
29143,1983,220500
29143,1984,216500
29143,1985,179500
29143,1986,178000
29143,1987,148500
29143,1988,163500
29143,1989,159500
29143,1990,193500
29143,1991,170400
29143,1992,152000
29143,1993,164300
29143,1994,162200
29143,1995,164800
29143,1996,163300
29143,1997,164300
29143,1998,168400
29143,1999,157200
29143,2000,157200
29143,2001,153400
29143,2002,172200
29143,2003,152700
29143,2004,155500
29143,2005,147000
29143,2006,146400
29143,2007,141900
29143,2008,189700
29143,2009,198500
29143,2010,178800
29143,2011,192600
29143,2012,161800
29143,2013,196700
29143,2014,201500
29143,2015,209000
29143,2016,186600
29143,2017,209500
29143,2018,203000
29143,2019,153600
29143,2020,198800
29143,2021,182000
29143,2022,210000
29143,2023,176500
29143,2024,189800
29143,2025,166000
29155,1951,77000
29155,1952,90000
29155,1953,94500
29155,1954,124000
29155,1955,125300
29155,1956,126600
29155,1957,132000
29155,1958,158000
29155,1959,144900
29155,1960,159000
29155,1961,152100
29155,1962,156200
29155,1963,161200
29155,1964,146500
29155,1965,157000
29155,1966,179000
29155,1967,190000
29155,1968,193600
29155,1969,170300
29155,1970,154000
29155,1971,146000
29155,1972,132000
29155,1973,209000
29155,1974,172000
29155,1975,182000
29155,1976,189000
29155,1977,206000
29155,1978,222000
29155,1979,240000
29155,1980,214000
29155,1981,211000
29155,1982,217000
29155,1983,209000
29155,1984,193500
29155,1985,170000
29155,1986,163500
29155,1987,161500
29155,1988,153000
29155,1989,154000
29155,1990,176000
29155,1991,166700
29155,1992,149800
29155,1993,166400
29155,1994,161200
29155,1995,165500
29155,1996,161700
29155,1997,170000
29155,1998,159400
29155,1999,164700
29155,2000,147800
29155,2001,133200
29155,2002,116700
29155,2003,118900
29155,2004,139400
29155,2005,123600
29155,2006,125300
29155,2007,128200
29155,2008,153400
29155,2009,175200
29155,2010,151600
29155,2011,154900
29155,2012,142400
29155,2013,164900
29155,2014,153200
29155,2015,162200
29155,2016,150200
29155,2017,170400
29155,2018,159400
29155,2019,141500
29155,2020,168800
29155,2021,160400
29155,2022,184300
29155,2023,164300
29155,2024,166300
29155,2025,160500
29207,1951,91000
29207,1952,93000
29207,1953,90000
29207,1954,91000
29207,1955,91500
29207,1956,77900
29207,1957,71000
29207,1958,125000
29207,1959,142900
29207,1960,155000
29207,1961,162200
29207,1962,163800
29207,1963,176100
29207,1964,165000
29207,1965,174200
29207,1966,208000
29207,1967,225000
29207,1968,239500
29207,1969,215600
29207,1970,199000
29207,1971,213000
29207,1972,234000
29207,1973,277000
29207,1974,234000
29207,1975,224000
29207,1976,200000
29207,1977,197000
29207,1978,198000
29207,1979,227000
29207,1980,193000
29207,1981,187000
29207,1982,178000
29207,1983,153000
29207,1984,163500
29207,1985,152000
29207,1986,153500
29207,1987,132500
29207,1988,139000
29207,1989,152000
29207,1990,167500
29207,1991,151400
29207,1992,142100
29207,1993,149300
29207,1994,147500
29207,1995,139200
29207,1996,123800
29207,1997,149700
29207,1998,149000
29207,1999,155400
29207,2000,153900
29207,2001,146000
29207,2002,157500
29207,2003,149400
29207,2004,143900
29207,2005,142200
29207,2006,160800
29207,2007,147200
29207,2008,193200
29207,2009,178000
29207,2010,159800
29207,2011,184300
29207,2012,162900
29207,2013,171300
29207,2014,171100
29207,2015,181800
29207,2016,169900
29207,2017,189600
29207,2018,184200
29207,2019,162500
29207,2020,172000
29207,2021,163400
29207,2022,181600
29207,2023,157900
29207,2024,169100
29207,2025,145700
39003,1951,26100
39003,1952,22700
39003,1953,27000
39003,1954,23800
39003,1955,30300
39003,1956,33600
39003,1957,34100
39003,1958,37500
39003,1959,34500
39003,1960,36900
39003,1961,43500
39003,1962,44700
39003,1963,43500
39003,1964,45100
39003,1965,51900
39003,1966,51400
39003,1967,55000
39003,1968,58900
39003,1969,62700
39003,1970,57600
39003,1971,59800
39003,1972,66300
39003,1973,79300
39003,1974,70500
39003,1975,60300
39003,1976,55900
39003,1977,72000
39003,1978,76400
39003,1979,78300
39003,1980,74500
39003,1981,65700
39003,1982,76100
39003,1983,66200
39003,1984,74500
39003,1985,78300
39003,1986,73300
39003,1987,84200
39003,1988,78700
39003,1989,85200
39003,1990,75200
39003,1991,76800
39003,1992,70000
39003,1993,77100
39003,1994,75200
39003,1995,76400
39003,1996,86000
39003,1997,82900
39003,1998,82300
39003,1999,80000
39003,2000,79600
39003,2001,80900
39003,2002,81600
39003,2003,76600
39003,2004,78400
39003,2005,79100
39003,2006,82300
39003,2007,74100
39003,2008,81200
39003,2009,81200
39003,2010,84900
39003,2011,83100
39003,2012,83400
39003,2013,84900
39003,2014,84800
39003,2015,88100
39003,2016,87800
39003,2017,90900
39003,2018,88700
39003,2019,81900
39003,2020,86700
39003,2021,86600
39003,2022,87700
39003,2023,81500
39003,2024,85900
39003,2025,85400
39007,1951,2300
39007,1952,1600
39007,1953,2300
39007,1954,2600
39007,1955,3000
39007,1956,2300
39007,1957,2800
39007,1958,2000
39007,1959,1000
39007,1960,1100
39007,1961,1900
39007,1962,1200
39007,1963,1900
39007,1964,1300
39007,1965,2200
39007,1966,3300
39007,1967,2700
39007,1968,1700
39007,1969,1400
39007,1970,1500
39007,1971,1400
39007,1972,800
39007,1973,2000
39007,1974,2500
39007,1975,2000
39007,1976,2800
39007,1977,3600
39007,1978,5000
39007,1979,8400
39007,1980,8800
39007,1981,8300
39007,1982,9300
39007,1983,10700
39007,1984,11400
39007,1985,11200
39007,1986,9100
39007,1987,9200
39007,1988,9700
39007,1989,7300
39007,1990,7000
39007,1991,9200
39007,1992,9000
39007,1993,11700
39007,1994,11600
39007,1995,12800
39007,1996,15900
39007,1997,17500
39007,1998,17600
39007,1999,18700
39007,2000,16600
39007,2001,20300
39007,2002,21600
39007,2003,18600
39007,2004,19300
39007,2005,21900
39007,2006,24300
39007,2007,28000
39007,2008,28700
39007,2009,28100
39007,2010,31800
39007,2011,26000
39007,2012,32400
39007,2013,29000
39007,2014,34200
39007,2015,27300
39007,2016,32300
39007,2017,35000
39007,2018,32100
39007,2019,30000
39007,2020,35600
39007,2021,34100
39007,2022,35600
39007,2023,33100
39007,2024,39900
39007,2025,33500
39011,1951,17200
39011,1952,14500
39011,1953,14300
39011,1954,20000
39011,1955,20000
39011,1956,21500
39011,1957,22900
39011,1958,26800
39011,1959,28400
39011,1960,26400
39011,1961,33100
39011,1962,33100
39011,1963,37500
39011,1964,37600
39011,1965,40600
39011,1966,41000
39011,1967,44200
39011,1968,50400
39011,1969,55400
39011,1970,54600
39011,1971,52800
39011,1972,63100
39011,1973,75800
39011,1974,65000
39011,1975,57500
39011,1976,60800
39011,1977,74600
39011,1978,76700
39011,1979,77500
39011,1980,76000
39011,1981,69900
39011,1982,73700
39011,1983,67400
39011,1984,70800
39011,1985,74400
39011,1986,73800
39011,1987,81200
39011,1988,78600
39011,1989,81300
39011,1990,71400
39011,1991,75600
39011,1992,72700
39011,1993,80900
39011,1994,80500
39011,1995,81800
39011,1996,90700
39011,1997,88800
39011,1998,89300
39011,1999,95400
39011,2000,91700
39011,2001,92900
39011,2002,95200
39011,2003,87500
39011,2004,90000
39011,2005,90300
39011,2006,92500
39011,2007,84900
39011,2008,86300
39011,2009,88700
39011,2010,88900
39011,2011,91500
39011,2012,89000
39011,2013,89800
39011,2014,90800
39011,2015,90500
39011,2016,95800
39011,2017,98900
39011,2018,101300
39011,2019,97000
39011,2020,96900
39011,2021,101600
39011,2022,103100
39011,2023,98200
39011,2024,101800
39011,2025,101500
39015,1951,3000
39015,1952,3600
39015,1953,2300
39015,1954,3900
39015,1955,4800
39015,1956,5900
39015,1957,9100
39015,1958,8300
39015,1959,10500
39015,1960,11600
39015,1961,14100
39015,1962,17700
39015,1963,18300
39015,1964,22400
39015,1965,26900
39015,1966,20600
39015,1967,25100
39015,1968,25000
39015,1969,27300
39015,1970,24800
39015,1971,32800
39015,1972,35000
39015,1973,33000
39015,1974,40100
39015,1975,44400
39015,1976,46500
39015,1977,55100
39015,1978,65600
39015,1979,75200
39015,1980,70200
39015,1981,53600
39015,1982,53000
39015,1983,45100
39015,1984,45200
39015,1985,46900
39015,1986,44700
39015,1987,48800
39015,1988,43100
39015,1989,47900
39015,1990,38400
39015,1991,42300
39015,1992,45000
39015,1993,51900
39015,1994,51200
39015,1995,53000
39015,1996,61000
39015,1997,58300
39015,1998,63700
39015,1999,69600
39015,2000,72800
39015,2001,74000
39015,2002,82400
39015,2003,71400
39015,2004,75900
39015,2005,77500
39015,2006,78700
39015,2007,71000
39015,2008,75300
39015,2009,80400
39015,2010,77900
39015,2011,87200
39015,2012,81300
39015,2013,86200
39015,2014,87100
39015,2015,87900
39015,2016,93400
39015,2017,95900
39015,2018,95300
39015,2019,80200
39015,2020,94500
39015,2021,89700
39015,2022,91600
39015,2023,88200
39015,2024,94800
39015,2025,86200
39021,1951,9800
39021,1952,7600
39021,1953,9100
39021,1954,12300
39021,1955,13300
39021,1956,16100
39021,1957,16900
39021,1958,16700
39021,1959,16800
39021,1960,17100
39021,1961,24300
39021,1962,24900
39021,1963,22800
39021,1964,25800
39021,1965,28400
39021,1966,29800
39021,1967,30400
39021,1968,35600
39021,1969,36800
39021,1970,40300
39021,1971,41800
39021,1972,42200
39021,1973,54700
39021,1974,47600
39021,1975,46000
39021,1976,41200
39021,1977,50800
39021,1978,53300
39021,1979,60000
39021,1980,48100
39021,1981,53900
39021,1982,58500
39021,1983,52600
39021,1984,62600
39021,1985,61500
39021,1986,56600
39021,1987,60800
39021,1988,60000
39021,1989,63900
39021,1990,59800
39021,1991,64500
39021,1992,60200
39021,1993,69800
39021,1994,68800
39021,1995,73300
39021,1996,82000
39021,1997,84500
39021,1998,86500
39021,1999,85700
39021,2000,87100
39021,2001,90200
39021,2002,90500
39021,2003,86500
39021,2004,87000
39021,2005,87100
39021,2006,94500
39021,2007,78900
39021,2008,87600
39021,2009,83200
39021,2010,85900
39021,2011,82800
39021,2012,81700
39021,2013,80200
39021,2014,87700
39021,2015,90900
39021,2016,85100
39021,2017,92800
39021,2018,86800
39021,2019,88000
39021,2020,86400
39021,2021,89600
39021,2022,90900
39021,2023,84800
39021,2024,91100
39021,2025,87200
39023,1951,11000
39023,1952,10500
39023,1953,9600
39023,1954,10300
39023,1955,11800
39023,1956,14900
39023,1957,17000
39023,1958,16900
39023,1959,14700
39023,1960,15700
39023,1961,19000
39023,1962,21300
39023,1963,18500
39023,1964,22100
39023,1965,23900
39023,1966,27200
39023,1967,27500
39023,1968,30800
39023,1969,32200
39023,1970,36500
39023,1971,36300
39023,1972,42800
39023,1973,53400
39023,1974,46300
39023,1975,46800
39023,1976,37700
39023,1977,53100
39023,1978,61800
39023,1979,63600
39023,1980,55700
39023,1981,53200
39023,1982,56600
39023,1983,47800
39023,1984,62700
39023,1985,62200
39023,1986,57700
39023,1987,60700
39023,1988,58200
39023,1989,61500
39023,1990,57100
39023,1991,57900
39023,1992,57600
39023,1993,63300
39023,1994,61800
39023,1995,61700
39023,1996,70600
39023,1997,65800
39023,1998,68200
39023,1999,70900
39023,2000,68400
39023,2001,70900
39023,2002,71600
39023,2003,67500
39023,2004,69600
39023,2005,69100
39023,2006,72900
39023,2007,61000
39023,2008,72000
39023,2009,65900
39023,2010,67900
39023,2011,64200
39023,2012,63900
39023,2013,61000
39023,2014,64900
39023,2015,64100
39023,2016,65500
39023,2017,68800
39023,2018,70800
39023,2019,65200
39023,2020,67000
39023,2021,70000
39023,2022,69600
39023,2023,65900
39023,2024,71200
39023,2025,67200
39027,1951,6700
39027,1952,5300
39027,1953,5400
39027,1954,4900
39027,1955,6100
39027,1956,7400
39027,1957,8500
39027,1958,11800
39027,1959,9800
39027,1960,16300
39027,1961,22000
39027,1962,27800
39027,1963,24600
39027,1964,26800
39027,1965,27300
39027,1966,26900
39027,1967,32600
39027,1968,33200
39027,1969,35900
39027,1970,36600
39027,1971,41100
39027,1972,47900
39027,1973,62500
39027,1974,58100
39027,1975,60700
39027,1976,52100
39027,1977,70200
39027,1978,72000
39027,1979,86900
39027,1980,75600
39027,1981,64400
39027,1982,67400
39027,1983,57800
39027,1984,66400
39027,1985,71400
39027,1986,63400
39027,1987,71300
39027,1988,67800
39027,1989,80800
39027,1990,61100
39027,1991,71700
39027,1992,75300
39027,1993,88000
39027,1994,85900
39027,1995,91400
39027,1996,102000
39027,1997,104800
39027,1998,104900
39027,1999,100000
39027,2000,98700
39027,2001,100200
39027,2002,112000
39027,2003,102900
39027,2004,102300
39027,2005,101400
39027,2006,113600
39027,2007,93300
39027,2008,102300
39027,2009,103100
39027,2010,99800
39027,2011,97400
39027,2012,100400
39027,2013,94300
39027,2014,102800
39027,2015,104400
39027,2016,105000
39027,2017,108000
39027,2018,109300
39027,2019,96300
39027,2020,104800
39027,2021,97700
39027,2022,107200
39027,2023,97900
39027,2024,108200
39027,2025,98000
39033,1951,25600
39033,1952,20500
39033,1953,21300
39033,1954,21100
39033,1955,22000
39033,1956,22800
39033,1957,27800
39033,1958,30100
39033,1959,29600
39033,1960,29600
39033,1961,35800
39033,1962,33600
39033,1963,33700
39033,1964,35700
39033,1965,38900
39033,1966,39300
39033,1967,43300
39033,1968,48100
39033,1969,54800
39033,1970,54600
39033,1971,56700
39033,1972,61700
39033,1973,71900
39033,1974,64100
39033,1975,57400
39033,1976,54000
39033,1977,69700
39033,1978,75900
39033,1979,73800
39033,1980,74500
39033,1981,66300
39033,1982,82300
39033,1983,82000
39033,1984,85500
39033,1985,85800
39033,1986,82200
39033,1987,89100
39033,1988,86300
39033,1989,89800
39033,1990,78400
39033,1991,84300
39033,1992,84100
39033,1993,94800
39033,1994,91200
39033,1995,91600
39033,1996,100800
39033,1997,97700
39033,1998,98500
39033,1999,101500
39033,2000,103700
39033,2001,103100
39033,2002,98900
39033,2003,99800
39033,2004,102100
39033,2005,100900
39033,2006,107600
39033,2007,94700
39033,2008,106800
39033,2009,100400
39033,2010,99700
39033,2011,94700
39033,2012,91700
39033,2013,92800
39033,2014,92500
39033,2015,99100
39033,2016,100900
39033,2017,108500
39033,2018,97400
39033,2019,87600
39033,2020,95700
39033,2021,94700
39033,2022,95700
39033,2023,93300
39033,2024,97600
39033,2025,95400
39041,1951,21800
39041,1952,14600
39041,1953,15500
39041,1954,18700
39041,1955,24100
39041,1956,22900
39041,1957,23200
39041,1958,30800
39041,1959,31300
39041,1960,29500
39041,1961,35600
39041,1962,36300
39041,1963,35700
39041,1964,33300
39041,1965,40000
39041,1966,43200
39041,1967,46000
39041,1968,47700
39041,1969,48600
39041,1970,53700
39041,1971,56500
39041,1972,72100
39041,1973,74800
39041,1974,60200
39041,1975,59300
39041,1976,58900
39041,1977,73300
39041,1978,78700
39041,1979,86400
39041,1980,79300
39041,1981,71200
39041,1982,67700
39041,1983,56100
39041,1984,66800
39041,1985,67800
39041,1986,67600
39041,1987,71700
39041,1988,67600
39041,1989,73400
39041,1990,71600
39041,1991,76800
39041,1992,70900
39041,1993,77800
39041,1994,73500
39041,1995,71500
39041,1996,79500
39041,1997,73400
39041,1998,74700
39041,1999,75000
39041,2000,71900
39041,2001,73200
39041,2002,75800
39041,2003,65500
39041,2004,70500
39041,2005,70900
39041,2006,71700
39041,2007,67700
39041,2008,70200
39041,2009,70500
39041,2010,74100
39041,2011,71200
39041,2012,72200
39041,2013,69200
39041,2014,68100
39041,2015,69300
39041,2016,71500
39041,2017,73800
39041,2018,73600
39041,2019,63200
39041,2020,75800
39041,2021,73400
39041,2022,72300
39041,2023,70000
39041,2024,74700
39041,2025,74700
39057,1951,3900
39057,1952,3700
39057,1953,3900
39057,1954,4500
39057,1955,4600
39057,1956,7300
39057,1957,8400
39057,1958,8200
39057,1959,6400
39057,1960,10600
39057,1961,12000
39057,1962,14400
39057,1963,11200
39057,1964,12800
39057,1965,14500
39057,1966,14500
39057,1967,14500
39057,1968,15600
39057,1969,17000
39057,1970,18500
39057,1971,22700
39057,1972,28000
39057,1973,41500
39057,1974,35500
39057,1975,36500
39057,1976,33000
39057,1977,51600
39057,1978,54000
39057,1979,64400
39057,1980,57400
39057,1981,51000
39057,1982,47300
39057,1983,41000
39057,1984,48000
39057,1985,49900
39057,1986,50600
39057,1987,56900
39057,1988,55600
39057,1989,62300
39057,1990,49800
39057,1991,56700
39057,1992,57000
39057,1993,64100
39057,1994,62100
39057,1995,63900
39057,1996,71500
39057,1997,70100
39057,1998,68500
39057,1999,66400
39057,2000,66500
39057,2001,67000
39057,2002,70700
39057,2003,65500
39057,2004,70000
39057,2005,68000
39057,2006,69700
39057,2007,60100
39057,2008,66300
39057,2009,67000
39057,2010,64800
39057,2011,65600
39057,2012,62400
39057,2013,62100
39057,2014,67800
39057,2015,68200
39057,2016,68700
39057,2017,70500
39057,2018,71400
39057,2019,63300
39057,2020,64600
39057,2021,65800
39057,2022,68100
39057,2023,63700
39057,2024,68800
39057,2025,64500
39065,1951,33600
39065,1952,30500
39065,1953,33000
39065,1954,32900
39065,1955,34600
39065,1956,37200
39065,1957,40500
39065,1958,42700
39065,1959,39300
39065,1960,43600
39065,1961,53600
39065,1962,53600
39065,1963,54100
39065,1964,52700
39065,1965,60600
39065,1966,64400
39065,1967,68000
39065,1968,72900
39065,1969,79200
39065,1970,81400
39065,1971,73900
39065,1972,101200
39065,1973,131200
39065,1974,95100
39065,1975,96600
39065,1976,80600
39065,1977,96000
39065,1978,106700
39065,1979,112200
39065,1980,112000
39065,1981,88800
39065,1982,97500
39065,1983,80800
39065,1984,101700
39065,1985,102700
39065,1986,96500
39065,1987,109000
39065,1988,98200
39065,1989,107800
39065,1990,91600
39065,1991,100700
39065,1992,97500
39065,1993,107100
39065,1994,103800
39065,1995,103000
39065,1996,115600
39065,1997,108400
39065,1998,108700
39065,1999,112400
39065,2000,113100
39065,2001,114800
39065,2002,119000
39065,2003,108100
39065,2004,110200
39065,2005,111000
39065,2006,115500
39065,2007,102100
39065,2008,109600
39065,2009,117900
39065,2010,107900
39065,2011,112200
39065,2012,108500
39065,2013,112000
39065,2014,113900
39065,2015,118800
39065,2016,118400
39065,2017,124000
39065,2018,119700
39065,2019,76900
39065,2020,122900
39065,2021,120000
39065,2022,123600
39065,2023,116000
39065,2024,122500
39065,2025,118100
39069,1951,41000
39069,1952,33500
39069,1953,37100
39069,1954,50600
39069,1955,48000
39069,1956,54700
39069,1957,53800
39069,1958,56500
39069,1959,67100
39069,1960,63700
39069,1961,66900
39069,1962,69500
39069,1963,66700
39069,1964,67700
39069,1965,75100
39069,1966,80400
39069,1967,79200
39069,1968,78900
39069,1969,81100
39069,1970,85200
39069,1971,83900
39069,1972,80600
39069,1973,104000
39069,1974,90400
39069,1975,89400
39069,1976,83500
39069,1977,90000
39069,1978,101600
39069,1979,91000
39069,1980,90900
39069,1981,89500
39069,1982,97700
39069,1983,90700
39069,1984,97500
39069,1985,95300
39069,1986,89200
39069,1987,100000
39069,1988,94800
39069,1989,103100
39069,1990,89800
39069,1991,95100
39069,1992,91700
39069,1993,100300
39069,1994,98500
39069,1995,100100
39069,1996,109800
39069,1997,105300
39069,1998,114400
39069,1999,108900
39069,2000,100400
39069,2001,101100
39069,2002,101300
39069,2003,93700
39069,2004,92200
39069,2005,99200
39069,2006,98600
39069,2007,90600
39069,2008,94000
39069,2009,96000
39069,2010,101800
39069,2011,94100
39069,2012,100400
39069,2013,96300
39069,2014,98900
39069,2015,101900
39069,2016,101900
39069,2017,111000
39069,2018,106100
39069,2019,91000
39069,2020,103800
39069,2021,101600
39069,2022,112600
39069,2023,100600
39069,2024,108800
39069,2025,103300
39091,1951,21600
39091,1952,19200
39091,1953,16800
39091,1954,17300
39091,1955,19700
39091,1956,22400
39091,1957,22600
39091,1958,27600
39091,1959,23500
39091,1960,24200
39091,1961,30300
39091,1962,30900
39091,1963,31600
39091,1964,29900
39091,1965,35000
39091,1966,33300
39091,1967,39100
39091,1968,39700
39091,1969,41200
39091,1970,41300
39091,1971,43500
39091,1972,62500
39091,1973,66500
39091,1974,58700
39091,1975,50900
39091,1976,49700
39091,1977,69800
39091,1978,71200
39091,1979,79000
39091,1980,66900
39091,1981,63200
39091,1982,62500
39091,1983,64400
39091,1984,67800
39091,1985,68000
39091,1986,64000
39091,1987,70300
39091,1988,67100
39091,1989,72800
39091,1990,54900
39091,1991,59600
39091,1992,60500
39091,1993,68900
39091,1994,67200
39091,1995,69700
39091,1996,78500
39091,1997,78200
39091,1998,80100
39091,1999,81600
39091,2000,83500
39091,2001,86800
39091,2002,91700
39091,2003,83300
39091,2004,87800
39091,2005,91500
39091,2006,91200
39091,2007,81900
39091,2008,88200
39091,2009,88300
39091,2010,87400
39091,2011,90700
39091,2012,85100
39091,2013,86200
39091,2014,87100
39091,2015,88600
39091,2016,89200
39091,2017,95800
39091,2018,92800
39091,2019,69400
39091,2020,89300
39091,2021,91000
39091,2022,92700
39091,2023,87100
39091,2024,95300
39091,2025,89500
39097,1951,38100
39097,1952,34900
39097,1953,38000
39097,1954,35900
39097,1955,41000
39097,1956,40800
39097,1957,44400
39097,1958,40500
39097,1959,39000
39097,1960,43000
39097,1961,50300
39097,1962,48800
39097,1963,48300
39097,1964,51600
39097,1965,56200
39097,1966,59000
39097,1967,63400
39097,1968,64800
39097,1969,66700
39097,1970,63600
39097,1971,73900
39097,1972,75300
39097,1973,95500
39097,1974,85000
39097,1975,78000
39097,1976,79400
39097,1977,98300
39097,1978,109800
39097,1979,109800
39097,1980,102000
39097,1981,103800
39097,1982,107300
39097,1983,99500
39097,1984,108800
39097,1985,114200
39097,1986,108600
39097,1987,116700
39097,1988,113100
39097,1989,126600
39097,1990,97000
39097,1991,103600
39097,1992,104000
39097,1993,117300
39097,1994,113100
39097,1995,114300
39097,1996,126900
39097,1997,122500
39097,1998,115800
39097,1999,112500
39097,2000,115300
39097,2001,116200
39097,2002,122800
39097,2003,111500
39097,2004,120400
39097,2005,118900
39097,2006,126800
39097,2007,107900
39097,2008,115900
39097,2009,117300
39097,2010,121000
39097,2011,122900
39097,2012,113900
39097,2013,120000
39097,2014,120800
39097,2015,124400
39097,2016,125000
39097,2017,132000
39097,2018,127600
39097,2019,120800
39097,2020,129900
39097,2021,124100
39097,2022,126100
39097,2023,119000
39097,2024,124200
39097,2025,118000
39103,1951,3700
39103,1952,2300
39103,1953,2800
39103,1954,4500
39103,1955,4500
39103,1956,4100
39103,1957,3600
39103,1958,4000
39103,1959,3900
39103,1960,4400
39103,1961,6100
39103,1962,5600
39103,1963,4400
39103,1964,5900
39103,1965,8200
39103,1966,9200
39103,1967,7800
39103,1968,6900
39103,1969,6200
39103,1970,6500
39103,1971,6900
39103,1972,8600
39103,1973,9300
39103,1974,10800
39103,1975,10800
39103,1976,11400
39103,1977,17000
39103,1978,19600
39103,1979,22600
39103,1980,23000
39103,1981,21400
39103,1982,22100
39103,1983,16600
39103,1984,18300
39103,1985,20000
39103,1986,17000
39103,1987,18600
39103,1988,18400
39103,1989,17900
39103,1990,15700
39103,1991,17700
39103,1992,17400
39103,1993,22100
39103,1994,21800
39103,1995,24000
39103,1996,27800
39103,1997,30900
39103,1998,29800
39103,1999,33400
39103,2000,28900
39103,2001,28800
39103,2002,27300
39103,2003,21500
39103,2004,23700
39103,2005,26000
39103,2006,28900
39103,2007,26500
39103,2008,27100
39103,2009,27000
39103,2010,27900
39103,2011,23900
39103,2012,30900
39103,2013,28600
39103,2014,29200
39103,2015,30200
39103,2016,30900
39103,2017,34100
39103,2018,29100
39103,2019,19700
39103,2020,27400
39103,2021,27500
39103,2022,29200
39103,2023,25200
39103,2024,29100
39103,2025,26600
39109,1951,13100
39109,1952,10200
39109,1953,11400
39109,1954,15200
39109,1955,16000
39109,1956,17100
39109,1957,19000
39109,1958,22600
39109,1959,23400
39109,1960,24800
39109,1961,28000
39109,1962,28600
39109,1963,29500
39109,1964,32500
39109,1965,33700
39109,1966,38100
39109,1967,40200
39109,1968,44000
39109,1969,47100
39109,1970,46000
39109,1971,48000
39109,1972,57000
39109,1973,65400
39109,1974,58100
39109,1975,58400
39109,1976,53400
39109,1977,59600
39109,1978,67800
39109,1979,70000
39109,1980,74600
39109,1981,69900
39109,1982,66800
39109,1983,59400
39109,1984,66700
39109,1985,67400
39109,1986,70700
39109,1987,78100
39109,1988,72400
39109,1989,74500
39109,1990,68200
39109,1991,69300
39109,1992,65100
39109,1993,73800
39109,1994,72500
39109,1995,72900
39109,1996,81800
39109,1997,80500
39109,1998,81700
39109,1999,85900
39109,2000,81600
39109,2001,81100
39109,2002,86000
39109,2003,77200
39109,2004,80000
39109,2005,79900
39109,2006,82200
39109,2007,74900
39109,2008,78500
39109,2009,79600
39109,2010,80900
39109,2011,83800
39109,2012,78100
39109,2013,79600
39109,2014,80400
39109,2015,82100
39109,2016,79900
39109,2017,82900
39109,2018,82800
39109,2019,81600
39109,2020,80700
39109,2021,82300
39109,2022,81700
39109,2023,81400
39109,2024,80400
39109,2025,81900
39113,1951,1600
39113,1952,1100
39113,1953,1300
39113,1954,2500
39113,1955,3000
39113,1956,5000
39113,1957,5900
39113,1958,7400
39113,1959,5000
39113,1960,7000
39113,1961,8400
39113,1962,8100
39113,1963,8100
39113,1964,9200
39113,1965,10800
39113,1966,10000
39113,1967,12500
39113,1968,16500
39113,1969,18600
39113,1970,17300
39113,1971,23900
39113,1972,33500
39113,1973,40800
39113,1974,37500
39113,1975,39300
39113,1976,39100
39113,1977,44300
39113,1978,49000
39113,1979,59200
39113,1980,52500
39113,1981,41300
39113,1982,40500
39113,1983,36700
39113,1984,42800
39113,1985,44400
39113,1986,41800
39113,1987,42500
39113,1988,40400
39113,1989,43000
39113,1990,33500
39113,1991,35300
39113,1992,37200
39113,1993,40800
39113,1994,39600
39113,1995,38400
39113,1996,43300
39113,1997,38800
39113,1998,40400
39113,1999,41300
39113,2000,43500
39113,2001,44100
39113,2002,46700
39113,2003,40400
39113,2004,44500
39113,2005,43200
39113,2006,43700
39113,2007,40400
39113,2008,41600
39113,2009,42600
39113,2010,42900
39113,2011,41800
39113,2012,39200
39113,2013,40700
39113,2014,42100
39113,2015,42900
39113,2016,43600
39113,2017,44500
39113,2018,43400
39113,2019,43700
39113,2020,43500
39113,2021,43100
39113,2022,44400
39113,2023,40600
39113,2024,43900
39113,2025,43400
39123,1951,32500
39123,1952,24200
39123,1953,22600
39123,1954,27100
39123,1955,24400
39123,1956,28500
39123,1957,30200
39123,1958,27800
39123,1959,30800
39123,1960,28600
39123,1961,33000
39123,1962,34500
39123,1963,34300
39123,1964,36300
39123,1965,41000
39123,1966,40200
39123,1967,40700
39123,1968,38300
39123,1969,38700
39123,1970,44800
39123,1971,41500
39123,1972,44800
39123,1973,52800
39123,1974,44800
39123,1975,44600
39123,1976,50800
39123,1977,60200
39123,1978,64200
39123,1979,61700
39123,1980,54200
39123,1981,46500
39123,1982,59100
39123,1983,50500
39123,1984,59500
39123,1985,60800
39123,1986,53600
39123,1987,54000
39123,1988,50800
39123,1989,53300
39123,1990,52300
39123,1991,55700
39123,1992,57100
39123,1993,62800
39123,1994,59500
39123,1995,57500
39123,1996,61700
39123,1997,59300
39123,1998,59800
39123,1999,59000
39123,2000,45400
39123,2001,58100
39123,2002,60000
39123,2003,51900
39123,2004,44800
39123,2005,55200
39123,2006,51200
39123,2007,54500
39123,2008,56400
39123,2009,57500
39123,2010,55800
39123,2011,52800
39123,2012,60000
39123,2013,56300
39123,2014,65000
39123,2015,58900
39123,2016,66300
39123,2017,69900
39123,2018,60900
39123,2019,36300
39123,2020,58100
39123,2021,57700
39123,2022,64100
39123,2023,57500
39123,2024,64900
39123,2025,58300
39125,1951,72500
39125,1952,61700
39125,1953,64200
39125,1954,63100
39125,1955,67000
39125,1956,66700
39125,1957,71400
39125,1958,65300
39125,1959,68300
39125,1960,69700
39125,1961,73900
39125,1962,73900
39125,1963,67200
39125,1964,69300
39125,1965,79000
39125,1966,78200
39125,1967,83200
39125,1968,85700
39125,1969,93100
39125,1970,86200
39125,1971,87800
39125,1972,88800
39125,1973,98600
39125,1974,84900
39125,1975,85200
39125,1976,74000
39125,1977,85000
39125,1978,104400
39125,1979,96500
39125,1980,91300
39125,1981,84700
39125,1982,103400
39125,1983,87800
39125,1984,95500
39125,1985,100300
39125,1986,92600
39125,1987,98000
39125,1988,87400
39125,1989,97900
39125,1990,80500
39125,1991,91600
39125,1992,97700
39125,1993,103600
39125,1994,100100
39125,1995,98100
39125,1996,106800
39125,1997,97900
39125,1998,101400
39125,1999,107600
39125,2000,98400
39125,2001,103800
39125,2002,119700
39125,2003,100900
39125,2004,104200
39125,2005,105800
39125,2006,103700
39125,2007,113500
39125,2008,116600
39125,2009,106800
39125,2010,115800
39125,2011,109800
39125,2012,111800
39125,2013,114500
39125,2014,107900
39125,2015,108300
39125,2016,115900
39125,2017,122000
39125,2018,119300
39125,2019,95000
39125,2020,114900
39125,2021,117500
39125,2022,132000
39125,2023,111500
39125,2024,117700
39125,2025,116300
39129,1951,11700
39129,1952,10200
39129,1953,11500
39129,1954,10400
39129,1955,9400
39129,1956,11900
39129,1957,16600
39129,1958,15900
39129,1959,19000
39129,1960,19100
39129,1961,21500
39129,1962,20900
39129,1963,24800
39129,1964,25500
39129,1965,25000
39129,1966,24500
39129,1967,33500
39129,1968,38000
39129,1969,41200
39129,1970,41100
39129,1971,48100
39129,1972,68400
39129,1973,76900
39129,1974,73000
39129,1975,74500
39129,1976,61600
39129,1977,81000
39129,1978,89500
39129,1979,98500
39129,1980,83500
39129,1981,82000
39129,1982,86000
39129,1983,69500
39129,1984,90800
39129,1985,97300
39129,1986,85700
39129,1987,85400
39129,1988,89500
39129,1989,94100
39129,1990,85700
39129,1991,89400
39129,1992,88500
39129,1993,98400
39129,1994,94600
39129,1995,94000
39129,1996,108000
39129,1997,99100
39129,1998,100900
39129,1999,102500
39129,2000,106800
39129,2001,108500
39129,2002,115800
39129,2003,102200
39129,2004,111500
39129,2005,110000
39129,2006,118500
39129,2007,107100
39129,2008,112500
39129,2009,114800
39129,2010,106000
39129,2011,109400
39129,2012,105800
39129,2013,104000
39129,2014,113900
39129,2015,113900
39129,2016,112000
39129,2017,121800
39129,2018,117300
39129,2019,114300
39129,2020,119200
39129,2021,121000
39129,2022,121100
39129,2023,114000
39129,2024,118500
39129,2025,120200
39135,1951,2000
39135,1952,1500
39135,1953,1500
39135,1954,1100
39135,1955,900
39135,1956,1900
39135,1957,1900
39135,1958,4000
39135,1959,2800
39135,1960,1900
39135,1961,3500
39135,1962,4900
39135,1963,6900
39135,1964,9300
39135,1965,11400
39135,1966,10500
39135,1967,16200
39135,1968,21800
39135,1969,25100
39135,1970,29600
39135,1971,32600
39135,1972,44500
39135,1973,53800
39135,1974,49500
39135,1975,47200
39135,1976,50100
39135,1977,56400
39135,1978,61500
39135,1979,67300
39135,1980,60100
39135,1981,49000
39135,1982,51500
39135,1983,50800
39135,1984,63200
39135,1985,65600
39135,1986,61100
39135,1987,64300
39135,1988,62600
39135,1989,68900
39135,1990,53800
39135,1991,57200
39135,1992,61400
39135,1993,68000
39135,1994,66400
39135,1995,67700
39135,1996,75200
39135,1997,73000
39135,1998,75400
39135,1999,78200
39135,2000,80100
39135,2001,83200
39135,2002,90500
39135,2003,80800
39135,2004,82500
39135,2005,82000
39135,2006,85200
39135,2007,78100
39135,2008,81600
39135,2009,82400
39135,2010,82800
39135,2011,83900
39135,2012,81600
39135,2013,81600
39135,2014,82200
39135,2015,85300
39135,2016,86600
39135,2017,91800
39135,2018,89900
39135,2019,85200
39135,2020,86800
39135,2021,87500
39135,2022,90400
39135,2023,86200
39135,2024,88900
39135,2025,85900
39137,1951,48600
39137,1952,40700
39137,1953,44200
39137,1954,46900
39137,1955,55800
39137,1956,58400
39137,1957,61500
39137,1958,59700
39137,1959,66300
39137,1960,71600
39137,1961,73800
39137,1962,74500
39137,1963,75300
39137,1964,75100
39137,1965,86400
39137,1966,89000
39137,1967,92100
39137,1968,93000
39137,1969,100300
39137,1970,90600
39137,1971,87700
39137,1972,107000
39137,1973,128300
39137,1974,108000
39137,1975,103000
39137,1976,95100
39137,1977,108000
39137,1978,129300
39137,1979,131100
39137,1980,127000
39137,1981,114500
39137,1982,123100
39137,1983,103900
39137,1984,119500
39137,1985,121900
39137,1986,118800
39137,1987,136700
39137,1988,119600
39137,1989,130800
39137,1990,103600
39137,1991,114300
39137,1992,109000
39137,1993,121200
39137,1994,118100
39137,1995,121000
39137,1996,135200
39137,1997,133000
39137,1998,131800
39137,1999,128700
39137,2000,128300
39137,2001,130500
39137,2002,140500
39137,2003,125600
39137,2004,125800
39137,2005,129400
39137,2006,131100
39137,2007,131400
39137,2008,135500
39137,2009,132800
39137,2010,123800
39137,2011,131300
39137,2012,133600
39137,2013,132600
39137,2014,127900
39137,2015,124300
39137,2016,133900
39137,2017,139600
39137,2018,140600
39137,2019,140500
39137,2020,134600
39137,2021,134400
39137,2022,142500
39137,2023,130500
39137,2024,134700
39137,2025,137000
39141,1951,3600
39141,1952,2300
39141,1953,2000
39141,1954,1800
39141,1955,3500
39141,1956,4700
39141,1957,6400
39141,1958,5300
39141,1959,5000
39141,1960,5700
39141,1961,8000
39141,1962,7400
39141,1963,8700
39141,1964,9200
39141,1965,8700
39141,1966,7900
39141,1967,11400
39141,1968,14200
39141,1969,15100
39141,1970,16000
39141,1971,19300
39141,1972,25400
39141,1973,37600
39141,1974,35500
39141,1975,40700
39141,1976,27900
39141,1977,46500
39141,1978,47600
39141,1979,59400
39141,1980,51200
39141,1981,45500
39141,1982,40700
39141,1983,40300
39141,1984,47800
39141,1985,47900
39141,1986,43000
39141,1987,43800
39141,1988,41400
39141,1989,47100
39141,1990,41000
39141,1991,48200
39141,1992,45600
39141,1993,52500
39141,1994,51600
39141,1995,52000
39141,1996,57000
39141,1997,55300
39141,1998,59100
39141,1999,58600
39141,2000,61400
39141,2001,64300
39141,2002,63500
39141,2003,64200
39141,2004,61500
39141,2005,64200
39141,2006,62100
39141,2007,59000
39141,2008,59400
39141,2009,61500
39141,2010,55900
39141,2011,56900
39141,2012,55500
39141,2013,57800
39141,2014,61800
39141,2015,64400
39141,2016,60900
39141,2017,65400
39141,2018,63200
39141,2019,61500
39141,2020,62100
39141,2021,61900
39141,2022,64200
39141,2023,61100
39141,2024,60500
39141,2025,63200
39151,1951,300
39151,1952,200
39151,1953,100
39151,1954,200
39151,1955,100
39151,1956,100
39151,1957,100
39151,1958,100
39151,1959,200
39151,1960,200
39151,1961,700
39151,1962,700
39151,1963,600
39151,1964,500
39151,1965,1000
39151,1966,1200
39151,1967,900
39151,1968,900
39151,1969,700
39151,1970,1600
39151,1971,1800
39151,1972,2000
39151,1973,2800
39151,1974,3700
39151,1975,4000
39151,1976,5200
39151,1977,5600
39151,1978,7200
39151,1979,9400
39151,1980,8600
39151,1981,10400
39151,1982,9000
39151,1983,8700
39151,1984,8900
39151,1985,9100
39151,1986,9900
39151,1987,11800
39151,1988,10900
39151,1989,9700
39151,1990,8700
39151,1991,11000
39151,1992,10500
39151,1993,13100
39151,1994,13800
39151,1995,16100
39151,1996,19000
39151,1997,21300
39151,1998,20100
39151,1999,22200
39151,2000,25000
39151,2001,26200
39151,2002,24500
39151,2003,23000
39151,2004,24300
39151,2005,25500
39151,2006,26600
39151,2007,26200
39151,2008,27200
39151,2009,26200
39151,2010,27900
39151,2011,27700
39151,2012,28400
39151,2013,24300
39151,2014,26300
39151,2015,26400
39151,2016,27000
39151,2017,28000
39151,2018,30600
39151,2019,26900
39151,2020,30300
39151,2021,29900
39151,2022,32000
39151,2023,28500
39151,2024,34200
39151,2025,30400
39155,1951,900
39155,1952,900
39155,1953,1000
39155,1954,1200
39155,1955,1300
39155,1956,600
39155,1957,1000
39155,1958,1000
39155,1959,1000
39155,1960,700
39155,1961,1100
39155,1962,1300
39155,1963,1200
39155,1964,900
39155,1965,1000
39155,1966,2000
39155,1967,1700
39155,1968,1200
39155,1969,900
39155,1970,1600
39155,1971,1300
39155,1972,1300
39155,1973,1900
39155,1974,3600
39155,1975,4000
39155,1976,3200
39155,1977,5100
39155,1978,6600
39155,1979,7400
39155,1980,7700
39155,1981,8700
39155,1982,10900
39155,1983,9500
39155,1984,12900
39155,1985,12900
39155,1986,10500
39155,1987,11300
39155,1988,10800
39155,1989,11400
39155,1990,9200
39155,1991,12000
39155,1992,13100
39155,1993,16600
39155,1994,16700
39155,1995,18400
39155,1996,21400
39155,1997,23500
39155,1998,23100
39155,1999,23100
39155,2000,23300
39155,2001,23400
39155,2002,23800
39155,2003,22200
39155,2004,22700
39155,2005,24000
39155,2006,23300
39155,2007,24100
39155,2008,25200
39155,2009,26200
39155,2010,26200
39155,2011,25800
39155,2012,27300
39155,2013,26900
39155,2014,27700
39155,2015,25300
39155,2016,26000
39155,2017,27500
39155,2018,28400
39155,2019,27400
39155,2020,27800
39155,2021,27200
39155,2022,28100
39155,2023,28100
39155,2024,30200
39155,2025,28600
39165,1951,7900
39165,1952,5200
39165,1953,6000
39165,1954,4500
39165,1955,5700
39165,1956,5300
39165,1957,6500
39165,1958,6600
39165,1959,7200
39165,1960,8100
39165,1961,11000
39165,1962,14400
39165,1963,13500
39165,1964,18700
39165,1965,20000
39165,1966,21000
39165,1967,23400
39165,1968,21900
39165,1969,23200
39165,1970,18500
39165,1971,25000
39165,1972,28100
39165,1973,38800
39165,1974,38100
39165,1975,36600
39165,1976,33400
39165,1977,40600
39165,1978,49900
39165,1979,60200
39165,1980,54000
39165,1981,41900
39165,1982,41600
39165,1983,36400
39165,1984,44100
39165,1985,46800
39165,1986,35600
39165,1987,35700
39165,1988,35400
39165,1989,41800
39165,1990,30100
39165,1991,33900
39165,1992,36700
39165,1993,40400
39165,1994,39200
39165,1995,39200
39165,1996,43900
39165,1997,40900
39165,1998,43600
39165,1999,40000
39165,2000,40000
39165,2001,40700
39165,2002,41000
39165,2003,35500
39165,2004,38000
39165,2005,37700
39165,2006,40300
39165,2007,35900
39165,2008,36500
39165,2009,39600
39165,2010,38000
39165,2011,37900
39165,2012,36600
39165,2013,35600
39165,2014,38500
39165,2015,42100
39165,2016,39800
39165,2017,43900
39165,2018,43400
39165,2019,34800
39165,2020,39700
39165,2021,38800
39165,2022,39800
39165,2023,37800
39165,2024,40400
39165,2025,37200
39175,1951,37400
39175,1952,32500
39175,1953,34000
39175,1954,36800
39175,1955,40900
39175,1956,41900
39175,1957,43200
39175,1958,39900
39175,1959,41500
39175,1960,43600
39175,1961,46700
39175,1962,46700
39175,1963,48600
39175,1964,46800
39175,1965,52000
39175,1966,50400
39175,1967,53900
39175,1968,58200
39175,1969,63500
39175,1970,64300
39175,1971,63500
39175,1972,73100
39175,1973,91200
39175,1974,73300
39175,1975,73900
39175,1976,69700
39175,1977,78800
39175,1978,87200
39175,1979,87100
39175,1980,80300
39175,1981,86000
39175,1982,87800
39175,1983,86500
39175,1984,92400
39175,1985,92900
39175,1986,89200
39175,1987,90900
39175,1988,86900
39175,1989,90800
39175,1990,83000
39175,1991,91200
39175,1992,83600
39175,1993,93500
39175,1994,89100
39175,1995,87500
39175,1996,95000
39175,1997,88800
39175,1998,92500
39175,1999,97400
39175,2000,97700
39175,2001,98900
39175,2002,97200
39175,2003,90300
39175,2004,92900
39175,2005,94100
39175,2006,97900
39175,2007,91400
39175,2008,97800
39175,2009,95400
39175,2010,95800
39175,2011,99500
39175,2012,99600
39175,2013,97000
39175,2014,98900
39175,2015,103400
39175,2016,103800
39175,2017,110800
39175,2018,104400
39175,2019,81300
39175,2020,103800
39175,2021,103600
39175,2022,104600
39175,2023,101600
39175,2024,104300
39175,2025,105700
