county_fips,lat,lon,weight
18083,38.9,-87.6,8.409433291021903e-05
18083,38.9,-87.5,0.03373446954397232
18083,38.9,-87.4,0.036850713877319564
18083,38.9,-87.3,0.03669760506664433
18083,38.9,-87.2,0.04055940755823318
18083,38.9,-87.1,0.00989781484576709
18083,38.8,-87.5,0.04423302738982883
18083,38.8,-87.4,0.0710576476831302
18083,38.8,-87.3,0.07026062982486417
18083,38.8,-87.2,0.020160181326294307
18083,38.8,-87.1,0.0006390445829953636
18083,38.7,-87.6,0.008097220331443403
18083,38.7,-87.5,0.053347226664692896
18083,38.7,-87.4,0.07115562561327833
18083,38.7,-87.3,0.06333659479045378
18083,38.7,-87.2,0.0012622162379703988
18083,38.6,-87.7,0.0004855870058310827
18083,38.6,-87.6,0.05634767990704382
18083,38.6,-87.5,0.0712533835665147
18083,38.6,-87.4,0.07125338356651259
18083,38.6,-87.3,0.07094490198723165
18083,38.6,-87.2,0.004401147157588496
18083,38.5,-87.8,0.0005247203468911667
18083,38.5,-87.7,0.029852566258933264
18083,38.5,-87.6,0.05900759611058211
18083,38.5,-87.5,0.02781019170883102
18083,38.5,-87.4,0.012228564908734
18083,38.5,-87.3,0.019369701927455435
18083,38.5,-87.2,0.0003979915909316209
18083,38.4,-87.7,0.01399638464988546
18083,38.4,-87.6,0.0007526796372352635
18183,41.3,-85.7,0.0006836182740671717
18183,41.3,-85.6,0.04806243276339617
18183,41.3,-85.5,0.020763432242432843
18183,41.3,-85.4,0.015835358096836078
18183,41.3,-85.3,0.0063129913963824134
18183,41.2,-85.7,0.01252219377966322
18183,41.2,-85.6,0.10644839958858816
18183,41.2,-85.5,0.10644839958859045
18183,41.2,-85.4,0.10644839958859563
18183,41.2,-85.3,0.03399074317055609
18183,41.1,-85.7,0.037884728365473415
18183,41.1,-85.6,0.10660840609957743
18183,41.1,-85.5,0.10660840609957434
18183,41.1,-85.4,0.10660840609957499
18183,41.1,-85.3,0.01366431308140091
18183,41.0,-85.7,0.017254151539726918
18183,41.0,-85.6,0.05043777827034794
18183,41.0,-85.5,0.04892765906796317
18183,41.0,-85.4,0.04779571785397502
18183,41.0,-85.3,0.006694465033277697
18089,41.7,-87.5,0.019474603642378525
18089,41.7,-87.4,0.007303487314473242
18089,41.6,-87.5,0.05332813029585064
18089,41.6,-87.4,0.0628257852838924
18089,41.6,-87.3,0.05132531206918977
18089,41.6,-87.2,0.014414607576411914
18089,41.5,-87.5,0.053663490020641566
18089,41.5,-87.4,0.07099343966769117
18089,41.5,-87.3,0.07099343966768985
18089,41.5,-87.2,0.021071093095526638
18089,41.4,-87.5,0.05412320784613937
18089,41.4,-87.4,0.07110130146389894
18089,41.4,-87.3,0.07110130146390001
18089,41.4,-87.2,0.021541380222038813
18089,41.3,-87.5,0.05458306757138588
18089,41.3,-87.4,0.07120894237219412
18089,41.3,-87.3,0.07120894237219653
18089,41.3,-87.2,0.02166830570708015
18089,41.2,-87.5,0.04414796039627217
18089,41.2,-87.4,0.05708896368961835
18089,41.2,-87.3,0.033120661311912485
18089,41.2,-87.2,0.0037125769496173908
18051,38.5,-87.7,0.00048111398796710914
18051,38.5,-87.6,0.012671134643840029
18051,38.5,-87.5,0.039348443155229944
18051,38.5,-87.4,0.0006427144380754308
18051,38.4,-87.8,0.011993460819508094
18051,38.4,-87.7,0.05705037410537655
18051,38.4,-87.6,0.07420035022350412
18051,38.4,-87.5,0.07499034458232096
18051,38.4,-87.4,0.04095373535553838
18051,38.4,-87.3,0.007905335414776216
18051,38.3,-88.0,0.000660772298238425
18051,38.3,-87.9,0.028705568618641018
18051,38.3,-87.8,0.06489890208402294
18051,38.3,-87.7,0.0750922546696519
18051,38.3,-87.6,0.07509225466965533
18051,38.3,-87.5,0.07509225466965423
18051,38.3,-87.4,0.0750922546696549
18051,38.3,-87.3,0.02502187493467424
18051,38.2,-88.0,0.0033852769104885444
18051,38.2,-87.9,0.015416444758669271
18051,38.2,-87.8,0.02598834903380322
18051,38.2,-87.7,0.04614289884970907
18051,38.2,-87.6,0.06203716325855227
18051,38.2,-87.5,0.058620090498545316
18051,38.2,-87.4,0.036494252565198324
18051,38.2,-87.3,0.01202238078470419
18071,39.1,-86.1,1.0687385766407277e-05
18071,39.1,-85.9,0.00020646581953751088
18071,39.1,-85.8,0.005877029791616619
18071,39.0,-86.3,0.03722410683961757
18071,39.0,-86.2,0.07123601017329698
18071,39.0,-86.1,0.06897650499551825
18071,39.0,-86.0,0.06312050450627985
18071,39.0,-85.9,0.065805862428964
18071,39.0,-85.8,0.03778863869275983
18071,38.9,-86.3,0.020293002638757898
18071,38.9,-86.2,0.07235873512238408
18071,38.9,-86.1,0.07235873512238139
18071,38.9,-86.0,0.07235873512237838
18071,38.9,-85.9,0.07235873512238114
18071,38.9,-85.8,0.03882705881693235
18071,38.8,-86.3,0.015723001915167276
18071,38.8,-86.2,0.054716612677629
18071,38.8,-86.1,0.056589151990751305
18071,38.8,-86.0,0.06449028905252487
18071,38.8,-85.9,0.07085803006109853
18071,38.8,-85.8,0.03129574816042689
18071,38.7,-85.9,0.006748770459769839
18071,38.7,-85.8,0.0007775831040600894
18061,38.4,-86.3,0.004533250301088031
18061,38.4,-86.2,0.054904244784714784
18061,38.4,-86.1,0.05318477783965956
18061,38.4,-86.0,0.00904971144220384
18061,38.3,-86.3,0.017854821584437016
18061,38.3,-86.2,0.07709715781631515
18061,38.3,-86.1,0.0771252662456778
18061,38.3,-86.0,0.03767408193073482
18061,38.2,-86.3,0.03494295148371702
18061,38.2,-86.2,0.07722969713692494
18061,38.2,-86.1,0.07722969713693276
18061,38.2,-86.0,0.07435382425370572
18061,38.2,-85.9,0.012513715781861499
18061,38.1,-86.3,0.018632627827618136
18061,38.1,-86.2,0.07733388948769054
18061,38.1,-86.1,0.07733388948769208
18061,38.1,-86.0,0.07733388948769342
18061,38.1,-85.9,0.031608227705769446
18061,38.0,-86.3,9.959484116265297e-05
18061,38.0,-86.2,0.020993814266819972
18061,38.0,-86.1,0.03702954908330538
18061,38.0,-86.0,0.04357743943747992
18061,38.0,-85.9,0.008363880636795419
17027,38.7,-89.7,0.0021886104264991794
17027,38.7,-89.6,0.03396926467089469
17027,38.7,-89.5,0.06742526711148165
17027,38.7,-89.4,0.06745840284369176
17027,38.7,-89.3,0.06798261370563106
17027,38.7,-89.2,0.06629738594670548
17027,38.7,-89.1,0.00714201682213
17027,38.6,-89.7,0.041659970623782565
17027,38.6,-89.6,0.07420805820729288
17027,38.6,-89.5,0.0742080582072902
17027,38.6,-89.4,0.07420805820728925
17027,38.6,-89.3,0.07420805820730224
17027,38.6,-89.2,0.07420805820729012
17027,38.6,-89.1,0.006632118350424652
17027,38.5,-89.7,0.04074744726604827
17027,38.5,-89.6,0.05976177644388442
17027,38.5,-89.5,0.055123942879635346
17027,38.5,-89.4,0.039163285584288374
17027,38.5,-89.3,0.030149150434512214
17027,38.5,-89.2,0.032827643643116876
17027,38.5,-89.1,0.002364202319872092
17027,38.4,-89.7,0.007529848832664466
17027,38.4,-89.6,0.0005367610582721169
17079,39.2,-88.4,0.0016678577093233436
17079,39.2,-88.3,0.015785935444989064
17079,39.2,-88.2,0.015970766618938655
17079,39.2,-88.1,0.016683856437035842
17079,39.2,-88.0,0.017858910314614368
17079,39.2,-87.9,1.5225996867359714e-06
17079,39.1,-88.4,0.00798060152977413
17079,39.1,-88.3,0.07441694158017836
17079,39.1,-88.2,0.07441694158018261
17079,39.1,-88.1,0.07441694158018049
17079,39.1,-88.0,0.07441694158018045
17079,39.1,-87.9,0.0013048194080055643
17079,39.0,-88.4,0.009176895824164854
17079,39.0,-88.3,0.07452067195804302
17079,39.0,-88.2,0.07452067195803677
17079,39.0,-88.1,0.07452067195803778
17079,39.0,-88.0,0.07452067195803941
17079,39.0,-87.9,0.0029619891174627027
17079,38.9,-88.4,0.008708635484561649
17079,38.9,-88.3,0.07444408977442558
17079,38.9,-88.2,0.07462417183136472
17079,38.9,-88.1,0.07462417183136663
17079,38.9,-88.0,0.07461391838336948
17079,38.9,-87.9,0.003459978462421126
17079,38.8,-88.3,0.0007347171311121199
17079,38.8,-88.2,0.0021741307608673004
17079,38.8,-88.1,0.0012829590443373473
17079,38.8,-88.0,0.00018961813929988235
17171,39.8,-90.6,0.033292237521675004
17171,39.8,-90.5,0.03994154868930808
17171,39.8,-90.4,0.0036599852062038645
17171,39.7,-90.6,0.12042682271131916
17171,39.7,-90.5,0.14552331214745198
17171,39.7,-90.4,0.11836819102188224
17171,39.7,-90.3,0.0027401934887090833
17171,39.6,-90.6,0.06478043899557626
17171,39.6,-90.5,0.14573059834179397
17171,39.6,-90.4,0.14573059834179813
17171,39.6,-90.3,0.06369978838384505
17171,39.5,-90.6,0.010811421449456545
17171,39.5,-90.5,0.041936587119946724
17171,39.5,-90.4,0.042597632671704286
17171,39.5,-90.3,0.020760643909329683
17185,38.6,-88.0,0.0018973715170516
17185,38.6,-87.9,0.03285784628546128
17185,38.6,-87.8,0.03164088833727395
17185,38.6,-87.7,0.028954708886492216
17185,38.5,-88.0,0.00237072372523999
17185,38.5,-87.9,0.15971054618853406
17185,38.5,-87.8,0.16312309202734432
17185,38.5,-87.7,0.0945210398193234
17185,38.5,-87.6,0.0006234638581495068
17185,38.4,-88.0,0.024213231441814982
17185,38.4,-87.9,0.16376707020694217
17185,38.4,-87.8,0.13823777708408333
17185,38.4,-87.7,0.007131015744973591
17185,38.3,-88.0,0.024586624246717596
17185,38.3,-87.9,0.10126386881982807
17185,38.3,-87.8,0.022367874699581815
17185,38.2,-88.0,0.002732857111188067
17047,38.6,-88.1,0.031955166779818606
17047,38.6,-88.0,0.032105789748219545
17047,38.5,-88.1,0.16449388862882613
17047,38.5,-88.0,0.1654546799292603
17047,38.5,-87.9,0.00472073839406317
17047,38.4,-88.1,0.16556510030686739
17047,38.4,-88.0,0.14336995859599128
17047,38.4,-87.9,0.0008056782383118619
17047,38.3,-88.2,0.0002519682863743416
17047,38.3,-88.1,0.15777338830957383
17047,38.3,-88.0,0.13296714193567125
17047,38.3,-87.9,0.000536500847022233
39043,41.6,-82.7,0.016670900162044085
39043,41.5,-82.8,0.010854109903835993
39043,41.5,-82.7,0.012499084786142596
39043,41.5,-82.6,0.0001551833221328089
39043,41.4,-82.9,0.005527676644851416
39043,41.4,-82.8,0.13320518788769262
39043,41.4,-82.7,0.1392957227231428
39043,41.4,-82.6,0.09809433851106017
39043,41.4,-82.5,0.0504248998978259
39043,41.4,-82.4,0.0849331715024751
39043,41.4,-82.3,0.0038333320408120396
39043,41.3,-82.8,0.07904630107488744
39043,41.3,-82.7,0.08755624804189269
39043,41.3,-82.6,0.08901928726687303
39043,41.3,-82.5,0.09085944753987624
39043,41.3,-82.4,0.09216845288741488
39043,41.3,-82.3,0.005856655807040253
29201,37.3,-89.5,0.0006346991252828684
29201,37.2,-89.7,0.02307161347490986
29201,37.2,-89.6,0.07236824512025519
29201,37.2,-89.5,0.08017872301369605
29201,37.2,-89.4,0.0023039847712375988
29201,37.1,-89.8,0.017767081477700012
29201,37.1,-89.7,0.08706484118508218
29201,37.1,-89.6,0.08943114190488625
29201,37.1,-89.5,0.08943114190489027
29201,37.1,-89.4,0.04895568717409177
29201,37.0,-89.8,0.0011472086512190987
29201,37.0,-89.7,0.07337551672711784
29201,37.0,-89.6,0.08954703576221111
29201,37.0,-89.5,0.08954703576221257
29201,37.0,-89.4,0.06914974276049775
29201,37.0,-89.3,0.003533129261131736
29201,36.9,-89.7,0.034115316667258
29201,36.9,-89.6,0.07591011877263244
29201,36.9,-89.5,0.04988772302406774
29201,36.9,-89.4,0.002580013459619643
29069,36.6,-90.2,0.014261656605117143
29069,36.6,-90.1,0.056482303831147426
29069,36.6,-90.0,0.050521201455690334
29069,36.5,-90.2,0.024023745800979632
29069,36.5,-90.1,0.06880203317006779
29069,36.5,-90.0,0.06434388297169952
29069,36.4,-90.1,0.03448368322440676
29069,36.4,-90.0,0.060667679450966044
29069,36.3,-90.1,0.023216510069000964
29069,36.3,-90.0,0.0623803005788892
29069,36.2,-90.2,0.028172733040309334
29069,36.2,-90.1,0.06638285267018752
29069,36.2,-90.0,0.06308736792550765
29069,36.1,-90.3,0.03257882900747162
29069,36.1,-90.2,0.0688235966247603
29069,36.1,-90.1,0.0704922152174723
29069,36.1,-90.0,0.06382450643288047
29069,36.0,-90.4,0.0033077048088619057
29069,36.0,-90.3,0.037307183922431694
29069,36.0,-90.2,0.03734953994189585
29069,36.0,-90.1,0.036671066355386826
29069,36.0,-90.0,0.03281940689486966
29129,40.6,-93.8,0.005389293397345661
29129,40.6,-93.7,0.02224205337907701
29129,40.6,-93.6,0.02348752121254761
29129,40.6,-93.5,0.024149909364350373
29129,40.6,-93.4,0.0180808749142944
29129,40.5,-93.8,0.01782032681564114
29129,40.5,-93.7,0.07985667167314368
29129,40.5,-93.6,0.07985667167314399
29129,40.5,-93.5,0.07985667167314667
29129,40.5,-93.4,0.061302856726662
29129,40.4,-93.8,0.011334209032554183
29129,40.4,-93.7,0.07997373797009706
29129,40.4,-93.6,0.07997373797009405
29129,40.4,-93.5,0.07997373797009312
29129,40.4,-93.4,0.06636338486735464
29129,40.3,-93.8,0.009275405702104705
29129,40.3,-93.7,0.06890588413161229
29129,40.3,-93.6,0.06833142468274149
29129,40.3,-93.5,0.06802707687827131
29129,40.3,-93.4,0.0557985499657247
29031,37.6,-89.9,0.003584390713159598
29031,37.6,-89.8,0.030009286828430036
29031,37.6,-89.7,0.028583892230570736
29031,37.6,-89.6,0.023050988574975676
29031,37.6,-89.5,0.003359277661453451
29031,37.5,-89.9,0.007724807208618874
29031,37.5,-89.8,0.06462619378958057
29031,37.5,-89.7,0.06462619378957829
29031,37.5,-89.6,0.0646261937895787
29031,37.5,-89.5,0.03722407566751854
29031,37.4,-89.9,0.008083194422677794
29031,37.4,-89.8,0.06471118160046474
29031,37.4,-89.7,0.06471118160046385
29031,37.4,-89.6,0.0647111816004661
29031,37.4,-89.5,0.06470837416388903
29031,37.4,-89.4,0.013318878849228192
29031,37.3,-89.9,0.008214735088846015
29031,37.3,-89.8,0.06479596982275489
29031,37.3,-89.7,0.06479596982275458
29031,37.3,-89.6,0.06479596982275287
29031,37.3,-89.5,0.032971426083485376
29031,37.3,-89.4,0.0008227652493430793
29031,37.2,-89.9,0.010084134931729619
29031,37.2,-89.8,0.06488055823049763
29031,37.2,-89.7,0.048120779640929534
29031,37.2,-89.6,0.012310512947362922
29031,37.2,-89.5,0.0015402719529962491
29031,37.1,-89.9,0.0025608689059780044
29031,37.1,-89.8,0.014727806879150526
29031,37.1,-89.7,0.0017189381307644485
27167,46.6,-96.8,0.004669419825630909
27167,46.6,-96.7,0.03489231985366082
27167,46.6,-96.6,0.03525966444119692
27167,46.6,-96.5,0.03527783032595899
27167,46.6,-96.4,0.0353424022475375
27167,46.6,-96.3,0.024346809579574028
27167,46.5,-96.8,5.540400996564853e-07
27167,46.5,-96.7,0.036517354227334736
27167,46.5,-96.6,0.04385814822559864
27167,46.5,-96.5,0.04385814822559917
27167,46.5,-96.4,0.04385814822560094
27167,46.5,-96.3,0.030324228842598985
27167,46.4,-96.7,0.01371052385845173
27167,46.4,-96.6,0.04357722841828775
27167,46.4,-96.5,0.043937715954526044
27167,46.4,-96.4,0.043937715954523594
27167,46.4,-96.3,0.030504976282907704
27167,46.3,-96.6,0.022771827416726273
27167,46.3,-96.5,0.04401714592974596
27167,46.3,-96.4,0.044017145929743956
27167,46.3,-96.3,0.03294704218648493
27167,46.2,-96.6,0.016828076799671604
27167,46.2,-96.5,0.04409643792741129
27167,46.2,-96.4,0.044096437927411566
27167,46.2,-96.3,0.03733995187767987
27167,46.1,-96.6,0.005778563970211625
27167,46.1,-96.5,0.04417559172424232
27167,46.1,-96.4,0.044175591724245594
27167,46.1,-96.3,0.03736488912885935
27167,46.0,-96.6,0.002943940788125581
27167,46.0,-96.5,0.01246831644401331
27167,46.0,-96.4,0.012561278686570013
27167,46.0,-96.3,0.010544573009768632
27133,43.8,-96.5,0.002297697512156505
27133,43.8,-96.4,0.07096061750505545
27133,43.8,-96.3,0.07065724205248336
27133,43.8,-96.2,0.07053474681993004
27133,43.8,-96.1,0.06890442375906584
27133,43.7,-96.5,0.0024141571658787293
27133,43.7,-96.4,0.07162953085205204
27133,43.7,-96.3,0.0716295308520451
27133,43.7,-96.2,0.0716295308520438
27133,43.7,-96.1,0.06947401320679483
27133,43.6,-96.5,0.0024145414810582393
27133,43.6,-96.4,0.0717472105553043
27133,43.6,-96.3,0.07174721055530749
27133,43.6,-96.2,0.07174721055530635
27133,43.6,-96.1,0.0692407818358418
27133,43.5,-96.5,0.0011712243466081348
27133,43.5,-96.4,0.03566704589181309
27133,43.5,-96.3,0.03566216972924233
27133,43.5,-96.2,0.03575735456721933
27133,43.5,-96.1,0.03471375990479338
27023,45.2,-96.0,0.0009998852795596906
27023,45.2,-95.9,0.0010402715898073138
27023,45.2,-95.8,0.0009743079174120066
27023,45.2,-95.7,0.0008385169129799849
27023,45.2,-95.6,0.0008002670103431085
27023,45.2,-95.5,0.0009739161484525689
27023,45.2,-95.4,0.0014065379651374786
27023,45.2,-95.3,0.0014699002183920565
27023,45.2,-95.2,4.8914018643243836e-05
27023,45.1,-96.0,0.019565387311030594
27023,45.1,-95.9,0.05473583065198166
27023,45.1,-95.8,0.05744789617665766
27023,45.1,-95.7,0.05744789617666324
27023,45.1,-95.6,0.0574478961766676
27023,45.1,-95.5,0.057447896176665875
27023,45.1,-95.4,0.05744789617666349
27023,45.1,-95.3,0.05744789617666126
27023,45.1,-95.2,0.0018122287995950169
27023,45.0,-95.9,0.008297136631429334
27023,45.0,-95.8,0.049513678456131915
27023,45.0,-95.7,0.05754707544193346
27023,45.0,-95.6,0.05754707544192903
27023,45.0,-95.5,0.05754707544193011
27023,45.0,-95.4,0.0575470754419337
27023,45.0,-95.3,0.05754707544193447
27023,45.0,-95.2,0.0012387271830764871
27023,44.9,-95.8,0.0013187901974435385
27023,44.9,-95.7,0.022710736572451602
27023,44.9,-95.6,0.05310568208130718
27023,44.9,-95.5,0.04984233216356424
27023,44.9,-95.4,0.033990205424054946
27023,44.9,-95.3,0.03383840447899158
27023,44.9,-95.2,0.00047257422208554756
27023,44.8,-95.6,0.004391243973210592
27023,44.8,-95.5,0.024191770523278474
29197,40.6,-92.7,0.023689320162490816
29197,40.6,-92.6,0.04916960128536737
29197,40.6,-92.5,0.052299899512582466
29197,40.6,-92.4,0.05396982131747391
29197,40.5,-92.7,0.051340286396149085
29197,40.5,-92.6,0.11794748894172809
29197,40.5,-92.5,0.11794748894172623
29197,40.5,-92.4,0.11644421780456729
29197,40.4,-92.7,0.043380484772050025
29197,40.4,-92.6,0.11812039466740107
29197,40.4,-92.5,0.11812039466741008
29197,40.4,-92.4,0.11754257398851312
29197,40.4,-92.3,1.599270218835454e-06
29197,40.3,-92.7,0.0025864698045488113
29197,40.3,-92.6,0.007104682107610936
29197,40.3,-92.5,0.005933609087274669
29197,40.3,-92.4,0.0044007399637678605
29197,40.3,-92.3,9.273091194162477e-07
19075,42.6,-93.0,0.0036154611568404746
19075,42.6,-92.9,0.0043538456511679965
19075,42.6,-92.8,0.004120969388216146
19075,42.6,-92.7,0.004099107590699038
19075,42.6,-92.6,0.003927279268579789
19075,42.5,-93.0,0.05052710756360706
19075,42.5,-92.9,0.07023619221578029
19075,42.5,-92.8,0.07023619221578639
19075,42.5,-92.7,0.0702361922157823
19075,42.5,-92.6,0.06779234762704847
19075,42.5,-92.5,0.0021947182152057426
19075,42.4,-93.0,0.036941298461012115
19075,42.4,-92.9,0.07034677153100685
19075,42.4,-92.8,0.07034677153100485
19075,42.4,-92.7,0.07034677153100467
19075,42.4,-92.6,0.070346771531005
19075,42.4,-92.5,0.011336010857700031
19075,42.3,-93.0,0.03668329319562781
19075,42.3,-92.9,0.07045713190283284
19075,42.3,-92.8,0.06457147691500169
19075,42.3,-92.7,0.037457724356299016
19075,42.3,-92.6,0.03740805945594135
19075,42.3,-92.5,0.006123742923700977
19075,42.2,-93.0,0.014797665578691077
19075,42.2,-92.9,0.02826649459373221
19075,42.2,-92.8,0.02323060252672588
19149,42.9,-96.6,5.248936654074067e-06
19149,42.9,-96.5,0.02175991954280369
19149,42.9,-96.4,0.02407321347491353
19149,42.9,-96.3,0.024095597991522038
19149,42.9,-96.2,0.024090708825342907
19149,42.9,-96.1,0.02429772239291895
19149,42.9,-96.0,0.024334156919073903
19149,42.9,-95.9,0.02193717077056301
19149,42.8,-96.6,0.01944355654492306
19149,42.8,-96.5,0.04060049145666558
19149,42.8,-96.4,0.04062135319678778
19149,42.8,-96.3,0.04062135319678593
19149,42.8,-96.2,0.04062135319678514
19149,42.8,-96.1,0.04062135319678717
19149,42.8,-96.0,0.04062135319679571
19149,42.8,-95.9,0.03691613001904094
19149,42.7,-96.6,0.02085188357822727
19149,42.7,-96.5,0.04018579243045562
19149,42.7,-96.4,0.040685992470947764
19149,42.7,-96.3,0.04068599247094924
19149,42.7,-96.2,0.04068599247094947
19149,42.7,-96.1,0.04068599247094855
19149,42.7,-96.0,0.04068599247095273
19149,42.7,-95.9,0.03650984539927753
19149,42.6,-96.5,0.02131644978497085
19149,42.6,-96.4,0.0358251863406992
19149,42.6,-96.3,0.03599248591245427
19149,42.6,-96.2,0.03601706219166585
19149,42.6,-96.1,0.036161870805901504
19149,42.6,-96.0,0.0362519292459626
19149,42.6,-95.9,0.032796849097274136
19117,41.2,-93.6,0.0006843421204760132
19117,41.2,-93.5,0.009026751363407323
19117,41.2,-93.4,0.008771466480156606
19117,41.2,-93.3,0.008847292601235545
19117,41.2,-93.2,0.008964659802868263
19117,41.2,-93.1,0.004578789400832158
19117,41.1,-93.6,0.005899891373001599
19117,41.1,-93.5,0.08290211319928666
19117,41.1,-93.4,0.08290211319928277
19117,41.1,-93.3,0.0829021131992803
19117,41.1,-93.2,0.08290211319928255
19117,41.1,-93.1,0.04260072555025933
19117,41.0,-93.6,0.005639412412932851
19117,41.0,-93.5,0.08302628198196005
19117,41.0,-93.4,0.08302628198196187
19117,41.0,-93.3,0.08302628198196091
19117,41.0,-93.2,0.08302628198196385
19117,41.0,-93.1,0.04291371285049581
19117,40.9,-93.6,0.002849409784122294
19117,40.9,-93.5,0.043342762872182916
19117,40.9,-93.4,0.043457742178114434
19117,40.9,-93.3,0.04322650396341336
19117,40.9,-93.2,0.0431016930397531
19117,40.9,-93.1,0.022381263481769508
19025,42.6,-94.9,0.004047967019967828
19025,42.6,-94.8,0.0059663109727349705
19025,42.6,-94.7,0.005756413051398776
19025,42.6,-94.6,0.00589503884940584
19025,42.6,-94.5,0.005558464526973023
19025,42.6,-94.4,0.00037977887880475536
19025,42.5,-94.9,0.031173069924864336
19025,42.5,-94.8,0.06161178999842283
19025,42.5,-94.7,0.06161178999842437
19025,42.5,-94.6,0.06161178999842013
19025,42.5,-94.5,0.06161178999842027
19025,42.5,-94.4,0.01082557721666796
19025,42.4,-94.9,0.004388042086815338
19025,42.4,-94.8,0.061708791121817486
19025,42.4,-94.7,0.061708791121818526
19025,42.4,-94.6,0.06170879112181984
19025,42.4,-94.5,0.061708791121817645
19025,42.4,-94.4,0.03252111674574792
19025,42.3,-94.9,0.004977727714832484
19025,42.3,-94.8,0.06180560018618649
19025,42.3,-94.7,0.061805600186186624
19025,42.3,-94.6,0.06180560018618606
19025,42.3,-94.5,0.061805600186186985
19025,42.3,-94.4,0.032439691111836366
19025,42.2,-94.9,0.0020874791284038025
19025,42.2,-94.8,0.024969296161937715
19025,42.2,-94.7,0.025057564886817416
19025,42.2,-94.6,0.025076085416965058
19025,42.2,-94.5,0.025169372166557208
19025,42.2,-94.4,0.013206278913561931
19111,40.8,-91.7,0.029352255858072322
19111,40.8,-91.6,0.042858638144006235
19111,40.8,-91.5,0.04253771796968869
19111,40.8,-91.4,0.03723628074947837
19111,40.8,-91.3,0.01290116167885105
19111,40.8,-91.2,4.986971684140492e-06
19111,40.7,-91.7,0.04603509541388788
19111,40.7,-91.6,0.06725624222968743
19111,40.7,-91.5,0.06725624222969373
19111,40.7,-91.4,0.06725624222968317
19111,40.7,-91.3,0.06725624222969012
19111,40.7,-91.2,0.05006892401549159
19111,40.7,-91.1,0.008248619050815052
19111,40.6,-91.7,0.037148121496166614
19111,40.6,-91.6,0.06735554586778343
19111,40.6,-91.5,0.06735554586779562
19111,40.6,-91.4,0.055825035267842715
19111,40.6,-91.3,0.016291358329337088
19111,40.6,-91.2,0.006293392841864695
19111,40.5,-91.7,5.9301985954726344e-05
19111,40.5,-91.6,0.03359834004592571
19111,40.5,-91.5,0.06594080233246756
19111,40.5,-91.4,0.04949228200849148
19111,40.4,-91.5,0.02935263163013184
19111,40.4,-91.4,0.03301899355550871
18117,38.7,-86.7,0.011094744050776392
18117,38.7,-86.6,0.0339091726170551
18117,38.7,-86.5,0.034697448698560056
18117,38.7,-86.4,0.03449873720060268
18117,38.7,-86.3,0.0146327660865366
18117,38.6,-86.7,0.029844305120152678
18117,38.6,-86.6,0.0914707467485226
18117,38.6,-86.5,0.0914707467485216
18117,38.6,-86.4,0.09147074674851789
18117,38.6,-86.3,0.038455109865543166
18117,38.5,-86.7,0.029479648973787992
18117,38.5,-86.6,0.0915959597146289
18117,38.5,-86.5,0.09159595971462695
18117,38.5,-86.4,0.09159595971463588
18117,38.5,-86.3,0.038186243251581896
18117,38.4,-86.7,0.016006661883054073
18117,38.4,-86.6,0.04986073847171268
18117,38.4,-86.5,0.049164936895592204
18117,38.4,-86.4,0.049886723612087375
18117,38.4,-86.3,0.021082643883503286
19163,41.8,-90.9,0.007926268402968019
19163,41.8,-90.8,0.014027700761418493
19163,41.8,-90.7,0.0029483752351936697
19163,41.8,-90.6,0.009779927332887583
19163,41.8,-90.5,0.01385147218890263
19163,41.8,-90.4,0.0016296708435844843
19163,41.7,-90.9,0.03739041192718411
19163,41.7,-90.8,0.07617196607680789
19163,41.7,-90.7,0.07182204676027182
19163,41.7,-90.6,0.07623494507721046
19163,41.7,-90.5,0.07623494507720824
19163,41.7,-90.4,0.0666243014533063
19163,41.7,-90.3,0.01644486483961163
19163,41.6,-90.9,0.020115361249010533
19163,41.6,-90.8,0.0528711805278192
19163,41.6,-90.7,0.07635159939982004
19163,41.6,-90.6,0.07635159939981784
19163,41.6,-90.5,0.0763515993998199
19163,41.6,-90.4,0.06304665975768628
19163,41.6,-90.3,0.004045901214348807
19163,41.5,-90.8,0.02678781287227652
19163,41.5,-90.7,0.07197719649737139
19163,41.5,-90.6,0.038359265740537773
19163,41.5,-90.5,0.02140533200755208
19163,41.5,-90.4,0.0012263467763090116
19163,41.4,-90.8,1.0339097192133272e-05
19163,41.4,-90.7,1.2910083883191715e-05
19131,43.5,-93.0,0.027297103880947977
19131,43.5,-92.9,0.03681680083723555
19131,43.5,-92.8,0.03692374036218898
19131,43.5,-92.7,0.03701177122198376
19131,43.5,-92.6,0.03585175336829163
19131,43.4,-93.0,0.054897700305549885
19131,43.4,-92.9,0.07399471431453956
19131,43.4,-92.8,0.0739947143145433
19131,43.4,-92.7,0.07399471431454158
19131,43.4,-92.6,0.07106824072600132
19131,43.3,-93.0,0.05492722821900833
19131,43.3,-92.9,0.07411499351815275
19131,43.3,-92.8,0.07411499351815029
19131,43.3,-92.7,0.07411499351815336
19131,43.3,-92.6,0.07089144280499239
19131,43.2,-93.0,0.020525312771625344
19131,43.2,-92.9,0.027665426604634908
19131,43.2,-92.8,0.027633994100648963
19131,43.2,-92.7,0.02773595240283589
19131,43.2,-92.6,0.026424408895974173
18125,38.6,-87.2,0.00020843852953042114
18125,38.5,-87.5,0.009295108298802665
18125,38.5,-87.4,0.08988065242735367
18125,38.5,-87.3,0.07985140845135906
18125,38.5,-87.2,0.10035191503991528
18125,38.5,-87.1,0.0640487319255794
18125,38.4,-87.4,0.04981596911026547
18125,38.4,-87.3,0.09818559546238788
18125,38.4,-87.2,0.10975584155256016
18125,38.4,-87.1,0.08452184084680342
18125,38.3,-87.3,0.07328298990060333
18125,38.3,-87.2,0.10990499711998701
18125,38.3,-87.1,0.08491780609633084
18125,38.2,-87.3,0.01075290919669177
18125,38.2,-87.2,0.020580794102543768
18125,38.2,-87.1,0.014645001939285841
18027,38.9,-87.1,0.03451685886113477
18027,38.9,-87.0,0.04495908921497068
18027,38.9,-86.9,0.020980882568404413
18027,38.8,-87.3,0.0009559820551837707
18027,38.8,-87.2,0.06104890120920327
18027,38.8,-87.1,0.08446350381786208
18027,38.8,-87.0,0.08523000502919607
18027,38.8,-86.9,0.028205063176996507
18027,38.7,-87.3,0.009378526563735048
18027,38.7,-87.2,0.0838335608734074
18027,38.7,-87.1,0.08534752453274719
18027,38.7,-87.0,0.08534752453275235
18027,38.7,-86.9,0.022551813637744854
18027,38.6,-87.3,0.0003700078374505138
18027,38.6,-87.2,0.08002307886720186
18027,38.6,-87.1,0.08546478018525291
18027,38.6,-87.0,0.08546478018526517
18027,38.6,-86.9,0.022293453053787295
18027,38.5,-87.2,0.006748585777381869
18027,38.5,-87.1,0.02489481554974123
18027,38.5,-87.0,0.0367892671967399
18027,38.5,-86.9,0.011131995273840784
18123,38.3,-86.7,0.003758430121175079
18123,38.3,-86.6,0.011316689994204857
18123,38.2,-86.8,0.042450988558034336
18123,38.2,-86.7,0.09590561015383488
18123,38.2,-86.6,0.08844758592992125
18123,38.2,-86.5,0.04936322863079599
18123,38.1,-86.8,0.03354044742995439
18123,38.1,-86.7,0.09729994312150712
18123,38.1,-86.6,0.09729994312150367
18123,38.1,-86.5,0.09031328860843728
18123,38.1,-86.4,0.005419099777497558
18123,38.0,-86.8,0.03452250919852474
18123,38.0,-86.7,0.09743073536218147
18123,38.0,-86.6,0.09743073536218701
18123,38.0,-86.5,0.02820016143263137
18123,37.9,-86.8,0.0049855814721167496
18123,37.9,-86.7,0.04637429956173835
18123,37.9,-86.6,0.06160232714884745
18123,37.9,-86.5,0.01200006626201448
18123,37.8,-86.7,0.0007170414380635705
18123,37.8,-86.6,0.001621287314828354
17163,38.7,-90.2,0.0017071368749566325
17163,38.7,-90.1,0.005271516545616739
17163,38.7,-90.0,0.004570475728882251
17163,38.7,-89.9,0.003988297353287123
17163,38.7,-89.8,0.003144014338303489
17163,38.7,-89.7,0.0012108914838990768
17163,38.6,-90.2,0.02814885460993436
17163,38.6,-90.1,0.055403964347308064
17163,38.6,-90.0,0.05540396434730715
17163,38.6,-89.9,0.05540396434730898
17163,38.6,-89.8,0.055403964347310486
17163,38.6,-89.7,0.024300502231340657
17163,38.5,-90.3,0.0013748422776910197
17163,38.5,-90.2,0.04287961932035173
17163,38.5,-90.1,0.05547980602299847
17163,38.5,-90.0,0.055479806022999366
17163,38.5,-89.9,0.05547980602299881
17163,38.5,-89.8,0.055479806023002856
17163,38.5,-89.7,0.025057636650697653
17163,38.4,-90.2,0.0013163274516838543
17163,38.4,-90.1,0.040507430445742426
17163,38.4,-90.0,0.055555476245039134
17163,38.4,-89.9,0.055555476245037844
17163,38.4,-89.8,0.05555547624503453
17163,38.4,-89.7,0.025448704614879514
17163,38.3,-90.1,0.0008144682157848316
17163,38.3,-90.0,0.021484547121165556
17163,38.3,-89.9,0.04352135690961153
17163,38.3,-89.8,0.05563097481044713
17163,38.3,-89.7,0.025763951953889426
17163,38.2,-89.9,0.008966352636981837
17163,38.2,-89.8,0.016775913680946494
17163,38.2,-89.7,0.00791467452756096
17089,42.2,-88.6,0.0009445102504030935
17089,42.2,-88.5,0.002517896373483875
17089,42.2,-88.4,0.0026444791800403155
17089,42.2,-88.3,0.0026153689328574765
17089,42.2,-88.2,0.00030398280347472187
17089,42.1,-88.6,0.02749169132610964
17089,42.1,-88.5,0.0676781655533376
17089,42.1,-88.4,0.06767816555334043
17089,42.1,-88.3,0.06612396028002343
17089,42.1,-88.2,0.006565586297553184
17089,42.0,-88.6,0.03490588202514338
17089,42.0,-88.5,0.06778321233025204
17089,42.0,-88.4,0.06778321233024576
17089,42.0,-88.3,0.058935972263534676
17089,41.9,-88.6,0.03497464781951521
17089,41.9,-88.5,0.06788804829678093
17089,41.9,-88.4,0.06788804829678118
17089,41.9,-88.3,0.059369504275258264
17089,41.8,-88.6,0.03550502431765038
17089,41.8,-88.5,0.06799267316531346
17089,41.8,-88.4,0.06799267316531189
17089,41.8,-88.3,0.05947449709479809
17089,41.7,-88.6,0.010672920833885812
17089,41.7,-88.5,0.019769890441639047
17089,41.7,-88.4,0.018832734025533173
17089,41.7,-88.3,0.015667252767732967
17167,40.0,-89.7,0.0051246822230171605
17167,40.0,-89.6,0.010859795153974046
17167,40.0,-89.5,0.0073505126352217095
17167,39.9,-90.0,0.009635508556543252
17167,39.9,-89.9,0.021592588129382133
17167,39.9,-89.8,0.023006403032385065
17167,39.9,-89.7,0.03494214957710433
17167,39.9,-89.6,0.0418026622126225
17167,39.9,-89.5,0.039445098743700904
17167,39.9,-89.4,0.03119081420564218
17167,39.9,-89.3,0.028069610382421152
17167,39.9,-89.2,0.009032658775629754
17167,39.8,-90.0,0.017131555922881937
17167,39.8,-89.9,0.04186263691173958
17167,39.8,-89.8,0.04186263691173948
17167,39.8,-89.7,0.04186263691173612
17167,39.8,-89.6,0.04186263691173755
17167,39.8,-89.5,0.041862636911738874
17167,39.8,-89.4,0.040046832106979444
17167,39.8,-89.3,0.027051894860177984
17167,39.8,-89.2,0.004337183419530361
17167,39.7,-90.0,0.010891796775541925
17167,39.7,-89.9,0.04192248193551877
17167,39.7,-89.8,0.041922481935519236
17167,39.7,-89.7,0.041922481935518605
17167,39.7,-89.6,0.04192248193552011
17167,39.7,-89.5,0.037821355825706095
17167,39.7,-89.4,0.007550711781331036
17167,39.6,-90.0,0.00042302315841789736
17167,39.6,-89.9,0.03730343053805495
17167,39.6,-89.8,0.041982197122104964
17167,39.6,-89.7,0.0419821971221066
17167,39.6,-89.6,0.04198219712210384
17167,39.6,-89.5,0.00862264444027428
17167,39.5,-89.9,0.008751621588071017
17167,39.5,-89.8,0.011404335493732846
17167,39.5,-89.7,0.011175853349493154
17167,39.5,-89.6,0.010754794579039486
17167,39.5,-89.5,0.001730778866039616
17017,40.1,-90.4,0.03372962500709978
17017,40.1,-90.3,0.03450284779329845
17017,40.1,-90.2,0.008427359758196409
17017,40.1,-90.1,0.029845869779768375
17017,40.1,-90.0,0.029341344917500366
17017,40.0,-90.5,0.03296250934782694
17017,40.0,-90.4,0.08961357032360338
17017,40.0,-90.3,0.09541470937195068
17017,40.0,-90.2,0.095414709371955
17017,40.0,-90.1,0.09541470937195155
17017,40.0,-90.0,0.052606921132826
17017,39.9,-90.6,0.0057399502615914045
17017,39.9,-90.5,0.06512563894019405
17017,39.9,-90.4,0.07137720081851778
17017,39.9,-90.3,0.07241505923564823
17017,39.9,-90.2,0.07338230810284983
17017,39.9,-90.1,0.07377870906667404
17017,39.9,-90.0,0.04090695739854774
17161,41.8,-90.3,0.006781185784204156
17161,41.8,-90.2,0.0014654684815135312
17161,41.7,-90.3,0.05725190563432149
17161,41.7,-90.2,0.01934419887371421
17161,41.6,-90.4,0.013807311036577195
17161,41.6,-90.3,0.0750358356683046
17161,41.6,-90.2,0.06195030684754186
17161,41.5,-90.9,0.00028955094817858157
17161,41.5,-90.8,0.002493000614763952
17161,41.5,-90.7,0.004660385494729081
17161,41.5,-90.6,0.03954767088277082
17161,41.5,-90.5,0.057141755684447064
17161,41.5,-90.4,0.06046494330241444
17161,41.5,-90.3,0.026484934915605843
17161,41.5,-90.2,0.007706844349300312
17161,41.4,-91.1,0.003830239472736133
17161,41.4,-91.0,0.06054676365969954
17161,41.4,-90.9,0.0667602639744974
17161,41.4,-90.8,0.07946515250566162
17161,41.4,-90.7,0.07946248444298368
17161,41.4,-90.6,0.07947588198919887
17161,41.4,-90.5,0.07947588198919842
17161,41.4,-90.4,0.013748894440651437
17161,41.3,-91.1,0.0028111879431446784
17161,41.3,-91.0,0.013774169834748834
17161,41.3,-90.9,0.01433537639132773
17161,41.3,-90.8,0.015945252815802374
17161,41.3,-90.7,0.01697081194620516
17161,41.3,-90.6,0.017623579155458723
17161,41.3,-90.5,0.018351014042625943
17161,41.3,-90.4,0.00299774687767227
17177,42.5,-89.9,0.026483686980942542
17177,42.5,-89.8,0.034623540298827436
17177,42.5,-89.7,0.034430068922017575
17177,42.5,-89.6,0.03343626235974219
17177,42.5,-89.5,0.03224815499899271
17177,42.5,-89.4,0.015663402930346407
17177,42.4,-89.9,0.046482455909218415
17177,42.4,-89.8,0.06253594420483927
17177,42.4,-89.7,0.06253594420484115
17177,42.4,-89.6,0.06253594420484437
17177,42.4,-89.5,0.06253594420483828
17177,42.4,-89.4,0.03214481615312843
17177,42.3,-89.9,0.0448453433263749
17177,42.3,-89.8,0.0626340509111633
17177,42.3,-89.7,0.06263405091116306
17177,42.3,-89.6,0.06263405091116321
17177,42.3,-89.5,0.06263405091116542
17177,42.3,-89.4,0.032879875689988625
17177,42.2,-89.9,0.023299822558686723
17177,42.2,-89.8,0.03267275549434249
17177,42.2,-89.7,0.0320425920214989
17177,42.2,-89.6,0.030950863991451597
17177,42.2,-89.5,0.030850051475486483
17177,42.2,-89.4,0.016266326424936594
17109,40.6,-90.9,0.029997153912194905
17109,40.6,-90.8,0.05289953480879238
17109,40.6,-90.7,0.050738467056928235
17109,40.6,-90.6,0.04974648302211233
17109,40.6,-90.5,0.048600438581909655
17109,40.6,-90.4,0.0017905100595979539
17109,40.5,-90.9,0.03499498349606623
17109,40.5,-90.8,0.06158823204214238
17109,40.5,-90.7,0.061588232042141276
17109,40.5,-90.6,0.06158823204214169
17109,40.5,-90.5,0.06158823204214169
17109,40.5,-90.4,0.0017058044098996177
17109,40.4,-90.9,0.03582771994784191
17109,40.4,-90.8,0.06167851762642477
17109,40.4,-90.7,0.061678517626429626
17109,40.4,-90.6,0.06167851762642708
17109,40.4,-90.5,0.06167851762642599
17109,40.4,-90.4,0.0012347401736953225
17109,40.3,-90.9,0.02425405700332056
17109,40.3,-90.8,0.04228154772376561
17109,40.3,-90.7,0.04352010871773157
17109,40.3,-90.6,0.044213052092958054
17109,40.3,-90.5,0.04485243221031999
17109,40.3,-90.4,0.00027596810859113334
17129,40.2,-89.7,0.0025025938892114037
17129,40.2,-89.6,0.0008264792569007493
17129,40.1,-90.0,0.04168034586020862
17129,40.1,-89.9,0.0963501190421004
17129,40.1,-89.8,0.08889648742120664
17129,40.1,-89.7,0.10800395731725346
17129,40.1,-89.6,0.062176771434225654
17129,40.0,-90.0,0.052066449829421324
17129,40.0,-89.9,0.11605143322875278
17129,40.0,-89.8,0.11605143322875143
17129,40.0,-89.7,0.1018039422911564
17129,40.0,-89.6,0.06111980287861299
17129,39.9,-90.0,0.024952527062054752
17129,39.9,-89.9,0.056187454132420746
17129,39.9,-89.8,0.05225680748130138
17129,39.9,-89.7,0.019073395646421253
17125,40.4,-90.1,4.811055794788127e-05
17125,40.4,-90.0,0.026477761125512263
17125,40.4,-89.9,0.054502361404554805
17125,40.4,-89.8,0.05477401846992263
17125,40.4,-89.7,0.018574357930627016
17125,40.3,-90.1,0.015779974672125167
17125,40.3,-90.0,0.06467768961893362
17125,40.3,-89.9,0.06467890401766119
17125,40.3,-89.8,0.06467890401766271
17125,40.3,-89.7,0.051802236867671436
17125,40.3,-89.6,0.021579535329880932
17125,40.2,-90.3,0.0007186319312753003
17125,40.2,-90.2,0.01880530959807556
17125,40.2,-90.1,0.05952068890379989
17125,40.2,-90.0,0.06477304268936793
17125,40.2,-89.9,0.06477304268936851
17125,40.2,-89.8,0.06477304268936851
17125,40.2,-89.7,0.06337219575531583
17125,40.2,-89.6,0.03033721859365972
17125,40.1,-90.4,6.828827283409449e-05
17125,40.1,-90.3,0.03680791141373095
17125,40.1,-90.2,0.05912942354984779
17125,40.1,-90.1,0.044547166935246324
17125,40.1,-90.0,0.021559753295057642
17125,40.1,-89.9,0.01093423126034444
17125,40.1,-89.8,0.015106461140985466
17125,40.1,-89.7,0.0044109021304922
17125,40.1,-89.6,0.0027888351387302546
39093,41.5,-82.2,0.00888768277096756
39093,41.5,-82.1,0.031213209134995732
39093,41.5,-82.0,0.03584328631863934
39093,41.4,-82.3,0.056298570049529
39093,41.4,-82.2,0.07114565473979699
39093,41.4,-82.1,0.072568117795934
39093,41.4,-82.0,0.057961729355844094
39093,41.4,-81.9,0.00045254086978256967
39093,41.3,-82.3,0.06762071155722511
39093,41.3,-82.2,0.07267797933083285
39093,41.3,-82.1,0.07267797933083218
39093,41.3,-82.0,0.06856734591677385
39093,41.3,-81.9,0.03945176179611411
39093,41.2,-82.3,0.06614711426926918
39093,41.2,-82.2,0.0727876151208372
39093,41.2,-82.1,0.06437527704377949
39093,41.2,-82.0,0.027838967811736517
39093,41.1,-82.3,0.05447002033698719
39093,41.1,-82.2,0.0516345326707004
39093,41.1,-82.1,0.007379903779422607
39061,39.3,-84.8,0.034467773044103846
39061,39.3,-84.7,0.04907722778995184
39061,39.3,-84.6,0.05275306826327841
39061,39.3,-84.5,0.048175323736266415
39061,39.3,-84.4,0.04216621995072638
39061,39.3,-84.3,0.031341801663527916
39061,39.2,-84.8,0.06278350986066263
39061,39.2,-84.7,0.08973622669299038
39061,39.2,-84.6,0.08973622669298761
39061,39.2,-84.5,0.08973622669298562
39061,39.2,-84.4,0.08973622669298675
39061,39.2,-84.3,0.04737005117321576
39061,39.1,-84.8,0.016949102122951844
39061,39.1,-84.7,0.0277825661061945
39061,39.1,-84.6,0.062006761209762284
39061,39.1,-84.5,0.04014839711599622
39061,39.1,-84.4,0.0801809871195784
39061,39.1,-84.3,0.03680409491044854
39061,39.0,-84.4,0.0035973730737301557
39061,39.0,-84.3,0.005450836087654532
39007,42.0,-80.6,0.002668898773833704
39007,42.0,-80.5,0.003564655624198062
39007,41.9,-81.0,0.0018989910305175274
39007,41.9,-80.9,0.01062773116783905
39007,41.9,-80.8,0.026660905829737968
39007,41.9,-80.7,0.038365780644145094
39007,41.9,-80.6,0.04909329964402351
39007,41.9,-80.5,0.015398723171348466
39007,41.8,-81.0,0.026398478138016882
39007,41.8,-80.9,0.05026844494216153
39007,41.8,-80.8,0.050268444942160095
39007,41.8,-80.7,0.050268444942160935
39007,41.8,-80.6,0.05026844494216493
39007,41.8,-80.5,0.01544557862807155
39007,41.7,-81.0,0.026910669685689465
39007,41.7,-80.9,0.0503456400754655
39007,41.7,-80.8,0.05034564007546579
39007,41.7,-80.7,0.0503456400754624
39007,41.7,-80.6,0.05034564007546886
39007,41.7,-80.5,0.015412710924820158
39007,41.6,-81.0,0.026649508635114623
39007,41.6,-80.9,0.050422678716126795
39007,41.6,-80.8,0.05042267871612696
39007,41.6,-80.7,0.050422678716122646
39007,41.6,-80.6,0.050422678716125574
39007,41.6,-80.5,0.015455875954634627
39007,41.5,-81.0,0.012994861632592586
39007,41.5,-80.9,0.02469701456196449
39007,41.5,-80.8,0.02498637503573474
39007,41.5,-80.7,0.025387686253275865
39007,41.5,-80.6,0.02544798805061284
39007,41.5,-80.5,0.007787211678816759
39123,41.7,-82.9,0.00018480161341828284
39123,41.7,-82.8,0.011927496127204763
39123,41.6,-83.4,0.062040841651763594
39123,41.6,-83.3,0.09715137088882299
39123,41.6,-83.2,0.09820155080842578
39123,41.6,-83.1,0.07617313664643577
39123,41.6,-83.0,0.004434287910277341
39123,41.6,-82.9,0.0023639871342532653
39123,41.6,-82.8,0.021947989542617525
39123,41.5,-83.4,0.04335832531495762
39123,41.5,-83.3,0.11821469640965514
39123,41.5,-83.2,0.12458366589645371
39123,41.5,-83.1,0.12557872287570498
39123,41.5,-83.0,0.09228695568223243
39123,41.5,-82.9,0.04610645997274347
39123,41.5,-82.8,0.0589126936854565
39123,41.5,-82.7,0.01653301783957684
29095,39.2,-94.5,7.280510298653933e-05
29095,39.2,-94.4,0.009660883994552946
29095,39.2,-94.3,0.04094387619811954
29095,39.2,-94.2,0.03287918663888203
29095,39.2,-94.1,0.003696768386062972
29095,39.1,-94.6,0.023472339503500396
29095,39.1,-94.5,0.054558067060967746
29095,39.1,-94.4,0.05753064216045878
29095,39.1,-94.3,0.06015367664836961
29095,39.1,-94.2,0.06015367664837242
29095,39.1,-94.1,0.02595714298805795
29095,39.0,-94.6,0.03494002323427713
29095,39.0,-94.5,0.06023752534566884
29095,39.0,-94.4,0.060237525345672234
29095,39.0,-94.3,0.06023752534567095
29095,39.0,-94.2,0.06023752534566869
29095,39.0,-94.1,0.02366932397855705
29095,38.9,-94.6,0.03500275067476101
29095,38.9,-94.5,0.06032118771852754
29095,38.9,-94.4,0.060321187718525515
29095,38.9,-94.3,0.06032118771852742
29095,38.9,-94.2,0.06032118771852808
29095,38.9,-94.1,0.021148305611814425
29095,38.8,-94.6,0.001454319672266537
29095,38.8,-94.5,0.004715486765547565
29095,38.8,-94.4,0.00679644057067079
29095,38.8,-94.3,0.008598594958796085
29095,38.8,-94.2,0.009205492331426847
29095,38.8,-94.1,0.0031553446147623036
29033,39.6,-93.8,0.002788929999791985
29033,39.6,-93.7,0.03228736793569467
29033,39.6,-93.6,0.03300123444640707
29033,39.6,-93.5,0.03367466423030427
29033,39.6,-93.4,0.03412706604709493
29033,39.6,-93.3,0.027439874358004487
29033,39.5,-93.8,0.004739291031771206
29033,39.5,-93.7,0.052569147997085085
29033,39.5,-93.6,0.05256914799708763
29033,39.5,-93.5,0.052569147997087284
29033,39.5,-93.4,0.05256914799708696
29033,39.5,-93.3,0.042094398379501005
29033,39.5,-93.2,0.0023877928387138697
29033,39.4,-93.8,0.004725645695341345
29033,39.4,-93.7,0.05264349071082056
29033,39.4,-93.6,0.05264349071081948
29033,39.4,-93.5,0.05264349071082293
29033,39.4,-93.4,0.05264349071082383
29033,39.4,-93.3,0.05250353356903698
29033,39.4,-93.2,0.032180117600749576
29033,39.4,-93.1,0.007462776770306607
29033,39.3,-93.8,0.004707809641149655
29033,39.3,-93.7,0.052717670471997914
29033,39.3,-93.6,0.05271767047199748
29033,39.3,-93.5,0.04366419040406042
29033,39.3,-93.4,0.0484757998459401
29033,39.3,-93.3,0.02275343134051058
29033,39.3,-93.2,0.0032270337568219634
29033,39.2,-93.8,0.0019357947671762646
29033,39.2,-93.7,0.015921596127067675
29033,39.2,-93.6,0.006563689520361051
29033,39.2,-93.5,0.010687915465010875
29033,39.2,-93.4,0.006082662690681366
29033,39.2,-93.3,0.0002814877628728804
29023,36.9,-90.7,0.009005748555803026
29023,36.9,-90.6,0.04173830683214975
29023,36.9,-90.5,0.041842249465420076
29023,36.9,-90.4,0.04153184728596685
29023,36.9,-90.3,0.039412224016580004
29023,36.9,-90.2,0.001640418971766053
29023,36.8,-90.7,0.0025866730498946932
29023,36.8,-90.6,0.04721208257105019
29023,36.8,-90.5,0.054696320377282205
29023,36.8,-90.4,0.054696320377284315
29023,36.8,-90.3,0.054696320377286146
29023,36.8,-90.2,0.024586919522147026
29023,36.7,-90.6,0.036927770119316104
29023,36.7,-90.5,0.05476642251892115
29023,36.7,-90.4,0.054766422518921214
29023,36.7,-90.3,0.05476642251892169
29023,36.7,-90.2,0.05154728887822562
29023,36.7,-90.1,0.0018529187061642003
29023,36.6,-90.6,0.01935728968631933
29023,36.6,-90.5,0.05483635595449701
29023,36.6,-90.4,0.05483635595449861
29023,36.6,-90.3,0.05483635595449479
29023,36.6,-90.2,0.043671890117057466
29023,36.6,-90.1,0.0008028379772057353
29023,36.5,-90.6,0.007312626540143098
29023,36.5,-90.5,0.028335824587889507
29023,36.5,-90.4,0.02839571224715402
29023,36.5,-90.3,0.028517217859154564
29023,36.5,-90.2,0.010824856458485537
29103,40.3,-92.3,0.03756244867605904
29103,40.3,-92.2,0.03884224927729504
29103,40.3,-92.1,0.0382708871532128
29103,40.3,-92.0,0.03699732968667032
29103,40.3,-91.9,9.646726979287879e-06
29103,40.2,-92.3,0.06986344145010079
29103,40.2,-92.2,0.0720256117737021
29103,40.2,-92.1,0.07202561177370331
29103,40.2,-92.0,0.07168566254393487
29103,40.2,-91.9,0.0008140889075705347
29103,40.1,-92.3,0.06905747882584609
29103,40.1,-92.2,0.0721300677816622
29103,40.1,-92.1,0.07213006778166026
29103,40.1,-92.0,0.07188372796398178
29103,40.1,-91.9,7.14166388406998e-05
29103,40.0,-92.3,0.06591638864262267
29103,40.0,-92.2,0.0694099080200469
29103,40.0,-92.1,0.07057820436645479
29103,40.0,-92.0,0.07062726451724993
29103,39.9,-92.0,9.849749240648104e-05
29171,40.6,-93.4,0.005248581981859094
29171,40.6,-93.3,0.02144591720742412
29171,40.6,-93.2,0.022213008247079245
29171,40.6,-93.1,0.023694845451186174
29171,40.6,-93.0,0.0254486992908336
29171,40.6,-92.9,0.026541011804341295
29171,40.6,-92.8,0.027036965730028402
29171,40.6,-92.7,0.01373044944708938
29171,40.5,-93.4,0.016249256739596454
29171,40.5,-93.3,0.06993772246458967
29171,40.5,-93.2,0.06993772246458832
29171,40.5,-93.1,0.06993772246459025
29171,40.5,-93.0,0.06993772246459257
29171,40.5,-92.9,0.06993772246458904
29171,40.5,-92.8,0.06993772246459348
29171,40.5,-92.7,0.039495169312826435
29171,40.4,-93.4,0.00796419417147226
29171,40.4,-93.3,0.046398706022020564
29171,40.4,-93.2,0.04531828717013128
29171,40.4,-93.1,0.044743662027137976
29171,40.4,-93.0,0.045235672966784345
29171,40.4,-92.9,0.046473432067943576
29171,40.4,-92.8,0.07004024802713618
29171,40.4,-92.7,0.04431751046325006
29171,40.3,-92.9,0.0002853249712830893
29171,40.3,-92.8,0.005213126083002773
29171,40.3,-92.7,0.00327959603003043
29157,37.9,-90.0,0.0009519164992933693
29157,37.9,-89.9,0.022269500613929027
29157,37.9,-89.8,0.018803688847557242
29157,37.8,-90.1,3.354155078508623e-06
29157,37.8,-90.0,0.04938257421010872
29157,37.8,-89.9,0.07794588183079457
29157,37.8,-89.8,0.0777289151725243
29157,37.8,-89.7,0.04809386466074104
29157,37.7,-90.1,0.0312002436435369
29157,37.7,-90.0,0.07804951724158044
29157,37.7,-89.9,0.0780495172415776
29157,37.7,-89.8,0.07804951724157363
29157,37.7,-89.7,0.0777863835169602
29157,37.7,-89.6,0.06158737959000069
29157,37.7,-89.5,0.013511853833925355
29157,37.6,-90.1,0.039115866729614215
29157,37.6,-90.0,0.040435373329414916
29157,37.6,-89.9,0.03988657067076126
29157,37.6,-89.8,0.041814570181332715
29157,37.6,-89.7,0.04354058506891327
29157,37.6,-89.6,0.05024039584093531
29157,37.6,-89.5,0.03155252987984669
29003,40.1,-95.1,0.0006930079149227602
29003,40.1,-95.0,0.061744570171684304
29003,40.1,-94.9,0.06577747169934078
29003,40.1,-94.8,0.06469877733981759
29003,40.1,-94.7,0.06417984980795483
29003,40.1,-94.6,0.02797552605834535
29003,40.0,-95.0,0.04657934579031697
29003,40.0,-94.9,0.08390434473249912
29003,40.0,-94.8,0.08390434473249675
29003,40.0,-94.7,0.0839043447324954
29003,40.0,-94.6,0.03763182423481717
29003,39.9,-95.0,0.020082513657182745
29003,39.9,-94.9,0.07793263694085355
29003,39.9,-94.8,0.08402515679531951
29003,39.9,-94.7,0.08402515679532514
29003,39.9,-94.6,0.03850701985705339
29003,39.8,-94.9,0.013579174123711702
29003,39.8,-94.8,0.024234435757304267
29003,39.8,-94.7,0.024750936483700327
29003,39.8,-94.6,0.01186956237485841
27145,45.8,-95.1,0.005090445113817822
27145,45.8,-95.0,0.005776545838367068
27145,45.8,-94.9,0.00582020080407037
27145,45.8,-94.8,0.005790450539389515
27145,45.8,-94.7,0.005685054937347883
27145,45.8,-94.6,0.005791114467590924
27145,45.8,-94.5,0.005930267991608083
27145,45.8,-94.4,0.0060607425996154875
27145,45.8,-94.3,0.0049654291642303484
27145,45.7,-95.1,0.02152835576276701
27145,45.7,-95.0,0.02404359548869349
27145,45.7,-94.9,0.024043595488694326
27145,45.7,-94.8,0.024043595488693528
27145,45.7,-94.7,0.024043595488693167
27145,45.7,-94.6,0.02404359548869298
27145,45.7,-94.5,0.024043595488693104
27145,45.7,-94.4,0.024043595488692785
27145,45.7,-94.3,0.023771435905823694
27145,45.7,-94.2,0.008319997160008363
27145,45.6,-95.1,0.020887141684371533
27145,45.6,-95.0,0.024085996314889432
27145,45.6,-94.9,0.02408599631489022
27145,45.6,-94.8,0.024085996314890397
27145,45.6,-94.7,0.024085996314888152
27145,45.6,-94.6,0.024085996314888322
27145,45.6,-94.5,0.024085996314887812
27145,45.6,-94.4,0.02408599631488841
27145,45.6,-94.3,0.024085996314890543
27145,45.6,-94.2,0.016150169977099508
27145,45.6,-94.1,7.129628335167433e-05
27145,45.5,-95.1,0.01966218610370001
27145,45.5,-95.0,0.024128321736849596
27145,45.5,-94.9,0.024128321736849378
27145,45.5,-94.8,0.02412832173684989
27145,45.5,-94.7,0.02412832173685151
27145,45.5,-94.6,0.0241283217368511
27145,45.5,-94.5,0.024128321736850446
27145,45.5,-94.4,0.024128321736850675
27145,45.5,-94.3,0.024128321736849225
27145,45.5,-94.2,0.024126765693973668
27145,45.5,-94.1,0.004671297168845757
27145,45.4,-95.1,0.007417294952495019
27145,45.4,-95.0,0.00908809717020855
27145,45.4,-94.9,0.008974578608020332
27145,45.4,-94.8,0.010947494325193987
27145,45.4,-94.7,0.024170571635858045
27145,45.4,-94.6,0.02417057163585845
27145,45.4,-94.5,0.02417057163585798
27145,45.4,-94.4,0.024170571635858427
27145,45.4,-94.3,0.02417057163585946
27145,45.4,-94.2,0.024170571635857743
27145,45.4,-94.1,0.018521663099266644
27145,45.4,-94.0,1.6742639227805284e-05
27145,45.3,-94.8,0.0007576511220861183
27145,45.3,-94.7,0.005841301169156989
27145,45.3,-94.6,0.005870578641324528
27145,45.3,-94.5,0.005808800175260056
27145,45.3,-94.4,0.00926103489412667
27145,45.3,-94.3,0.01564379266680522
27145,45.3,-94.2,0.009465205159145269
27145,45.3,-94.1,0.0032437255317855516
27103,44.5,-94.8,0.001560013113870174
27103,44.5,-94.7,0.004549360968641407
27103,44.5,-94.6,0.0043806223233379725
27103,44.5,-94.5,0.004602899307717382
27103,44.5,-94.4,0.004760454804927299
27103,44.5,-94.3,0.004868358476489738
27103,44.5,-94.2,0.00494198286203181
27103,44.5,-94.1,0.004923711938348318
27103,44.5,-94.0,0.004808033571565211
27103,44.5,-93.9,0.0009731250646954931
27103,44.4,-94.8,0.0008072088886053626
27103,44.4,-94.7,0.020954971944478727
27103,44.4,-94.6,0.049370443535433295
27103,44.4,-94.5,0.06823401818605053
27103,44.4,-94.4,0.07320330441926645
27103,44.4,-94.3,0.07320330441926515
27103,44.4,-94.2,0.07320330441926398
27103,44.4,-94.1,0.07320330441926547
27103,44.4,-94.0,0.07097965021877116
27103,44.4,-93.9,0.004945308823087079
27103,44.3,-94.5,0.0033340931926770473
27103,44.3,-94.4,0.052725469065559964
27103,44.3,-94.3,0.07239079174517439
27103,44.3,-94.2,0.07332658980526584
27103,44.3,-94.1,0.0733265898052673
27103,44.3,-94.0,0.05141835437185631
27103,44.3,-93.9,0.0015452388588873022
27103,44.2,-94.3,0.00885977030596985
27103,44.2,-94.2,0.03490846990039032
27103,44.2,-94.1,0.057305225798825486
27103,44.2,-94.0,0.02238602544501417
27127,44.7,-95.4,0.0018791155535067452
27127,44.7,-95.3,0.009627916593709457
27127,44.7,-95.2,0.0010166464014064894
27127,44.6,-95.4,0.0039985493148946205
27127,44.6,-95.3,0.03863334593891569
27127,44.6,-95.2,0.03282675870392855
27127,44.6,-95.1,0.012861627927940184
27127,44.6,-95.0,0.0005897445557399546
27127,44.5,-95.6,0.015880311527079288
27127,44.5,-95.5,0.03558710413784885
27127,44.5,-95.4,0.03585732094579149
27127,44.5,-95.3,0.03869887281901381
27127,44.5,-95.2,0.038698872819015455
27127,44.5,-95.1,0.03869887281901384
27127,44.5,-95.0,0.03601438059966384
27127,44.5,-94.9,0.022024687570692137
27127,44.4,-95.6,0.017042006009302006
27127,44.4,-95.5,0.038764278791050405
27127,44.4,-95.4,0.0387642787910517
27127,44.4,-95.3,0.03876427879105102
27127,44.4,-95.2,0.03876427879105058
27127,44.4,-95.1,0.03876427879105281
27127,44.4,-95.0,0.038764278791055526
27127,44.4,-94.9,0.03262180417907457
27127,44.3,-95.6,0.016902964965293445
27127,44.3,-95.5,0.0388295636728169
27127,44.3,-95.4,0.03882956367281435
27127,44.3,-95.3,0.0388295636728137
27127,44.3,-95.2,0.038829563672813816
27127,44.3,-95.1,0.03167340681778589
27127,44.3,-95.0,0.026237689399514402
27127,44.3,-94.9,0.02200161649614735
27127,44.2,-95.6,0.00921337784238917
27127,44.2,-95.5,0.02111883589284701
27127,44.2,-95.4,0.021076117163628758
27127,44.2,-95.3,0.02117202720471982
27127,44.2,-95.2,0.021273446596668036
27127,44.2,-95.1,0.008868651766898283
27147,44.2,-93.4,0.020814672598086628
27147,44.2,-93.3,0.03682024633072791
27147,44.2,-93.2,0.036948077085136
27147,44.2,-93.1,0.0370324244688357
27147,44.2,-93.0,0.0015780439203514404
27147,44.1,-93.4,0.044848980274802865
27147,44.1,-93.3,0.07945776198466757
27147,44.1,-93.2,0.07945776198466926
27147,44.1,-93.1,0.07945776198467235
27147,44.1,-93.0,0.0034360837561621073
27147,44.0,-93.4,0.044894287506278635
27147,44.0,-93.3,0.07959016624417777
27147,44.0,-93.2,0.07959016624417534
27147,44.0,-93.1,0.07959016624417514
27147,44.0,-93.0,0.003507639486497841
27147,43.9,-93.4,0.04511501315630655
27147,43.9,-93.3,0.07972232206531826
27147,43.9,-93.2,0.07972232206532005
27147,43.9,-93.1,0.07972232206531957
27147,43.9,-93.0,0.0036578768937286124
27147,43.8,-93.4,0.0008451380138675843
27147,43.8,-93.3,0.0014719950440366103
27147,43.8,-93.2,0.001395394875605893
27147,43.8,-93.1,0.0012704428809311036
27147,43.8,-93.0,5.293282614920891e-05
27011,45.6,-96.8,0.014950140961154244
27011,45.6,-96.7,0.02272674767824382
27011,45.6,-96.6,0.02259828554205966
27011,45.6,-96.5,0.02251208141642574
27011,45.6,-96.4,0.022503808524593178
27011,45.6,-96.3,0.02251149985079077
27011,45.6,-96.2,0.0019429857685839306
27011,45.5,-96.8,0.006536014242865027
27011,45.5,-96.7,0.06015869274469677
27011,45.5,-96.6,0.06350958969456692
27011,45.5,-96.5,0.0635095896945711
27011,45.5,-96.4,0.06350958969456937
27011,45.5,-96.3,0.0635095896945674
27011,45.5,-96.2,0.005645333867451108
27011,45.4,-96.7,0.01380843188965052
27011,45.4,-96.6,0.03196408633658068
27011,45.4,-96.5,0.05480424099928253
27011,45.4,-96.4,0.06362079816483847
27011,45.4,-96.3,0.06362079816484095
27011,45.4,-96.2,0.04171417300646919
27011,45.4,-96.1,0.012667172116898795
27011,45.3,-96.5,0.0068674972899380885
27011,45.3,-96.4,0.056255354031361914
27011,45.3,-96.3,0.06292927021555475
27011,45.3,-96.2,0.06373180753507195
27011,45.3,-96.1,0.02057591478655968
27011,45.2,-96.3,0.006009618338077495
27011,45.2,-96.2,0.02816292619293058
27011,45.2,-96.1,0.01714396155680542
19195,43.5,-93.5,0.020288196260217974
19195,43.5,-93.4,0.04275997597274203
19195,43.5,-93.3,0.042677566989931415
19195,43.5,-93.2,0.04275762959464073
19195,43.5,-93.1,0.04287492214456272
19195,43.5,-93.0,0.010994112312014572
19195,43.4,-93.5,0.041186267580259235
19195,43.4,-93.4,0.08646418844293777
19195,43.4,-93.3,0.0864641884429325
19195,43.4,-93.2,0.08646418844293702
19195,43.4,-93.1,0.08646418844294286
19195,43.4,-93.0,0.022315213096868677
19195,43.3,-93.5,0.03898102716315137
19195,43.3,-93.4,0.0818792502765712
19195,43.3,-93.3,0.08203476206580244
19195,43.3,-93.2,0.08218458416217916
19195,43.3,-93.1,0.082026786207561
19195,43.3,-93.0,0.021182952401747272
19029,41.5,-95.2,0.0017786343322706427
19029,41.5,-95.1,0.03486038444480041
19029,41.5,-95.0,0.034646761048000414
19029,41.5,-94.9,0.034569323535984214
19029,41.5,-94.8,0.03445111527031693
19029,41.5,-94.7,0.016968926883273745
19029,41.4,-95.2,0.0031547513394287693
19029,41.4,-95.1,0.06346709307454028
19029,41.4,-95.0,0.06346709307453947
19029,41.4,-94.9,0.06346709307453823
19029,41.4,-94.8,0.06346709307453845
19029,41.4,-94.7,0.03143395226345398
19029,41.3,-95.2,0.003377132576741464
19029,41.3,-95.1,0.06356317648517332
19029,41.3,-95.0,0.06356317648517575
19029,41.3,-94.9,0.06356317648517786
19029,41.3,-94.8,0.06356317648518003
19029,41.3,-94.7,0.03162375602656548
19029,41.2,-95.2,0.003230842026268532
19029,41.2,-95.1,0.057954641625398116
19029,41.2,-95.0,0.05821817729862603
19029,41.2,-94.9,0.05828091460169328
19029,41.2,-94.8,0.05835493297927078
19029,41.2,-94.7,0.02897467550904388
17097,42.5,-88.2,0.01696863439491567
17097,42.5,-88.1,0.034409678791627596
17097,42.5,-88.0,0.033715218063430585
17097,42.5,-87.9,0.032905923322329424
17097,42.5,-87.8,0.016188953431578865
17097,42.4,-88.2,0.03652903508914458
17097,42.4,-88.1,0.07504376663005981
17097,42.4,-88.0,0.0750437666300563
17097,42.4,-87.9,0.0750437666300511
17097,42.4,-87.8,0.031520821444627235
17097,42.3,-88.2,0.03653056706094766
17097,42.3,-88.1,0.07516149567161103
17097,42.3,-88.0,0.07516149567161176
17097,42.3,-87.9,0.0751614956716161
17097,42.3,-87.8,0.015460153196725572
17097,42.2,-88.2,0.035513000671415856
17097,42.2,-88.1,0.07224028459094789
17097,42.2,-88.0,0.07253425302860436
17097,42.2,-87.9,0.07300345275069461
17097,42.2,-87.8,0.04186423725800402
29113,39.2,-91.2,0.015139327428985268
29113,39.2,-91.1,0.04382241765464611
29113,39.2,-91.0,0.04322004375821449
29113,39.2,-90.9,0.043319842544681644
29113,39.2,-90.8,0.042928481605876444
29113,39.2,-90.7,0.015465311874041944
29113,39.1,-91.3,0.0060534163433073
29113,39.1,-91.2,0.053939173407320976
29113,39.1,-91.1,0.05789142708265281
29113,39.1,-91.0,0.05789142708265114
29113,39.1,-90.9,0.05789142708264895
29113,39.1,-90.8,0.057891427082648265
29113,39.1,-90.7,0.03209249432858603
29113,39.0,-91.3,0.004465376946637339
29113,39.0,-91.2,0.04294348413891626
29113,39.0,-91.1,0.05797212241194489
29113,39.0,-91.0,0.05797212241194396
29113,39.0,-90.9,0.057972122411946075
29113,39.0,-90.8,0.05797212241194722
29113,39.0,-90.7,0.036386626139675644
29113,38.9,-91.2,0.004102662034079036
29113,38.9,-91.1,0.03142496516684951
29113,38.9,-91.0,0.04436663308026299
29113,38.9,-90.9,0.036221281340144976
29113,38.9,-90.8,0.02808357922409708
29113,38.9,-90.7,0.01257068500529366
29013,38.5,-94.6,0.007408328335330076
29013,38.5,-94.5,0.011121220697105997
29013,38.5,-94.4,0.01024894893178817
29013,38.5,-94.3,0.005941964451139049
29013,38.5,-94.2,0.000837616585671857
29013,38.5,-94.1,0.0010880259630900596
29013,38.4,-94.6,0.027810280061027808
29013,38.4,-94.5,0.04396901181178872
29013,38.4,-94.4,0.04396901181179201
29013,38.4,-94.3,0.04396848243057428
29013,38.4,-94.2,0.043343104828174786
29013,38.4,-94.1,0.036134058795229934
29013,38.3,-94.6,0.02764853702667454
29013,38.3,-94.5,0.04402876464875341
29013,38.3,-94.4,0.04402876464875106
29013,38.3,-94.3,0.044028764648747706
29013,38.3,-94.2,0.04402876464875127
29013,38.3,-94.1,0.03441028378442243
29013,38.2,-94.6,0.027784545251041477
29013,38.2,-94.5,0.044088381468978144
29013,38.2,-94.4,0.04408838146898055
29013,38.2,-94.3,0.0440883814689824
29013,38.2,-94.2,0.044088381468981495
29013,38.2,-94.1,0.03982932610976829
29013,38.2,-94.0,5.771201838075719e-07
29013,38.1,-94.6,0.025578003734047283
29013,38.1,-94.5,0.04080329663767988
29013,38.1,-94.4,0.04185966818458296
29013,38.1,-94.3,0.04304102033065055
29013,38.1,-94.2,0.043524726131201195
29013,38.1,-94.1,0.041100565745236094
29013,38.0,-94.2,0.0028264711254189657
29013,38.0,-94.1,0.0032843396454538083
29205,40.0,-92.3,0.0007621109539278957
29205,40.0,-92.2,0.0028498366803123357
29205,40.0,-92.1,0.0016710153524038824
29205,40.0,-92.0,0.0001564256504812145
29205,39.9,-92.3,0.028596478387309568
29205,39.9,-92.2,0.07298999227499414
29205,39.9,-92.1,0.07298999227499493
29205,39.9,-92.0,0.07287892920079071
29205,39.9,-91.9,0.07218958857350147
29205,39.9,-91.8,0.006110981167361722
29205,39.8,-92.3,0.030961538137672287
29205,39.8,-92.2,0.07309471174962638
29205,39.8,-92.1,0.07309471174962869
29205,39.8,-92.0,0.07309471174962776
29205,39.8,-91.9,0.07309471174962441
29205,39.8,-91.8,0.004358000609067307
29205,39.7,-92.3,0.03404516442878221
29205,39.7,-92.2,0.0699157278309826
29205,39.7,-92.1,0.06473376252460479
29205,39.7,-92.0,0.06588244444588186
29205,39.7,-91.9,0.06651391178474945
29205,39.7,-91.8,0.0025998222612845946
29205,39.6,-92.3,0.016080432010433316
29205,39.6,-92.2,0.021334998451956497
18023,40.4,-86.7,0.03293601963596027
18023,40.4,-86.6,0.07324671280107588
18023,40.4,-86.5,0.07289101757294232
18023,40.4,-86.4,0.07329377627368978
18023,40.4,-86.3,0.0462736954522109
18023,40.4,-86.2,0.001491608952709268
18023,40.3,-86.7,0.040634075114598704
18023,40.3,-86.6,0.08994556092649977
18023,40.3,-86.5,0.08994556092650051
18023,40.3,-86.4,0.08994556092649603
18023,40.3,-86.3,0.08994556092649
18023,40.3,-86.2,0.0065479722754465414
18023,40.2,-86.7,0.029212775097965903
18023,40.2,-86.6,0.06476258449894659
18023,40.2,-86.5,0.06549580360296976
18023,40.2,-86.4,0.06535117512843945
18023,40.2,-86.3,0.06344340684414823
18023,40.2,-86.2,0.0046371330429100495
27053,45.2,-93.7,0.001209684809013402
27053,45.2,-93.6,0.03399521506166065
27053,45.2,-93.5,0.044660587381524314
27053,45.2,-93.4,0.024795634242307026
27053,45.2,-93.3,0.0008650444042494862
27053,45.1,-93.8,0.0023855021412934087
27053,45.1,-93.7,0.04216893548833557
27053,45.1,-93.6,0.055658248273523864
27053,45.1,-93.5,0.055658248273524245
27053,45.1,-93.4,0.05565824827352059
27053,45.1,-93.3,0.03342053527589145
27053,45.0,-93.8,0.009553350986263615
27053,45.0,-93.7,0.05575433785273187
27053,45.0,-93.6,0.055754337852731005
27053,45.0,-93.5,0.05575433785272814
27053,45.0,-93.4,0.05575433785273468
27053,45.0,-93.3,0.0531845627906189
27053,45.0,-93.2,0.02023865215850778
27053,44.9,-93.8,0.005924307872327088
27053,44.9,-93.7,0.03299181636491327
27053,44.9,-93.6,0.032786965346482615
27053,44.9,-93.5,0.04910659950307761
27053,44.9,-93.4,0.05585025307734328
27053,44.9,-93.3,0.05585025307734076
27053,44.9,-93.2,0.030885412400445657
27053,44.8,-93.5,0.01770021921179679
27053,44.8,-93.4,0.0284577739965033
27053,44.8,-93.3,0.02881388116107301
27053,44.8,-93.2,0.005162717017536662
27013,44.3,-94.4,0.001094461819186321
27013,44.3,-94.3,0.0005706872296833089
27013,44.2,-94.4,0.009129960004052284
27013,44.2,-94.3,0.03938949961470857
27013,44.2,-94.2,0.023503956737074647
27013,44.2,-94.1,0.009845515752144155
27013,44.2,-94.0,0.028007581112607014
27013,44.2,-93.9,0.040104463147768096
27013,44.2,-93.8,0.03280245304622177
27013,44.1,-94.4,0.00850361688688351
27013,44.1,-94.3,0.04486744811776604
27013,44.1,-94.2,0.04486744811776391
27013,44.1,-94.1,0.04486744811776307
27013,44.1,-94.0,0.04486744811776197
27013,44.1,-93.9,0.04486744811776224
27013,44.1,-93.8,0.03672505246666327
27013,44.0,-94.4,0.008589349359487157
27013,44.0,-94.3,0.0449422128870656
27013,44.0,-94.2,0.0449422128870667
27013,44.0,-94.1,0.04494221288706691
27013,44.0,-94.0,0.04494221288706933
27013,44.0,-93.9,0.04494221288707062
27013,44.0,-93.8,0.03676789817456421
27013,43.9,-94.4,0.008560003514339158
27013,43.9,-94.3,0.04501683737057586
27013,43.9,-94.2,0.04501683737057493
27013,43.9,-94.1,0.045016837370576164
27013,43.9,-94.0,0.04501683737057353
27013,43.9,-93.9,0.04501683737057234
27013,43.9,-93.8,0.03695673883482351
27013,43.8,-94.4,0.000166938557442406
27013,43.8,-94.3,0.0008959342682513842
27013,43.8,-94.2,0.0009193891601345877
27013,43.8,-94.1,0.0008849337491046063
27013,43.8,-94.0,0.000847091459317154
27013,43.8,-93.9,0.0008493872202839013
27013,43.8,-93.8,0.000752596008229806
27015,44.5,-94.9,0.0038120180323355213
27015,44.5,-94.8,0.009986915117650376
27015,44.4,-94.9,0.008759519752122653
27015,44.4,-94.8,0.05467050596559913
27015,44.4,-94.7,0.03945575726588135
27015,44.4,-94.6,0.01799758058188496
27015,44.4,-94.5,0.0037525973005385184
27015,44.3,-95.1,0.010205088548291046
27015,44.3,-95.0,0.017956732161019322
27015,44.3,-94.9,0.023997614152798795
27015,44.3,-94.8,0.05537317635710922
27015,44.3,-94.7,0.05537317635711037
27015,44.3,-94.6,0.05537317635711042
27015,44.3,-94.5,0.052855408507284186
27015,44.3,-94.4,0.01420184569530257
27015,44.2,-95.1,0.03046976739193401
27015,44.2,-95.0,0.05546610338792843
27015,44.2,-94.9,0.05546610338792617
27015,44.2,-94.8,0.05546610338793037
27015,44.2,-94.7,0.055466103387931766
27015,44.2,-94.6,0.05546610338793013
27015,44.2,-94.5,0.0554661033879261
27015,44.2,-94.4,0.044160576428765565
27015,44.1,-95.1,0.011746899325308457
27015,44.1,-95.0,0.023424117520550843
27015,44.1,-94.9,0.02338665775925622
27015,44.1,-94.8,0.023133798176169063
27015,44.1,-94.7,0.022831537155746755
27015,44.1,-94.6,0.022830468916021553
27015,44.1,-94.5,0.022864312257887095
27015,44.1,-94.4,0.018584132588749025
27073,45.3,-96.5,0.0002340267037781705
27073,45.3,-96.4,0.0050747257083434945
27073,45.3,-96.3,0.0005447311034903943
27073,45.2,-96.5,0.0010304725325919661
27073,45.2,-96.4,0.04333388445809994
27073,45.2,-96.3,0.03925478938147905
27073,45.2,-96.2,0.024217986057547113
27073,45.2,-96.1,0.011311822049785432
27073,45.2,-96.0,0.0003527909541834773
27073,45.1,-96.5,0.000976807055256046
27073,45.1,-96.4,0.043408962383557216
27073,45.1,-96.3,0.04340896238355393
27073,45.1,-96.2,0.04340896238354974
27073,45.1,-96.1,0.043408962383551415
27073,45.1,-96.0,0.02862490207276198
27073,45.1,-95.9,0.002049299594548487
27073,45.0,-96.5,0.0009547173732371668
27073,45.0,-96.4,0.043483904536037836
27073,45.0,-96.3,0.0434839045360412
27073,45.0,-96.2,0.04348390453604344
27073,45.0,-96.1,0.04348390453604132
27073,45.0,-96.0,0.043483904536043935
27073,45.0,-95.9,0.037214395713345005
27073,45.0,-95.8,0.0060702210311855175
27073,44.9,-96.5,0.0008756873841714478
27073,44.9,-96.4,0.04355871070595283
27073,44.9,-96.3,0.043558710705954004
27073,44.9,-96.2,0.043558710705952956
27073,44.9,-96.1,0.04355871070595377
27073,44.9,-96.0,0.04355871070596192
27073,44.9,-95.9,0.043558710705953775
27073,44.9,-95.8,0.024816567028679733
27073,44.9,-95.7,0.002741887923201734
27073,44.8,-96.5,0.0003251103403008512
27073,44.8,-96.4,0.019485265988184553
27073,44.8,-96.3,0.01953792816634652
27073,44.8,-96.2,0.019439441452879565
27073,44.8,-96.1,0.019679372017425104
27073,44.8,-96.0,0.0196480791107362
27073,44.8,-95.9,0.01951550602941224
27073,44.8,-95.8,0.00028194631887947945
19045,42.0,-90.9,0.020210679650375575
19045,42.0,-90.8,0.041541260401269514
19045,42.0,-90.7,0.041461817241099486
19045,42.0,-90.6,0.04142922934659914
19045,42.0,-90.5,0.04158504256056688
19045,42.0,-90.4,0.041743918992035764
19045,42.0,-90.3,0.04177579165103528
19045,42.0,-90.2,0.04025674401445593
19045,42.0,-90.1,0.0014139842988641906
19045,41.9,-90.9,0.024282076056001176
19045,41.9,-90.8,0.050107010177574705
19045,41.9,-90.7,0.05010701017757492
19045,41.9,-90.6,0.05010701017757023
19045,41.9,-90.5,0.05010701017757023
19045,41.9,-90.4,0.050107010177575614
19045,41.9,-90.3,0.0501070101775784
19045,41.9,-90.2,0.04417596467072748
19045,41.8,-90.9,0.019063580728010017
19045,41.8,-90.8,0.040935842769005915
19045,41.8,-90.7,0.04824038374222655
19045,41.8,-90.6,0.043736377420707545
19045,41.8,-90.5,0.041052029338807375
19045,41.8,-90.4,0.049109798603018784
19045,41.8,-90.3,0.045876099525897565
19045,41.8,-90.2,0.019133380685936067
19045,41.7,-90.8,4.15217232987054e-05
19045,41.7,-90.7,0.002909400621038834
19045,41.7,-90.4,0.0063362467294274145
19045,41.7,-90.3,0.0030467681641507417
19147,43.3,-94.9,0.0020012118038226666
19147,43.3,-94.8,0.0032448032251198244
19147,43.3,-94.7,0.0032435493556640695
19147,43.3,-94.6,0.003202239690053929
19147,43.3,-94.5,0.003124143043862283
19147,43.3,-94.4,0.00021091209188582913
19147,43.2,-94.9,0.038934446035445096
19147,43.2,-94.8,0.06122063453551062
19147,43.2,-94.7,0.061220634535512165
19147,43.2,-94.6,0.0612206345355149
19147,43.2,-94.5,0.06122063453551278
19147,43.2,-94.4,0.004350066907142502
19147,43.1,-94.9,0.038987690441359246
19147,43.1,-94.8,0.06131944580380153
19147,43.1,-94.7,0.061319445803795045
19147,43.1,-94.6,0.06131944580379183
19147,43.1,-94.5,0.061319445803794684
19147,43.1,-94.4,0.004466323904530441
19147,43.0,-94.9,0.03917659060013781
19147,43.0,-94.8,0.0614180659802556
19147,43.0,-94.7,0.06141806598025798
19147,43.0,-94.6,0.06141806598025747
19147,43.0,-94.5,0.0614180659802561
19147,43.0,-94.4,0.004429089189116347
19147,42.9,-94.9,0.01588375575589977
19147,42.9,-94.8,0.025092470873902872
19147,42.9,-94.7,0.02523017296259299
19147,42.9,-94.6,0.025203246533523915
19147,42.9,-94.5,0.02560699076422272
19147,42.9,-94.4,0.0017797115434570218
18173,38.2,-87.5,0.008420707626379134
18173,38.2,-87.4,0.04940854639179913
18173,38.2,-87.3,0.07127230159751877
18173,38.2,-87.2,0.07804848865707732
18173,38.2,-87.1,0.07297561857618885
18173,38.2,-87.0,0.016700394800940047
18173,38.1,-87.5,0.020417117581865436
18173,38.1,-87.4,0.09613090309414811
18173,38.1,-87.3,0.0961309030941495
18173,38.1,-87.2,0.09596842863955024
18173,38.1,-87.1,0.07190482627679365
18173,38.1,-87.0,0.009899064343014328
18173,38.0,-87.5,0.003435239353462446
18173,38.0,-87.4,0.096137831660023
18173,38.0,-87.3,0.09626012389131344
18173,38.0,-87.2,0.059630209923032876
18173,38.0,-87.1,0.0012100896645943584
18173,37.9,-87.5,6.725600123822187e-05
18173,37.9,-87.4,0.012442452425384776
18173,37.9,-87.3,0.0432449458432575
18173,37.9,-87.2,0.0002945505582688291
18019,38.6,-85.8,0.035978435794366624
18019,38.6,-85.7,0.05517741553109666
18019,38.6,-85.6,0.05545824556479011
18019,38.6,-85.5,0.04774979758812676
18019,38.6,-85.4,0.010979251428062647
18019,38.5,-86.0,0.017648848154794738
18019,38.5,-85.9,0.06235402172039909
18019,38.5,-85.8,0.09925924131012244
18019,38.5,-85.7,0.0993269267656747
18019,38.5,-85.6,0.09839913983339112
18019,38.5,-85.5,0.07155144053820676
18019,38.5,-85.4,0.007921297389012294
18019,38.4,-86.0,0.01844885246301506
18019,38.4,-85.9,0.04578106365316035
18019,38.4,-85.8,0.06479348729091199
18019,38.4,-85.7,0.09946240111465716
18019,38.4,-85.6,0.023434138990437326
18019,38.3,-85.8,0.02642085471877483
18019,38.3,-85.7,0.059255751140427346
18019,38.3,-85.6,0.0005993890105719835
19063,43.5,-94.9,0.028400041838711726
19063,43.5,-94.8,0.04394657708171515
19063,43.5,-94.7,0.04384466819439755
19063,43.5,-94.6,0.043632968607075245
19063,43.5,-94.5,0.04348263905454115
19063,43.5,-94.4,0.0032143134005719865
19063,43.4,-94.9,0.05547465660413264
19063,43.4,-94.8,0.08635300811148802
19063,43.4,-94.7,0.08635300811149367
19063,43.4,-94.6,0.08635300811149267
19063,43.4,-94.5,0.0863530081114902
19063,43.4,-94.4,0.0064937534855486565
19063,43.3,-94.9,0.052402378850959885
19063,43.3,-94.8,0.08190164664702308
19063,43.3,-94.7,0.08190342100084613
19063,43.3,-94.6,0.08196187841258604
19063,43.3,-94.5,0.08207239317309388
19063,43.3,-94.4,0.005856631202832315
17153,37.3,-89.3,4.1802842379315164e-05
17153,37.3,-89.2,0.11149410929858104
17153,37.3,-89.1,0.15496522958556286
17153,37.3,-89.0,0.10381271899910399
17153,37.3,-88.9,0.02109591268351222
17153,37.2,-89.3,0.018090239383455244
17153,37.2,-89.2,0.18731578182023145
17153,37.2,-89.1,0.16466375810749626
17153,37.2,-89.0,0.05765478475811094
17153,37.2,-88.9,0.009977235771987319
17153,37.1,-89.3,0.014043589533815683
17153,37.1,-89.2,0.12065789480616372
17153,37.1,-89.1,0.03618694240959995
17165,37.9,-88.7,0.03138748659889709
17165,37.9,-88.6,0.05546382445751125
17165,37.9,-88.5,0.055428551830513775
17165,37.9,-88.4,0.042293507147447916
17165,37.8,-88.7,0.055638142597774415
17165,37.8,-88.6,0.0975449381114811
17165,37.8,-88.5,0.09754493811148074
17165,37.8,-88.4,0.07413111898812567
17165,37.7,-88.7,0.056103978913930735
17165,37.7,-88.6,0.09767463206699427
17165,37.7,-88.5,0.09767463206699471
17165,37.7,-88.4,0.07438657314338049
17165,37.6,-88.7,0.029029770504897294
17165,37.6,-88.6,0.049536280993853495
17165,37.6,-88.5,0.0491111266005801
17165,37.6,-88.4,0.03705049786613694
39049,40.1,-83.2,0.027573103929086497
39049,40.1,-83.1,0.06025065184193601
39049,40.1,-83.0,0.05785998530156845
39049,40.1,-82.9,0.05509866985529827
39049,40.1,-82.8,0.04470111848402361
39049,40.0,-83.3,0.0016565281523855978
39049,40.0,-83.2,0.06584277631840403
39049,40.0,-83.1,0.06734040869469966
39049,40.0,-83.0,0.06734040869470034
39049,40.0,-82.9,0.06734040869470537
39049,40.0,-82.8,0.051689528546563245
39049,39.9,-83.3,0.00015947671696194001
39049,39.9,-83.2,0.0633622683380158
39049,39.9,-83.1,0.06743737070199748
39049,39.9,-83.0,0.06743737070199637
39049,39.9,-82.9,0.06743737070199739
39049,39.9,-82.8,0.03359083352684485
39049,39.8,-83.2,0.025454192127373782
39049,39.8,-83.1,0.02901550978337244
39049,39.8,-83.0,0.031212169167002417
39049,39.8,-82.9,0.03443841993402688
39049,39.8,-82.8,0.01376142978703951
29183,39.0,-90.5,0.0021527453847060445
29183,39.0,-90.4,0.005701982132149049
29183,38.9,-91.0,0.002339337217991469
29183,38.9,-90.9,0.023601327718390075
29183,38.9,-90.8,0.032398791558005964
29183,38.9,-90.7,0.04636342031822321
29183,38.9,-90.6,0.020001116313970974
29183,38.9,-90.5,0.04110899824769352
29183,38.9,-90.4,0.06228302002028995
29183,38.9,-90.3,0.03207289627153829
29183,38.9,-90.2,0.02689175066462494
29183,38.9,-90.1,0.0018155795524232956
29183,38.8,-91.0,0.0071446623452396715
29183,38.8,-90.9,0.06284608815842199
29183,38.8,-90.8,0.06284608815841808
29183,38.8,-90.7,0.0628460881584217
29183,38.8,-90.6,0.06284608815842564
29183,38.8,-90.5,0.05276290136552023
29183,38.8,-90.4,0.01463311299430966
29183,38.8,-90.3,0.00016893024558080273
29183,38.8,-90.2,0.012626781295830032
29183,38.8,-90.1,0.006857009774196666
29183,38.7,-91.0,0.008190993668229745
29183,38.7,-90.9,0.0629327435690181
29183,38.7,-90.8,0.06293274356902118
29183,38.7,-90.7,0.05472125495020488
29183,38.7,-90.6,0.04083560168839014
29183,38.7,-90.5,0.00952777006656904
29183,38.6,-91.0,0.008785061960676546
29183,38.6,-90.9,0.06176019929716368
29183,38.6,-90.8,0.039269876225760086
29183,38.6,-90.7,0.0030493002298793317
29183,38.5,-91.0,0.0005973116262707559
29183,38.5,-90.9,0.005088427094445281
29195,39.4,-93.2,0.01225563584147915
29195,39.4,-93.1,0.010400597234910844
29195,39.3,-93.5,0.0053387988251789855
29195,39.3,-93.4,0.003879499455513838
29195,39.3,-93.3,0.027404477798401057
29195,39.3,-93.2,0.04526278972538429
29195,39.3,-93.1,0.04535807138907319
29195,39.3,-93.0,0.029893087441046653
29195,39.3,-92.9,0.0025537944752893433
29195,39.2,-93.5,0.015774664494097666
29195,39.2,-93.4,0.04271880277882493
29195,39.2,-93.3,0.048024399520866665
29195,39.2,-93.2,0.04828184056965823
29195,39.2,-93.1,0.04828184056965604
29195,39.2,-93.0,0.0482818405696534
29195,39.2,-92.9,0.030753860637421925
29195,39.2,-92.8,2.9427184579762876e-05
29195,39.1,-93.5,0.01835721281890206
29195,39.1,-93.4,0.048349384748352334
29195,39.1,-93.3,0.04834938474834974
29195,39.1,-93.2,0.048349384748349516
29195,39.1,-93.1,0.048349384748350904
29195,39.1,-93.0,0.04833508808145967
29195,39.1,-92.9,0.01113130875691631
29195,39.0,-93.5,0.02090414336087127
29195,39.0,-93.4,0.048416779347519104
29195,39.0,-93.3,0.048416779347516585
29195,39.0,-93.2,0.04841677934751734
29195,39.0,-93.1,0.04841677934751834
29195,39.0,-93.0,0.018612525256755073
29195,38.9,-93.5,0.0017866436243228416
29195,38.9,-93.4,0.005146712499350042
29195,38.9,-93.3,0.0067864646514972276
29195,38.9,-93.2,0.0080845070741425
29195,38.9,-93.1,0.009287879462388224
29195,38.9,-93.0,9.429518884952704e-06
29143,36.9,-89.7,0.002968961399825785
29143,36.9,-89.6,0.00840484524440403
29143,36.9,-89.5,0.0032410804947909087
29143,36.8,-89.7,0.028924639060964694
29143,36.8,-89.6,0.054867714494623965
29143,36.8,-89.5,0.0441814969087
29143,36.8,-89.4,0.0022961031216979936
29143,36.7,-89.7,0.02827012981010438
29143,36.7,-89.6,0.054938036305415265
29143,36.7,-89.5,0.05493803630541213
29143,36.7,-89.4,0.037729624360606034
29143,36.7,-89.3,0.0004585205229090491
29143,36.6,-90.0,0.0041892670878694626
29143,36.6,-89.9,0.042975865980856266
29143,36.6,-89.8,0.04266966939637422
29143,36.6,-89.7,0.04892941330410064
29143,36.6,-89.6,0.05269037711309062
29143,36.6,-89.5,0.04375943604050768
29143,36.6,-89.4,0.04086524323829441
29143,36.6,-89.3,0.0020274174196312873
29143,36.5,-90.0,0.004549952053708028
29143,36.5,-89.9,0.05507817203690149
29143,36.5,-89.8,0.0550781720369012
29143,36.5,-89.7,0.05507817203690211
29143,36.5,-89.6,0.052464443103619966
29143,36.5,-89.5,0.021735585129955208
29143,36.5,-89.4,0.015810303535810775
29143,36.4,-90.0,0.005135845899171568
29143,36.4,-89.9,0.03485958608260479
29143,36.4,-89.8,0.034947798235067974
29143,36.4,-89.7,0.02046368751965489
29143,36.4,-89.6,0.031434024264263324
29143,36.4,-89.5,0.012658884792055703
29143,36.3,-89.5,0.001379495663204179
27173,44.9,-95.8,0.0180872023792721
27173,44.9,-95.7,0.02411139444179448
27173,44.9,-95.6,0.003496862352162878
27173,44.8,-96.5,0.0004044035253075449
27173,44.8,-96.4,0.02461291647421937
27173,44.8,-96.3,0.024559240656921284
27173,44.8,-96.2,0.024659623038027143
27173,44.8,-96.1,0.024415074301238484
27173,44.8,-96.0,0.024446969532329887
27173,44.8,-95.9,0.024582094374095472
27173,44.8,-95.8,0.04418586073896249
27173,44.8,-95.7,0.044473233947349526
27173,44.8,-95.6,0.04109124105338434
27173,44.8,-95.5,0.011322869221089403
27173,44.7,-96.5,0.0006701296589410824
27173,44.7,-96.4,0.04454920214467209
27173,44.7,-96.3,0.0445492021446737
27173,44.7,-96.2,0.04454920214467299
27173,44.7,-96.1,0.04454920214467512
27173,44.7,-96.0,0.044549202144682956
27173,44.7,-95.9,0.044549202144675136
27173,44.7,-95.8,0.04454920214467298
27173,44.7,-95.7,0.044549202144673714
27173,44.7,-95.6,0.044549202144672055
27173,44.7,-95.5,0.04405152799843245
27173,44.7,-95.4,0.02927511671726221
27173,44.6,-96.5,0.0001445518325516051
27173,44.6,-96.4,0.0084458161013998
27173,44.6,-96.3,0.00854067045748332
27173,44.6,-96.2,0.00838098068551749
27173,44.6,-96.1,0.008669432348240485
27173,44.6,-96.0,0.008744460560725425
27173,44.6,-95.9,0.008593644058754268
27173,44.6,-95.8,0.008675756962834031
27173,44.6,-95.7,0.00882591774841246
27173,44.6,-95.6,0.028234272179019873
27173,44.6,-95.5,0.04462503110451741
27173,44.6,-95.4,0.04000634268358095
27173,44.5,-95.6,0.0018479164312908247
27173,44.5,-95.5,0.0035943760710420063
27173,44.5,-95.4,0.003282251061769162
29037,38.8,-94.6,0.02963926323406861
29037,38.8,-94.5,0.04885988406904576
29037,38.8,-94.4,0.04703412244789976
29037,38.8,-94.3,0.04545297042562839
29037,38.8,-94.2,0.04492049828319195
29037,38.8,-94.1,0.012590008310152043
29037,38.7,-94.6,0.03199269079418143
29037,38.7,-94.5,0.05307017489302475
29037,38.7,-94.4,0.053070174893024694
29037,38.7,-94.3,0.05307017489302618
29037,38.7,-94.2,0.05307017489302589
29037,38.7,-94.1,0.012496060121724646
29037,38.6,-94.6,0.03287376462275652
29037,38.6,-94.5,0.05314308594721545
29037,38.6,-94.4,0.05314308594721703
29037,38.6,-94.3,0.053143085947215625
29037,38.6,-94.2,0.0531430859472149
29037,38.6,-94.1,0.022061150162792875
29037,38.5,-94.6,0.024349739923180506
29037,38.5,-94.5,0.039737426011153536
29037,38.5,-94.4,0.04079457917363687
29037,38.5,-94.3,0.04601444578578555
29037,38.5,-94.2,0.05220068005699582
29037,38.5,-94.1,0.043219721267619415
29037,38.4,-94.3,6.41585630275948e-07
29037,38.4,-94.2,0.0007585704059914251
29037,38.4,-94.1,0.0001507399576000557
29041,39.7,-93.3,0.007348398249757412
29041,39.7,-93.2,0.026027730701945147
29041,39.7,-93.1,0.026725632973226675
29041,39.7,-93.0,0.025699764761110185
29041,39.7,-92.9,0.02443962608058641
29041,39.7,-92.8,0.02385410058410703
29041,39.7,-92.7,0.014004733112596196
29041,39.6,-93.3,0.009870918354157161
29041,39.6,-93.2,0.04802307846674727
29041,39.6,-93.1,0.048023078466747575
29041,39.6,-93.0,0.04802307846674719
29041,39.6,-92.9,0.048023078466745736
29041,39.6,-92.8,0.04802307846674408
29041,39.6,-92.7,0.02618271786547214
29041,39.5,-93.3,0.009582496394799677
29041,39.5,-93.2,0.04590684001496138
29041,39.5,-93.1,0.04809123745679364
29041,39.5,-93.0,0.04809123745679364
29041,39.5,-92.9,0.048091237456794826
29041,39.5,-92.8,0.04809123745679711
29041,39.5,-92.7,0.023618252956590733
29041,39.4,-93.3,0.000128035404712766
29041,39.4,-93.2,0.006461344968697357
29041,39.4,-93.1,0.030928766856204538
29041,39.4,-93.0,0.04815924755845399
29041,39.4,-92.9,0.048159247558453626
29041,39.4,-92.8,0.04815924755845322
29041,39.4,-92.7,0.0220394305452551
29041,39.3,-93.1,0.002856843414191794
29041,39.3,-93.0,0.018325984873343738
29041,39.3,-92.9,0.045672627566392156
29041,39.3,-92.8,0.020610137607089435
29041,39.3,-92.7,0.0047890541711053105
29041,39.2,-92.9,0.007173879841332529
29041,39.2,-92.8,0.0007945978660931684
29207,37.1,-90.0,0.004085579492641881
29207,37.1,-89.9,0.03521857927649609
29207,37.1,-89.8,0.02640730325791253
29207,37.0,-90.2,0.012119248119699857
29207,37.0,-90.1,0.041778295217878826
29207,37.0,-90.0,0.043625219224357865
29207,37.0,-89.9,0.046014999808887846
29207,37.0,-89.8,0.045425490559172284
29207,37.0,-89.7,0.008309961786845203
29207,36.9,-90.3,0.0009071707538280623
29207,36.9,-90.2,0.042418459933561733
29207,36.9,-90.1,0.0460744116692974
29207,36.9,-90.0,0.046074411669300076
29207,36.9,-89.9,0.046074411669298466
29207,36.9,-89.8,0.0460744116692959
29207,36.9,-89.7,0.02604742605569181
29207,36.8,-90.2,0.02539581275477526
29207,36.8,-90.1,0.04613368154881746
29207,36.8,-90.0,0.0461336815488178
29207,36.8,-89.9,0.04613368154881996
29207,36.8,-89.8,0.04613368154881991
29207,36.8,-89.7,0.021813366776388256
29207,36.7,-90.2,0.002715182396522139
29207,36.7,-90.1,0.04462996263170157
29207,36.7,-90.0,0.046192809290057195
29207,36.7,-89.9,0.04619280929005603
29207,36.7,-89.8,0.04619280929005661
29207,36.7,-89.7,0.022422816717633208
29207,36.6,-90.1,0.008280518693090398
29207,36.6,-90.0,0.009371263552344983
29207,36.6,-89.9,0.010116976041443394
29207,36.6,-89.8,0.010374431192438657
29207,36.6,-89.7,0.0051111350140513505
27171,45.4,-94.1,0.008878931906694183
27171,45.4,-94.0,0.0229430822811189
27171,45.4,-93.9,0.008293187312007374
27171,45.3,-94.3,0.0027850925547648966
27171,45.3,-94.2,0.0286991243762968
27171,45.3,-94.1,0.04080629674123718
27171,45.3,-94.0,0.047118676829276854
27171,45.3,-93.9,0.04572018331893316
27171,45.3,-93.8,0.030148509691964906
27171,45.3,-93.7,0.022935755532785092
27171,45.3,-93.6,0.02033400615995989
27171,45.3,-93.5,0.000703823608227513
27171,45.2,-94.3,0.003066955279109748
27171,45.2,-94.2,0.047200601677483627
27171,45.2,-94.1,0.047200601677481635
27171,45.2,-94.0,0.04720060167748076
27171,45.2,-93.9,0.047200601677480684
27171,45.2,-93.8,0.04720060167748571
27171,45.2,-93.7,0.046172959284430715
27171,45.2,-93.6,0.01832124079120754
27171,45.2,-93.5,0.0029677300422588375
27171,45.1,-94.3,0.0028213940001004046
27171,45.1,-94.2,0.04728237886635852
27171,45.1,-94.1,0.047282378866357166
27171,45.1,-94.0,0.04728237886635738
27171,45.1,-93.9,0.047282378866356424
27171,45.1,-93.8,0.045255864925842444
27171,45.1,-93.7,0.011459340125503108
27171,45.0,-94.3,0.0020240300414204877
27171,45.0,-94.2,0.033540339872145906
27171,45.0,-94.1,0.03373238021486352
27171,45.0,-94.0,0.033857658336985196
27171,45.0,-93.9,0.03401949000989469
27171,45.0,-93.8,0.028261422910128675
29087,40.3,-95.6,7.980167644303893e-05
29087,40.3,-95.5,0.009442491559186262
29087,40.3,-95.4,0.010210521401500576
29087,40.3,-95.3,0.009879710074041977
29087,40.3,-95.2,0.0093563294815717
29087,40.3,-95.1,0.006484024607509913
29087,40.2,-95.5,0.016425145750584513
29087,40.2,-95.4,0.0761180998218459
29087,40.2,-95.3,0.07760156756306079
29087,40.2,-95.2,0.07760156756306129
29087,40.2,-95.1,0.06478353605014839
29087,40.1,-95.4,0.047981221291814286
29087,40.1,-95.3,0.07771411016783446
29087,40.1,-95.2,0.07771411016783135
29087,40.1,-95.1,0.07603831042299412
29087,40.1,-95.0,0.00482474135763311
29087,40.0,-95.4,0.010172505591788308
29087,40.0,-95.3,0.04621955620425155
29087,40.0,-95.2,0.07782641191130373
29087,40.0,-95.1,0.0778264119113052
29087,40.0,-95.0,0.034621219574795886
29087,39.9,-95.3,1.127792802360854e-05
29087,39.9,-95.2,0.02178136099499975
29087,39.9,-95.1,0.061910692879563134
29087,39.9,-95.0,0.027375274046907195
27107,47.5,-96.9,0.001402325571403968
27107,47.5,-96.8,0.0180697348968771
27107,47.5,-96.7,0.01803222495559145
27107,47.5,-96.6,0.018158164468190408
27107,47.5,-96.5,0.01813175889946623
27107,47.5,-96.4,0.01820209620708905
27107,47.5,-96.3,0.018313161874953434
27107,47.5,-96.2,0.018347190104263916
27107,47.5,-96.1,0.015033515837776127
27107,47.4,-96.9,0.0016457706140612777
27107,47.4,-96.8,0.035757247729986875
27107,47.4,-96.7,0.03695846272242927
27107,47.4,-96.6,0.03695846272243076
27107,47.4,-96.5,0.03695846272242939
27107,47.4,-96.4,0.036958462722426165
27107,47.4,-96.3,0.03695846272242646
27107,47.4,-96.2,0.03695846272242762
27107,47.4,-96.1,0.030575680664146013
27107,47.3,-96.8,0.033234358468367774
27107,47.3,-96.7,0.03702768922599471
27107,47.3,-96.6,0.03702768922599441
27107,47.3,-96.5,0.03702768922599446
27107,47.3,-96.4,0.03702768922599748
27107,47.3,-96.3,0.037027689225997126
27107,47.3,-96.2,0.03702768922599482
27107,47.3,-96.1,0.030837551128543667
27107,47.2,-96.8,0.030288714949387337
27107,47.2,-96.7,0.03662908486276424
27107,47.2,-96.6,0.0365891446931521
27107,47.2,-96.5,0.03663456782497278
27107,47.2,-96.4,0.036658414033289004
27107,47.2,-96.3,0.03662457059410193
27107,47.2,-96.2,0.036644130853688416
27107,47.2,-96.1,0.030273679077384184
18179,40.9,-85.3,0.056091549933706776
18179,40.9,-85.2,0.06512922593938522
18179,40.9,-85.1,0.050421919703666856
18179,40.8,-85.3,0.08343761841872369
18179,40.8,-85.2,0.09773926310767339
18179,40.8,-85.1,0.07654443640923113
18179,40.7,-85.4,0.0038445377738044744
18179,40.7,-85.3,0.08377889539218358
18179,40.7,-85.2,0.09788409237918548
18179,40.7,-85.1,0.07835790160143616
18179,40.6,-85.4,0.07964274744775121
18179,40.6,-85.3,0.08110267100304772
18179,40.6,-85.2,0.08108512132805595
18179,40.6,-85.1,0.06494001956214839
17189,38.5,-89.6,0.012979940283345877
17189,38.5,-89.5,0.01711792248776814
17189,38.5,-89.4,0.03135838949549367
17189,38.5,-89.3,0.03940100903354568
17189,38.5,-89.2,0.037011195540164396
17189,38.5,-89.1,0.0019916573188380454
17189,38.4,-89.7,0.02926059439691399
17189,38.4,-89.6,0.06591229585529862
17189,38.4,-89.5,0.0663912064665519
17189,38.4,-89.4,0.06639120646654842
17189,38.4,-89.3,0.0663912064665583
17189,38.4,-89.2,0.06639120646655185
17189,38.4,-89.1,0.0030969988782881485
17189,38.3,-89.7,0.0356923892122694
17189,38.3,-89.6,0.06648143053055015
17189,38.3,-89.5,0.06648143053055196
17189,38.3,-89.4,0.0664814305305514
17189,38.3,-89.3,0.06648143053056067
17189,38.3,-89.2,0.06648143053055282
17189,38.3,-89.1,0.002505813640200533
17189,38.2,-89.7,0.010871312491566905
17189,38.2,-89.6,0.020571259310847426
17189,38.2,-89.5,0.02197442212186765
17189,38.2,-89.4,0.023442621462098252
17189,38.2,-89.3,0.02399080079781161
17189,38.2,-89.2,0.024178686722032237
17189,38.2,-89.1,0.0006707124326719163
29189,38.9,-90.3,0.018203503199857505
29189,38.8,-90.5,0.011418130429205928
29189,38.8,-90.4,0.054596036958399326
29189,38.8,-90.3,0.07097517666580119
29189,38.8,-90.2,0.050120414057529115
29189,38.8,-90.1,0.007323175625763031
29189,38.7,-90.7,0.00929863246543559
29189,38.7,-90.6,0.025022649415078726
29189,38.7,-90.5,0.06047541968063078
29189,38.7,-90.4,0.07126460008103241
29189,38.7,-90.3,0.05706738715932128
29189,38.7,-90.2,0.006890142358645025
29189,38.6,-90.7,0.0575773302685742
29189,38.6,-90.6,0.0713625077500586
29189,38.6,-90.5,0.07136250775006134
29189,38.6,-90.4,0.07136250775005655
29189,38.6,-90.3,0.030007925060226426
29189,38.5,-90.7,0.05041854478026727
29189,38.5,-90.6,0.04288328482203021
29189,38.5,-90.5,0.03465299883233726
29189,38.5,-90.4,0.05583171451502745
29189,38.5,-90.3,0.05492703226433244
29189,38.4,-90.7,0.00044853868732074807
29189,38.4,-90.3,0.016509839423007634
29099,38.5,-90.7,0.008360146550317948
29099,38.5,-90.6,0.02250458295800856
29099,38.5,-90.5,0.028986009875492075
29099,38.5,-90.4,0.012307573904316872
29099,38.5,-90.3,0.0004972460073695533
29099,38.4,-90.8,2.2765638815643605e-05
29099,38.4,-90.7,0.05134342522350978
29099,38.4,-90.6,0.056352324980627054
29099,38.4,-90.5,0.05635232498062916
29099,38.4,-90.4,0.05553679285089275
29099,38.4,-90.3,0.00200109040998714
29099,38.3,-90.8,0.00668436113250272
29099,38.3,-90.7,0.05642890644444149
29099,38.3,-90.6,0.0564289064444394
29099,38.3,-90.5,0.056428906444434976
29099,38.3,-90.4,0.04495588938810365
29099,38.2,-90.8,0.009446777948994386
29099,38.2,-90.7,0.05500161837751316
29099,38.2,-90.6,0.05650531358413802
29099,38.2,-90.5,0.056505313584139474
29099,38.2,-90.4,0.0540847697883699
29099,38.2,-90.3,0.01295162981542326
29099,38.1,-90.7,0.017148886920715437
29099,38.1,-90.6,0.05159155019665572
29099,38.1,-90.5,0.05658154619505554
29099,38.1,-90.4,0.051749247730754844
29099,38.1,-90.3,0.02854434810263646
29099,38.0,-90.6,0.017139014454995855
29099,38.0,-90.5,0.015156302427659547
29099,38.0,-90.4,0.002402427639059657
27165,44.1,-94.9,0.004300229363276417
27165,44.1,-94.8,0.045588008283566024
27165,44.1,-94.7,0.046012972132803004
27165,44.1,-94.6,0.046014474024331495
27165,44.1,-94.5,0.04596689198146284
27165,44.1,-94.4,0.0371800515206081
27165,44.0,-94.9,0.0072176468471495635
27165,44.0,-94.8,0.07824313271512089
27165,44.0,-94.7,0.07824313271511885
27165,44.0,-94.6,0.07824313271512065
27165,44.0,-94.5,0.07824313271512091
27165,44.0,-94.4,0.06328931627622496
27165,43.9,-94.9,0.0072716757899675705
27165,43.9,-94.8,0.0783730518488647
27165,43.9,-94.7,0.07837305184886938
27165,43.9,-94.6,0.07837305184886773
27165,43.9,-94.5,0.07837305184886914
27165,43.9,-94.4,0.06347032570368992
27165,43.8,-94.9,0.00014004037307482705
27165,43.8,-94.8,0.0014293072485678704
27165,43.8,-94.7,0.0014519474540445293
27165,43.8,-94.6,0.001450743016201142
27165,43.8,-94.5,0.0015053708732045512
27165,43.8,-94.4,0.0012462608558750188
27037,44.9,-93.2,0.00959925048524247
27037,44.9,-93.1,0.038611189987857765
27037,44.9,-93.0,0.010570585802956143
27037,44.8,-93.3,0.02336158638585319
27037,44.8,-93.2,0.05251301095645195
27037,44.8,-93.1,0.057851575797611646
27037,44.8,-93.0,0.029614039844748658
27037,44.8,-92.9,0.012170580368008837
27037,44.8,-92.8,6.721420079554392e-06
27037,44.7,-93.3,0.0415179312842134
27037,44.7,-93.2,0.05795039658340921
27037,44.7,-93.1,0.05795039658340781
27037,44.7,-93.0,0.057950396583408004
27037,44.7,-92.9,0.057851144719221904
27037,44.7,-92.8,0.052221345349874264
27037,44.7,-92.7,0.007016021329313566
27037,44.6,-93.3,0.020898059021012175
27037,44.6,-93.2,0.058049036246616115
27037,44.6,-93.1,0.05804903624661547
27037,44.6,-93.0,0.058049036246616524
27037,44.6,-92.9,0.05804903624661562
27037,44.6,-92.8,0.03839229603691587
27037,44.6,-92.7,0.0021066396048641475
27037,44.5,-93.3,0.014252422271078423
27037,44.5,-93.2,0.04568151357978299
27037,44.5,-93.1,0.04558383532017095
27037,44.5,-93.0,0.022568330689163987
27037,44.5,-92.9,0.009287034615419038
27037,44.5,-92.8,0.0022775503934702886
19107,41.5,-92.4,0.02279972983419542
19107,41.5,-92.3,0.03691897891111658
19107,41.5,-92.2,0.03706046747939024
19107,41.5,-92.1,0.037238662019294544
19107,41.5,-92.0,0.037422669680438364
19107,41.5,-91.9,0.0014686698761731923
19107,41.4,-92.4,0.0380407978216611
19107,41.4,-92.3,0.06182902469779033
19107,41.4,-92.2,0.061829024697787144
19107,41.4,-92.1,0.0618290246977875
19107,41.4,-92.0,0.061829024697787116
19107,41.4,-91.9,0.002119005151604809
19107,41.3,-92.4,0.037749406372811455
19107,41.3,-92.3,0.061922628221773184
19107,41.3,-92.2,0.061922628221775106
19107,41.3,-92.1,0.06192262822177708
19107,41.3,-92.0,0.06192262822177863
19107,41.3,-91.9,0.0024103241601307166
19107,41.2,-92.4,0.032966367908416915
19107,41.2,-92.3,0.05439211713423272
19107,41.2,-92.2,0.05418905357815292
19107,41.2,-92.1,0.05396127776700554
19107,41.2,-92.0,0.053576513933052336
19107,41.2,-91.9,0.002679346694067132
18147,38.2,-87.0,0.03365445577994051
18147,38.2,-86.9,0.050521067298111594
18147,38.2,-86.8,0.02771545845638697
18147,38.1,-87.2,0.00015824937668820134
18147,38.1,-87.1,0.0235960881702446
18147,38.1,-87.0,0.08398941708950028
18147,38.1,-86.9,0.09363106054673913
18147,38.1,-86.8,0.06135532056858807
18147,38.0,-87.2,0.035677368902146775
18147,38.0,-87.1,0.09257829920661835
18147,38.0,-87.0,0.0937569210129927
18147,38.0,-86.9,0.08370886075921849
18147,38.0,-86.8,0.03420569936078687
18147,37.9,-87.3,0.010928623402535595
18147,37.9,-87.2,0.09154097906798282
18147,37.9,-87.1,0.09388185157255212
18147,37.9,-87.0,0.029890473671310827
18147,37.9,-86.9,0.005881035465180727
18147,37.8,-87.2,0.0052487078299573485
18147,37.8,-87.1,0.04808006246251807
18029,39.3,-85.1,0.014515571510878546
18029,39.3,-85.0,0.0682810093427126
18029,39.3,-84.9,0.06721054731320132
18029,39.3,-84.8,0.020267013616779544
18029,39.2,-85.1,0.04334127758597747
18029,39.2,-85.0,0.12044125346714364
18029,39.2,-84.9,0.12044125346713688
18029,39.2,-84.8,0.036175122570482686
18029,39.1,-85.1,0.06534293534733521
18029,39.1,-85.0,0.12060974550163375
18029,39.1,-84.9,0.10784735065551615
18029,39.1,-84.8,0.018860633805901663
18029,39.0,-85.1,0.08561134475873951
18029,39.0,-85.0,0.07731808437517623
18029,39.0,-84.9,0.028919374137872794
18029,38.9,-85.1,0.004817482543512
17111,42.5,-88.7,0.01449993036246392
17111,42.5,-88.6,0.025949962109032346
17111,42.5,-88.5,0.025847331570051195
17111,42.5,-88.4,0.025758191674762582
17111,42.5,-88.3,0.025894244755089165
17111,42.5,-88.2,0.01347064720458229
17111,42.4,-88.7,0.032274676654461286
17111,42.4,-88.6,0.057763613083275614
17111,42.4,-88.5,0.05776361308327473
17111,42.4,-88.4,0.05776361308327136
17111,42.4,-88.3,0.05776361308327555
17111,42.4,-88.2,0.029646033916484724
17111,42.3,-88.7,0.03215616242530135
17111,42.3,-88.6,0.057854232932336054
17111,42.3,-88.5,0.05785423293233356
17111,42.3,-88.4,0.05785423293233505
17111,42.3,-88.3,0.05785423293233529
17111,42.3,-88.2,0.029735474557324303
17111,42.2,-88.7,0.031060899113387663
17111,42.2,-88.6,0.05589740142728834
17111,42.2,-88.5,0.05578554292994415
17111,42.2,-88.4,0.05567699648001815
17111,42.2,-88.3,0.05570195890638809
17111,42.2,-88.2,0.02817316185098321
39069,41.5,-84.3,0.028040591472920873
39069,41.5,-84.2,0.0306409572628812
39069,41.5,-84.1,0.03082285845735375
39069,41.5,-84.0,0.031428239218127936
39069,41.5,-83.9,0.021357351154485348
39069,41.4,-84.3,0.017507977439576317
39069,41.4,-84.2,0.07075479941971358
39069,41.4,-84.1,0.08543122636993104
39069,41.4,-84.0,0.0854312263699309
39069,41.4,-83.9,0.05703620007577364
39069,41.3,-84.2,0.0662316999628349
39069,41.3,-84.1,0.08556056148214956
39069,41.3,-84.0,0.08556056148215051
39069,41.3,-83.9,0.0573819657486316
39069,41.2,-84.2,0.056013600138082556
39069,41.2,-84.1,0.07153115391659377
39069,41.2,-84.0,0.0710538191239713
39069,41.2,-83.9,0.04821521090489128
18129,38.2,-88.0,0.012037766277705525
18129,38.2,-87.9,0.06502629865206788
18129,38.2,-87.8,0.058541252413102415
18129,38.2,-87.7,0.028255218903117933
18129,38.1,-88.0,0.022858558863451325
18129,38.1,-87.9,0.08640427184585998
18129,38.1,-87.8,0.08958100749336859
18129,38.1,-87.7,0.049139956316438124
18129,38.0,-88.0,0.06580914220123996
18129,38.0,-87.9,0.08970142380931716
18129,38.0,-87.8,0.08970142380931202
18129,38.0,-87.7,0.04618073474594734
18129,37.9,-88.1,0.014641378959502413
18129,37.9,-88.0,0.07935274695059481
18129,37.9,-87.9,0.040208931785739345
18129,37.9,-87.8,0.061889609904168835
18129,37.9,-87.7,0.025198001732744012
18129,37.8,-88.1,0.007918843108600065
18129,37.8,-88.0,0.046041225580657485
18129,37.8,-87.9,0.02151220664706467
27129,44.9,-95.5,0.004647753645059959
27129,44.9,-95.4,0.014088964583745638
27129,44.9,-95.3,0.014179374203006984
27129,44.9,-95.2,0.014184551551354148
27129,44.9,-95.1,0.014250965272444002
27129,44.9,-95.0,0.01434817654004991
27129,44.9,-94.9,0.014500025756861386
27129,44.9,-94.8,0.014487204349883629
27129,44.9,-94.7,0.014425566914940112
27129,44.9,-94.6,0.014408157209746673
27129,44.9,-94.5,0.007542867758143814
27129,44.8,-95.5,0.011227455390066709
27129,44.8,-95.4,0.03439170857542607
27129,44.8,-95.3,0.03439170857542839
27129,44.8,-95.2,0.03439170857543129
27129,44.8,-95.1,0.034391708575431015
27129,44.8,-95.0,0.034391708575429183
27129,44.8,-94.9,0.0343917085754297
27129,44.8,-94.8,0.03439170857543048
27129,44.8,-94.7,0.034391708575429614
27129,44.8,-94.6,0.034391708575428406
27129,44.8,-94.5,0.017922876733728776
27129,44.7,-95.5,0.0003848576477103597
27129,44.7,-95.4,0.010133128370605069
27129,44.7,-95.3,0.025850354385707878
27129,44.7,-95.2,0.0335423400469795
27129,44.7,-95.1,0.034450455733467486
27129,44.7,-95.0,0.03445045573346977
27129,44.7,-94.9,0.03445045573346963
27129,44.7,-94.8,0.034450455733469325
27129,44.7,-94.7,0.0344504557334696
27129,44.7,-94.6,0.01618283545074891
27129,44.7,-94.5,0.005917936277953144
27129,44.6,-95.2,0.005186712848980149
27129,44.6,-95.1,0.0230204930259892
27129,44.6,-95.0,0.03398230804605194
27129,44.6,-94.9,0.034509095217429474
27129,44.6,-94.8,0.034509095217427406
27129,44.6,-94.7,0.034509095217425415
27129,44.6,-94.6,0.007153999670468086
27129,44.5,-95.0,0.0023979128743945527
27129,44.5,-94.9,0.012506402809895964
27129,44.5,-94.8,0.027574169115923988
27129,44.5,-94.7,0.03241572396908099
27129,44.5,-94.6,0.0082319440519863
18175,38.8,-86.3,0.004083665152659616
18175,38.8,-86.2,0.017649282384990774
18175,38.8,-86.1,0.01578655567268023
18175,38.8,-86.0,0.00792682265695225
18175,38.8,-85.9,0.0015924502939020696
18175,38.7,-86.3,0.0403038793970101
18175,38.7,-86.2,0.07217855200498166
18175,38.7,-86.1,0.07217855200498496
18175,38.7,-86.0,0.0721785520049839
18175,38.7,-85.9,0.04344432768580189
18175,38.6,-86.3,0.041891525391351346
18175,38.6,-86.2,0.0722777153170895
18175,38.6,-86.1,0.07227771531709172
18175,38.6,-86.0,0.07227771531708896
18175,38.6,-85.9,0.05280482234525408
18175,38.6,-85.8,0.0003313497542552803
18175,38.5,-86.3,0.04220291643946875
18175,38.5,-86.2,0.07237665522346116
18175,38.5,-86.1,0.07237665522345949
18175,38.5,-86.0,0.05951645064867756
18175,38.5,-85.9,0.02694108524453336
18175,38.5,-85.8,4.932043142858218e-05
18175,38.4,-86.3,0.011558737000798696
18175,38.4,-86.2,0.020583382058366375
18175,38.4,-86.1,0.022429193224134513
18175,38.4,-86.0,0.012782121804593255
29019,39.2,-92.5,0.005302646096110919
29019,39.2,-92.4,0.05059318270479149
29019,39.2,-92.3,0.051356874034428214
29019,39.2,-92.2,0.04957832743181863
29019,39.2,-92.1,0.02141846024780859
29019,39.1,-92.5,0.031132372641779
29019,39.1,-92.4,0.053656685535949794
29019,39.1,-92.3,0.053656685535946796
29019,39.1,-92.2,0.05365668553594918
29019,39.1,-92.1,0.020322336444840973
29019,39.0,-92.6,0.0031505146516134334
29019,39.0,-92.5,0.05212334640739655
29019,39.0,-92.4,0.05373147802468584
29019,39.0,-92.3,0.05373147802468779
29019,39.0,-92.2,0.05371045956203222
29019,39.0,-92.1,0.0058191543289246314
29019,38.9,-92.5,0.019018992585598735
29019,38.9,-92.4,0.05380610431324835
29019,38.9,-92.3,0.053806104313249815
29019,38.9,-92.2,0.050473779676136
29019,38.9,-92.1,0.0002333091173720082
29019,38.8,-92.5,1.057362740420805e-06
29019,38.8,-92.4,0.03102425850883596
29019,38.8,-92.3,0.05388056420078568
29019,38.8,-92.2,0.049524462315082056
29019,38.8,-92.1,0.001286913552451248
29019,38.7,-92.4,0.005870522566272116
29019,38.7,-92.3,0.045505001527625114
29019,38.7,-92.2,0.02142499835363797
29019,38.6,-92.3,0.00037695821562816505
29019,38.6,-92.2,0.0008262861825723557
27027,47.2,-96.8,0.00021917018934121166
27027,47.2,-96.7,0.0003895363219432403
27027,47.2,-96.6,0.0004228005116933844
27027,47.2,-96.5,0.00038496983419429646
27027,47.2,-96.4,0.00036510950796224916
27027,47.2,-96.3,0.00039329603280198727
27027,47.2,-96.2,0.0001988580322258123
27027,47.1,-96.8,0.022728346099896306
27027,47.1,-96.7,0.03095354899821787
27027,47.1,-96.6,0.030953548998216757
27027,47.1,-96.5,0.03095354899821597
27027,47.1,-96.4,0.03095354899821518
27027,47.1,-96.3,0.030953548998214446
27027,47.1,-96.2,0.017217681189653476
27027,47.0,-96.8,0.021710023256039424
27027,47.0,-96.7,0.03101091330529839
27027,47.0,-96.6,0.031010913305298198
27027,47.0,-96.5,0.03101091330529725
27027,47.0,-96.4,0.031010913305296633
27027,47.0,-96.3,0.03101091330529766
27027,47.0,-96.2,0.01906684524169405
27027,46.9,-96.8,0.008139724822313203
27027,46.9,-96.7,0.031068180280454237
27027,46.9,-96.6,0.031068180280454848
27027,46.9,-96.5,0.031068180280455385
27027,46.9,-96.4,0.031068180280455795
27027,46.9,-96.3,0.031068180280456097
27027,46.9,-96.2,0.023456236458102863
27027,46.8,-96.8,0.012441275757061708
27027,46.8,-96.7,0.031125349761669585
27027,46.8,-96.6,0.03112534976166902
27027,46.8,-96.5,0.031125349761669197
27027,46.8,-96.4,0.031125349761670626
27027,46.8,-96.3,0.031125349761668954
27027,46.8,-96.2,0.022952646718501238
27027,46.7,-96.8,0.012054507249453544
27027,46.7,-96.7,0.031182421587370158
27027,46.7,-96.6,0.031182421587371993
27027,46.7,-96.5,0.03118242158737218
27027,46.7,-96.4,0.03118242158736995
27027,46.7,-96.3,0.031182421587371514
27027,46.7,-96.2,0.023644574775011182
27027,46.6,-96.8,0.0025927787837747014
27027,46.6,-96.7,0.006114964827247682
27027,46.6,-96.6,0.006078824972704161
27027,46.6,-96.5,0.006065862171333935
27027,46.6,-96.4,0.0060197849774959525
27027,46.6,-96.3,0.005994202468897479
27027,46.6,-96.2,0.004645910135609064
17003,37.3,-89.5,0.07083751025987443
17003,37.3,-89.4,0.12715154082380212
17003,37.3,-89.3,0.12780689714497834
17003,37.3,-89.2,0.03790307726484816
17003,37.2,-89.5,0.01182652232155041
17003,37.2,-89.4,0.14667215257927108
17003,37.2,-89.3,0.13601696365995286
17003,37.2,-89.2,1.1980149938137251e-05
17003,37.1,-89.4,0.0682284184598868
17003,37.1,-89.3,0.1244316704776316
17003,37.1,-89.2,0.041128812506698496
17003,37.0,-89.4,0.0083204296622527
17003,37.0,-89.3,0.05131892748976067
17003,37.0,-89.2,0.046378864541836526
17003,37.0,-89.1,0.001966232657717738
27163,45.3,-93.0,0.02583876477015499
27163,45.3,-92.9,0.03680848115102439
27163,45.3,-92.8,0.03440994003756018
27163,45.3,-92.7,5.013146637670985e-05
27163,45.2,-93.0,0.055624286637307785
27163,45.2,-92.9,0.07960818948925077
27163,45.2,-92.8,0.07351256743912564
27163,45.2,-92.7,8.290707725673617e-06
27163,45.1,-93.0,0.03511182931792634
27163,45.1,-92.9,0.07974611429775398
27163,45.1,-92.8,0.06380854539969526
27163,45.1,-92.7,0.0013145876161921107
27163,45.0,-93.0,0.027754562868852587
27163,45.0,-92.9,0.0798837896792819
27163,45.0,-92.8,0.06492040372624355
27163,44.9,-93.0,0.03678533375704873
27163,44.9,-92.9,0.08002121524875992
27163,44.9,-92.8,0.06998935047664982
27163,44.8,-93.0,0.03912556237093691
27163,44.8,-92.9,0.06329499283616158
27163,44.8,-92.8,0.05148665749861009
27163,44.7,-92.9,0.00013752209148698124
27163,44.7,-92.8,0.0007588811158741228
29057,37.6,-94.1,0.006007883366236473
29057,37.6,-94.0,0.022563956590204347
29057,37.6,-93.9,0.021525663081205397
29057,37.6,-93.8,0.020368917336365238
29057,37.6,-93.7,0.018364094485102258
29057,37.6,-93.6,0.0057642207882570825
29057,37.5,-94.1,0.020537243332059443
29057,37.5,-94.0,0.07485735565798564
29057,37.5,-93.9,0.07485735565798722
29057,37.5,-93.8,0.07485735565799509
29057,37.5,-93.7,0.07485735565798787
29057,37.5,-93.6,0.02339648552331235
29057,37.4,-94.1,0.02268171115665936
29057,37.4,-94.0,0.07495579813793242
29057,37.4,-93.9,0.07495579813792579
29057,37.4,-93.8,0.07495579813793861
29057,37.4,-93.7,0.07495579813793117
29057,37.4,-93.6,0.02089649589775922
29057,37.3,-94.1,0.014729295851577454
29057,37.3,-94.0,0.04585474293717987
29057,37.3,-93.9,0.047054738270245366
29057,37.3,-93.8,0.04828658133506024
29057,37.3,-93.7,0.04987769300242617
29057,37.3,-93.6,0.012837661862665958
29027,39.1,-92.1,0.005008001755329662
29027,39.1,-92.0,0.005471101926607235
29027,39.1,-91.9,0.005130679923562287
29027,39.1,-91.8,0.004760838150594613
29027,39.1,-91.7,0.004227636440285925
29027,39.1,-91.6,0.0006278516155552475
29027,39.0,-92.2,1.714131118876077e-05
29027,39.0,-92.1,0.03907422078073284
29027,39.0,-92.0,0.04381995013524138
29027,39.0,-91.9,0.04381995013524019
29027,39.0,-91.8,0.04381995013523847
29027,39.0,-91.7,0.043819950135238185
29027,39.0,-91.6,0.005976559236422058
29027,38.9,-92.2,0.0027176304244923627
29027,38.9,-92.1,0.043690538589131196
29027,38.9,-92.0,0.04388081055381582
29027,38.9,-91.9,0.04388081055381762
29027,38.9,-91.8,0.04388081055381914
29027,38.9,-91.7,0.04388081055381846
29027,38.9,-91.6,0.004271274904842458
29027,38.8,-92.2,0.0035525575404353614
29027,38.8,-92.1,0.042892011043898316
29027,38.8,-92.0,0.04394153526638343
29027,38.8,-91.9,0.04394153526638318
29027,38.8,-91.8,0.043941535266383204
29027,38.8,-91.7,0.043941535266381615
29027,38.8,-91.6,0.0026266366765239253
29027,38.7,-92.2,0.02652926845739043
29027,38.7,-92.1,0.04400212410957826
29027,38.7,-92.0,0.044002124109577274
29027,38.7,-91.9,0.04195030388267391
29027,38.7,-91.8,0.030267513684957423
29027,38.7,-91.7,0.02014291596492194
29027,38.7,-91.6,0.0007068701977090623
29027,38.6,-92.2,0.015703054149517663
29027,38.6,-92.1,0.038703679685784656
29027,38.6,-92.0,0.03201189539160838
29027,38.6,-91.9,0.00936638622491797
27139,44.8,-93.6,0.02145809704700982
27139,44.8,-93.5,0.05015265068441851
27139,44.8,-93.4,0.04527843134931282
27139,44.8,-93.3,0.007478321983323826
27139,44.7,-93.7,0.020588142040486115
27139,44.7,-93.6,0.08052526646024098
27139,44.7,-93.5,0.0923113220461779
27139,44.7,-93.4,0.09231132204617658
27139,44.7,-93.3,0.026175879470702716
27139,44.6,-93.9,0.023179429181873497
27139,44.6,-93.8,0.07491265693061888
27139,44.6,-93.7,0.09189168556218327
27139,44.6,-93.6,0.09246844880032445
27139,44.6,-93.5,0.09246844880032178
27139,44.6,-93.4,0.09246844880032591
27139,44.6,-93.3,0.05917916054408474
27139,44.5,-93.9,0.003487862158630608
27139,44.5,-93.8,0.006301176096886851
27139,44.5,-93.7,0.005975065466495168
27139,44.5,-93.6,0.005822861465961482
27139,44.5,-93.5,0.005879283728602667
27139,44.5,-93.4,0.005688465247271599
27139,44.5,-93.3,0.0039975740885697586
19019,42.6,-92.1,0.018074410182913038
19019,42.6,-92.0,0.056604693678115915
19019,42.6,-91.9,0.05684415231610298
19019,42.6,-91.8,0.05743153511056796
19019,42.6,-91.7,0.057314320891329776
19019,42.6,-91.6,0.024100842195546368
19019,42.5,-92.1,0.017693192054043266
19019,42.5,-92.0,0.061514392912434115
19019,42.5,-91.9,0.06151439291243384
19019,42.5,-91.8,0.06151439291243519
19019,42.5,-91.7,0.06151439291244086
19019,42.5,-91.6,0.02675268307188569
19019,42.4,-92.1,0.008966053587396949
19019,42.4,-92.0,0.06161124069461601
19019,42.4,-91.9,0.06161124069461497
19019,42.4,-91.8,0.06161124069461099
19019,42.4,-91.7,0.06161124069460708
19019,42.4,-91.6,0.0322463967993942
19019,42.3,-92.1,0.004793873866513329
19019,42.3,-92.0,0.03243191875033067
19019,42.3,-91.9,0.03202865826872826
19019,42.3,-91.8,0.03187401491260499
19019,42.3,-91.7,0.032906019703168345
19019,42.3,-91.6,0.017434700183165217
19183,41.5,-91.9,0.03683289664811617
19183,41.5,-91.8,0.038617124953446186
19183,41.5,-91.7,0.03838245548324264
19183,41.5,-91.6,0.038185156680716544
19183,41.5,-91.5,0.015604711464566799
19183,41.4,-91.9,0.0606665581998139
19183,41.4,-91.8,0.06281950925112086
19183,41.4,-91.7,0.06281950925111907
19183,41.4,-91.6,0.06281950925112195
19183,41.4,-91.5,0.04027250064569992
19183,41.3,-91.9,0.06046567536573134
19183,41.3,-91.8,0.06291461227870832
19183,41.3,-91.7,0.0629146122787091
19183,41.3,-91.6,0.06291461227870461
19183,41.3,-91.5,0.04094961268485723
19183,41.2,-91.9,0.05237768242025109
19183,41.2,-91.8,0.05555009964441509
19183,41.2,-91.7,0.05493425414805576
19183,41.2,-91.6,0.05463559331690026
19183,41.2,-91.5,0.03532331375470316
19153,41.9,-93.8,0.005315582229529507
19153,41.9,-93.7,0.008041603541564668
19153,41.9,-93.6,0.00796053733621844
19153,41.9,-93.5,0.007919690706292734
19153,41.9,-93.4,0.007920121555947362
19153,41.9,-93.3,0.00016065521523495047
19153,41.8,-93.8,0.03916611496554748
19153,41.8,-93.7,0.060252885307211276
19153,41.8,-93.6,0.06025288530721298
19153,41.8,-93.5,0.06025288530721332
19153,41.8,-93.4,0.06025288530721219
19153,41.8,-93.3,0.0011415512836233752
19153,41.7,-93.8,0.03892555183984597
19153,41.7,-93.7,0.06034541312497888
19153,41.7,-93.6,0.06034541312497653
19153,41.7,-93.5,0.06034541312497455
19153,41.7,-93.4,0.06034541312497868
19153,41.7,-93.3,0.0009518151885094576
19153,41.6,-93.8,0.0316294000820883
19153,41.6,-93.7,0.06043775336715783
19153,41.6,-93.6,0.060437753367162006
19153,41.6,-93.5,0.06043775336716152
19153,41.6,-93.4,0.060437753367158606
19153,41.6,-93.3,0.006943775529910002
19153,41.5,-93.8,0.009331935878559641
19153,41.5,-93.7,0.022965918138599578
19153,41.5,-93.6,0.02310335167093505
19153,41.5,-93.5,0.024504906969803435
19153,41.5,-93.4,0.03158892559693013
19153,41.5,-93.3,0.008284355073461524
19127,42.2,-93.2,0.029674417719830565
19127,42.2,-93.1,0.03638941105816493
19127,42.2,-93.0,0.03668035848550255
19127,42.2,-92.9,0.03704179396289031
19127,42.2,-92.8,0.03075229958732465
19127,42.1,-93.2,0.05051054100071431
19127,42.1,-93.1,0.061890352312556164
19127,42.1,-93.0,0.061890352312557184
19127,42.1,-92.9,0.061890352312556546
19127,42.1,-92.8,0.05155614954344208
19127,42.0,-93.2,0.050664371920500266
19127,42.0,-93.1,0.061986415525545346
19127,42.0,-93.0,0.06198641552554334
19127,42.0,-92.9,0.061986415525539976
19127,42.0,-92.8,0.0520481399412031
19127,41.9,-93.2,0.04433351957495649
19127,41.9,-93.1,0.05423726214358638
19127,41.9,-93.0,0.054311201804548605
19127,41.9,-92.9,0.05436845723758202
19127,41.9,-92.8,0.0458017725054552
19049,41.9,-94.3,0.0023846471435957006
19049,41.9,-94.2,0.00797015012543888
19049,41.9,-94.1,0.007937526572074239
19049,41.9,-94.0,0.007892679483160976
19049,41.9,-93.9,0.00798458621567898
19049,41.9,-93.8,0.002763193753355418
19049,41.8,-94.3,0.018451783013336127
19049,41.8,-94.2,0.06024446394115712
19049,41.8,-94.1,0.060244463941156505
19049,41.8,-94.0,0.060244463941157046
19049,41.8,-93.9,0.060244463941160786
19049,41.8,-93.8,0.021083823106682765
19049,41.7,-94.3,0.018365847836609963
19049,41.7,-94.2,0.06033697882659271
19049,41.7,-94.1,0.06033697882659069
19049,41.7,-94.0,0.060336978826587596
19049,41.7,-93.9,0.06033697882658348
19049,41.7,-93.8,0.02141686749501755
19049,41.6,-94.3,0.008840239245939194
19049,41.6,-94.2,0.05776700046683789
19049,41.6,-94.1,0.060429306162651644
19049,41.6,-94.0,0.06042930616265177
19049,41.6,-93.9,0.06042930616265133
19049,41.6,-93.8,0.02880432682747142
19049,41.5,-94.2,0.025747781598922694
19049,41.5,-94.1,0.028342637539531812
19049,41.5,-94.0,0.028305465387172282
19049,41.5,-93.9,0.027758584715876746
19049,41.5,-93.8,0.014569169914356627
19023,42.9,-93.0,0.026090420649697254
19023,42.9,-92.9,0.03456157046148649
19023,42.9,-92.8,0.03447984310158415
19023,42.9,-92.7,0.03441043265792905
19023,42.9,-92.6,0.03291768148934584
19023,42.8,-93.0,0.045641678330904836
19023,42.8,-92.9,0.06031439897147762
19023,42.8,-92.8,0.06031439897148249
19023,42.8,-92.7,0.06031439897147921
19023,42.8,-92.6,0.057647424521961206
19023,42.7,-93.0,0.04601874585273896
19023,42.7,-92.9,0.060410375069371976
19023,42.7,-92.8,0.060410375069369165
19023,42.7,-92.7,0.06041037506937201
19023,42.7,-92.6,0.05768049942344388
19023,42.6,-93.0,0.04329497634301072
19023,42.6,-92.9,0.05674954252931386
19023,42.6,-92.8,0.0569504747206285
19023,42.6,-92.7,0.05696933769457464
19023,42.6,-92.6,0.05441305010082809
19041,43.3,-95.4,0.0012155117772193478
19041,43.3,-95.3,0.0032471709575039188
19041,43.3,-95.2,0.003319011349091772
19041,43.3,-95.1,0.003302385307608952
19041,43.3,-95.0,0.0031830966471150224
19041,43.3,-94.9,0.0011232535347692485
19041,43.2,-95.4,0.023176320240670817
19041,43.2,-95.3,0.060879994947911735
19041,43.2,-95.2,0.06087999494791485
19041,43.2,-95.1,0.060879994947917904
19041,43.2,-95.0,0.06087999494791702
19041,43.2,-94.9,0.02216218524336242
19041,43.1,-95.4,0.023169642951017096
19041,43.1,-95.3,0.06097825641742496
19041,43.1,-95.2,0.060978256417424374
19041,43.1,-95.1,0.060978256417425
19041,43.1,-95.0,0.06097825641742578
19041,43.1,-94.9,0.022207498565777774
19041,43.0,-95.4,0.023546493512347902
19041,43.0,-95.3,0.06107632785837995
19041,43.0,-95.2,0.06107632785837652
19041,43.0,-95.1,0.061076327858374364
19041,43.0,-95.0,0.061076327858374684
19041,43.0,-94.9,0.022117720913039523
19041,42.9,-95.4,0.009376424307297567
19041,42.9,-95.3,0.02445560663176592
19041,42.9,-95.2,0.024542386940288655
19041,42.9,-95.1,0.024573413938107674
19041,42.9,-95.0,0.024640614478924107
19041,42.9,-94.9,0.008902945809225168
18093,39.0,-86.7,0.011276398906233378
18093,39.0,-86.6,0.034620783004547497
18093,39.0,-86.5,0.03435369160624046
18093,39.0,-86.4,0.03373024355776542
18093,39.0,-86.3,0.023647989373759712
18093,38.9,-86.7,0.027048051507193284
18093,38.9,-86.6,0.08226617189643501
18093,38.9,-86.5,0.0822661718964323
18093,38.9,-86.4,0.08226617189643416
18093,38.9,-86.3,0.059194629247834835
18093,38.8,-86.7,0.027411349082548015
18093,38.8,-86.6,0.08238001641250181
18093,38.8,-86.5,0.08238001641250077
18093,38.8,-86.4,0.08238001641250553
18093,38.8,-86.3,0.059836941240620674
18093,38.7,-86.7,0.01735957571685423
18093,38.7,-86.6,0.051870340076175685
18093,38.7,-86.5,0.051158450449727055
18093,38.7,-86.4,0.05133790617262507
18093,38.7,-86.3,0.023215085131065072
18037,38.5,-87.1,0.010713561081930256
18037,38.5,-87.0,0.04895938952179741
18037,38.5,-86.9,0.043638781755925685
18037,38.5,-86.8,0.06430769908261895
18037,38.5,-86.7,0.04447048326622625
18037,38.4,-87.1,0.019770359379154424
18037,38.4,-87.0,0.0859916133298945
18037,38.4,-86.9,0.0859916133298803
18037,38.4,-86.8,0.08599161332987434
18037,38.4,-86.7,0.05895249106149364
18037,38.3,-87.1,0.01957698868972599
18037,38.3,-87.0,0.08610847387870994
18037,38.3,-86.9,0.08610847387870452
18037,38.3,-86.8,0.08610847387870378
18037,38.3,-86.7,0.06015623962937883
18037,38.2,-87.1,0.009206853723148513
18037,38.2,-87.0,0.040191079326951755
18037,38.2,-86.9,0.0396373283625046
18037,38.2,-86.8,0.022997517500067507
18037,38.2,-86.7,0.0011209659933088898
18127,41.7,-87.1,0.003952770221157232
18127,41.7,-87.0,0.030096078771797243
18127,41.7,-86.9,0.008521962531849413
18127,41.6,-87.2,0.04971167776332947
18127,41.6,-87.1,0.08390680764276534
18127,41.6,-87.0,0.08514102660310459
18127,41.6,-86.9,0.01553715704410483
18127,41.5,-87.2,0.05996216991453083
18127,41.5,-87.1,0.08527084531208516
18127,41.5,-87.0,0.08527084531210294
18127,41.5,-86.9,0.01729084877914287
18127,41.4,-87.2,0.05952685766002441
18127,41.4,-87.1,0.0854003990649807
18127,41.4,-87.0,0.08540039906498662
18127,41.4,-86.9,0.016820873545234982
18127,41.3,-87.2,0.050230168857048396
18127,41.3,-87.1,0.06111334975267587
18127,41.3,-87.0,0.08413612668941066
18127,41.3,-86.9,0.01686991706584835
18127,41.2,-87.2,0.00032014381340212696
18127,41.2,-87.0,0.012114846780716181
18127,41.2,-86.9,0.003404727809701816
19057,41.1,-91.4,0.004197420140792971
19057,41.1,-91.3,0.02022041418381424
19057,41.1,-91.2,0.019652212312308907
19057,41.1,-91.1,0.019300538794704884
19057,41.1,-91.0,0.01916180886429732
19057,41.1,-90.9,0.0007112193676659729
19057,41.0,-91.4,0.01782720638185502
19057,41.0,-91.3,0.08393583216189879
19057,41.0,-91.2,0.08393583216189777
19057,41.0,-91.1,0.08393583216189761
19057,41.0,-91.0,0.08226768943681385
19057,41.0,-90.9,0.0024276545979770216
19057,40.9,-91.4,0.01826866547214402
19057,40.9,-91.3,0.08406110063907034
19057,40.9,-91.2,0.08406110063907835
19057,40.9,-91.1,0.08385703002316135
19057,40.9,-91.0,0.03940013780049944
19057,40.8,-91.4,0.013127524145812851
19057,40.8,-91.3,0.06801351322514063
19057,40.8,-91.2,0.08417985665326834
19057,40.8,-91.1,0.05058767376193214
19057,40.7,-91.2,0.02127122525887429
19057,40.7,-91.1,0.01559851181509396
19145,40.9,-95.4,0.01206203772445429
19145,40.9,-95.3,0.03468551649872442
19145,40.9,-95.2,0.03452015014857098
19145,40.9,-95.1,0.03436841312403601
19145,40.9,-95.0,0.03422531209982603
19145,40.9,-94.9,0.007243137579715996
19145,40.8,-95.4,0.02353676465413989
19145,40.8,-95.3,0.06757033959606476
19145,40.8,-95.2,0.06757033959606405
19145,40.8,-95.1,0.06757033959605961
19145,40.8,-95.0,0.06757033959605621
19145,40.8,-94.9,0.014409324808285362
19145,40.7,-95.4,0.017041609615248483
19145,40.7,-95.3,0.06767046479394355
19145,40.7,-95.2,0.0676704647939427
19145,40.7,-95.1,0.06767046479394541
19145,40.7,-95.0,0.06767046479394798
19145,40.7,-94.9,0.022132353289574896
19145,40.6,-95.4,0.011297010489459126
19145,40.6,-95.3,0.0477401061261324
19145,40.6,-95.2,0.0484551880649834
19145,40.6,-95.1,0.04934091711558677
19145,40.6,-95.0,0.05016093032328046
19145,40.6,-94.9,0.017818010777957208
18109,39.6,-86.7,0.00217916182206986
18109,39.6,-86.6,0.04584691491442668
18109,39.6,-86.5,0.04982129327374375
18109,39.6,-86.4,0.07255003723273264
18109,39.6,-86.3,0.07399911035984007
18109,39.6,-86.2,7.08933896945238e-06
18109,39.5,-86.7,0.022328759161113924
18109,39.5,-86.6,0.08679579738409104
18109,39.5,-86.5,0.0900544304314604
18109,39.5,-86.4,0.09005443043145675
18109,39.5,-86.3,0.089074397337217
18109,39.4,-86.6,0.07314056383580768
18109,39.4,-86.5,0.09018178442133114
18109,39.4,-86.4,0.09018178442133865
18109,39.4,-86.3,0.08888829071800117
18109,39.3,-86.6,0.007346638066545273
18109,39.3,-86.5,0.0101589628125159
18109,39.3,-86.4,0.009546115295003169
18109,39.3,-86.3,0.007844438742335504
18001,40.9,-85.1,0.016800510595664994
18001,40.9,-85.0,0.07317153368067175
18001,40.9,-84.9,0.07488107566322426
18001,40.9,-84.8,0.036187386645705734
18001,40.8,-85.1,0.02307675225571621
18001,40.8,-85.0,0.10641770241778822
18001,40.8,-84.9,0.10641770241778775
18001,40.8,-84.8,0.050703544754611314
18001,40.7,-85.1,0.02125995524695298
18001,40.7,-85.0,0.10657539133242915
18001,40.7,-84.9,0.10657539133242483
18001,40.7,-84.8,0.05096638552066063
18001,40.6,-85.1,0.016886976789958746
18001,40.6,-85.0,0.0860078069182165
18001,40.6,-84.9,0.0842535955243375
18001,40.6,-84.8,0.03981828890384941
19055,42.6,-91.6,0.03326721280382698
19055,42.6,-91.5,0.05725350855412582
19055,42.6,-91.4,0.05748812268793422
19055,42.6,-91.3,0.05792576476524561
19055,42.6,-91.2,0.0582090171714226
19055,42.6,-91.1,0.00949631232336746
19055,42.5,-91.6,0.03441403732473643
19055,42.5,-91.5,0.06089915091655069
19055,42.5,-91.4,0.06089915091654155
19055,42.5,-91.3,0.06089915091653815
19055,42.5,-91.2,0.06089915091653722
19055,42.5,-91.1,0.009994341396693552
19055,42.4,-91.6,0.029071148642577333
19055,42.4,-91.5,0.06099503006650393
19055,42.4,-91.4,0.060995030066497466
19055,42.4,-91.3,0.060995030066498306
19055,42.4,-91.2,0.06099503006649616
19055,42.4,-91.1,0.011830370870216602
19055,42.3,-91.6,0.015473773395166862
19055,42.3,-91.5,0.03284686078606943
19055,42.3,-91.4,0.03276690769725592
19055,42.3,-91.3,0.032809137482016866
19055,42.3,-91.2,0.03302767270394487
19055,42.3,-91.1,0.006549087463235992
19009,41.9,-95.1,0.004572418529249222
19009,41.9,-95.0,0.0104510780219008
19009,41.9,-94.9,0.01038824721269174
19009,41.9,-94.8,0.010250916976062138
19009,41.9,-94.7,0.0005185177485554478
19009,41.8,-95.1,0.03465521899267088
19009,41.8,-95.0,0.08038835418032482
19009,41.8,-94.9,0.08038835418032435
19009,41.8,-94.8,0.08038835418032399
19009,41.8,-94.7,0.004607790272070927
19009,41.7,-95.1,0.034686394449852484
19009,41.7,-95.0,0.08051180318941784
19009,41.7,-94.9,0.08051180318941917
19009,41.7,-94.8,0.08051180318942061
19009,41.7,-94.7,0.00465440968400827
19009,41.6,-95.1,0.016452397578626536
19009,41.6,-95.0,0.07679421918636944
19009,41.6,-94.9,0.08063500193841833
19009,41.6,-94.8,0.0806350019384136
19009,41.6,-94.7,0.02295776452912195
19009,41.5,-95.0,0.03324028226814439
19009,41.5,-94.9,0.036703793374341945
19009,41.5,-94.8,0.03685443460558781
19009,41.5,-94.7,0.018241640584683427
18133,39.9,-87.0,0.007445070874094684
18133,39.9,-86.9,0.012096334923108054
18133,39.9,-86.8,0.011537841501938886
18133,39.9,-86.7,0.0071366780421797315
18133,39.8,-87.0,0.04596449947223458
18133,39.8,-86.9,0.07606096324478406
18133,39.8,-86.8,0.0760609632447803
18133,39.8,-86.7,0.04807827434486962
18133,39.7,-87.0,0.04705988144252672
18133,39.7,-86.9,0.0761696967238445
18133,39.7,-86.8,0.07616969672384319
18133,39.7,-86.7,0.047886722867902666
18133,39.6,-87.0,0.04814708082424388
18133,39.6,-86.9,0.0762781942994254
18133,39.6,-86.8,0.07627819429942098
18133,39.6,-86.7,0.0685037881532537
18133,39.6,-86.6,0.0008122223599438835
18133,39.5,-87.0,0.03751031792616762
18133,39.5,-86.9,0.05898513592801185
18133,39.5,-86.8,0.059959810257644894
18133,39.5,-86.7,0.04185863254578085
18041,39.8,-85.3,0.03329653647063881
18041,39.8,-85.2,0.0432691082067229
18041,39.7,-85.3,0.08714042471096416
18041,39.7,-85.2,0.15018229502650998
18041,39.7,-85.1,0.11102820362643051
18041,39.7,-85.0,0.016846541704791277
18041,39.6,-85.3,0.08452711441784132
18041,39.6,-85.2,0.17116568840250668
18041,39.6,-85.1,0.1711656884025098
18041,39.6,-85.0,0.02435793936784648
18041,39.5,-85.3,0.020218651927091793
18041,39.5,-85.2,0.04100297472415222
18041,39.5,-85.1,0.04019111504469167
18041,39.5,-85.0,0.005607717967302382
19137,41.2,-95.4,0.0028963663124361664
19137,41.2,-95.3,0.008197757842927861
19137,41.2,-95.2,0.00789809970626776
19137,41.2,-95.1,0.007583124565872554
19137,41.2,-95.0,0.007232795602646208
19137,41.2,-94.9,0.0015953087902246077
19137,41.1,-95.4,0.02925224572205749
19137,41.1,-95.3,0.08475184955274702
19137,41.1,-95.2,0.08475184955274613
19137,41.1,-95.1,0.08475184955275046
19137,41.1,-95.0,0.08475184955274521
19137,41.1,-94.9,0.01897590664506301
19137,41.0,-95.4,0.029399099445471318
19137,41.0,-95.3,0.08487878882584844
19137,41.0,-95.2,0.08487878882584636
19137,41.0,-95.1,0.08487878882585073
19137,41.0,-95.0,0.08487878882585134
19137,41.0,-94.9,0.01868148680581003
19137,40.9,-95.4,0.014338417814445352
19137,40.9,-95.3,0.041305179450524754
19137,40.9,-95.2,0.04151352452897789
19137,40.9,-95.1,0.04170469801893663
19137,40.9,-95.0,0.041884991011366
19137,40.9,-94.9,0.009018444222586767
18119,39.5,-86.9,0.019511999153126708
18119,39.5,-86.8,0.020443349107131924
18119,39.5,-86.7,0.019399637966126763
18119,39.5,-86.6,0.003439932299719025
18119,39.4,-86.9,0.08767009306118334
18119,39.4,-86.8,0.09519919198243074
18119,39.4,-86.7,0.09494634618707899
18119,39.4,-86.6,0.01774637957328043
18119,39.3,-87.1,0.0037937267959330424
18119,39.3,-87.0,0.08801094858947316
18119,39.3,-86.9,0.09476608392399986
18119,39.3,-86.8,0.09533333683547222
18119,39.3,-86.7,0.06671253015446342
18119,39.3,-86.6,0.00017829397696255596
18119,39.2,-87.1,0.0035477679847596725
18119,39.2,-87.0,0.07816585468128436
18119,39.2,-86.9,0.07854710102459815
18119,39.2,-86.8,0.07940612411046463
18119,39.2,-86.7,0.05318130259251102
18177,40.0,-85.2,0.025272224698672425
18177,40.0,-85.1,0.049343206561137415
18177,40.0,-85.0,0.049851341221098196
18177,40.0,-84.9,0.0503518993445717
18177,40.0,-84.8,0.019348712938439497
18177,39.9,-85.2,0.050272131882306725
18177,39.9,-85.1,0.09065639819718553
18177,39.9,-85.0,0.09065639819718453
18177,39.9,-84.9,0.09065639819718561
18177,39.9,-84.8,0.033861977028513304
18177,39.8,-85.2,0.05156956833575343
18177,39.8,-85.1,0.09078646384174802
18177,39.8,-85.0,0.09078646384174742
18177,39.8,-84.9,0.0907864638417416
18177,39.8,-84.8,0.03264511878071316
18177,39.7,-85.2,0.01103189771582499
18177,39.7,-85.1,0.03185858146168553
18177,39.7,-85.0,0.021452460805829455
18177,39.7,-84.9,0.021204538397529504
18177,39.7,-84.8,0.007607754711131907
18141,41.8,-86.5,0.005502057254604914
18141,41.8,-86.4,0.0076011030174138565
18141,41.8,-86.3,0.0078080505548208294
18141,41.8,-86.2,0.007865244994950978
18141,41.8,-86.1,0.007131138122119066
18141,41.7,-86.5,0.05830022007151906
18141,41.7,-86.4,0.07740242859048356
18141,41.7,-86.3,0.07740242859048566
18141,41.7,-86.2,0.07740242859048178
18141,41.7,-86.1,0.06831928551172353
18141,41.6,-86.5,0.029861483843268945
18141,41.6,-86.4,0.07752086939039331
18141,41.6,-86.3,0.07752086939039439
18141,41.6,-86.2,0.07752086939039672
18141,41.6,-86.1,0.06934850749667287
18141,41.5,-86.5,0.04856202816075627
18141,41.5,-86.4,0.05654471942559482
18141,41.5,-86.3,0.055801904654176566
18141,41.5,-86.2,0.0551754683221288
18141,41.5,-86.1,0.049702695898532545
18141,41.4,-86.5,0.00770619872908161
18017,40.9,-86.6,0.016454441160187027
18017,40.9,-86.5,0.0522324488083321
18017,40.9,-86.4,0.05181569729953125
18017,40.9,-86.3,0.051727710302986625
18017,40.9,-86.2,0.04239904103793907
18017,40.8,-86.6,0.026941570641353548
18017,40.8,-86.5,0.08721462001576173
18017,40.8,-86.4,0.08721462001575768
18017,40.8,-86.3,0.08721462001576188
18017,40.8,-86.2,0.0714033262032923
18017,40.7,-86.6,0.003963379362032496
18017,40.7,-86.5,0.041081309718271064
18017,40.7,-86.4,0.05914536077779846
18017,40.7,-86.3,0.08734385395390766
18017,40.7,-86.2,0.07306201027002744
18017,40.6,-86.4,0.018523169217689112
18017,40.6,-86.3,0.07730475223326333
18017,40.6,-86.2,0.06495806896610722
19079,42.6,-94.0,0.0010602333302105488
19079,42.6,-93.9,0.004773179006400973
19079,42.6,-93.8,0.004596950512536741
19079,42.6,-93.7,0.004610611964127496
19079,42.6,-93.6,0.004604021790847603
19079,42.6,-93.5,0.0023744965991317163
19079,42.5,-94.0,0.010243727775881646
19079,42.5,-93.9,0.05859072135634428
19079,42.5,-93.8,0.061046765010540946
19079,42.5,-93.7,0.06104676501053276
19079,42.5,-93.6,0.06104676501052944
19079,42.5,-93.5,0.03562779586253462
19079,42.4,-93.9,0.05007296459549606
19079,42.4,-93.8,0.061142876562979134
19079,42.4,-93.7,0.06114287656296586
19079,42.4,-93.6,0.06114287656297069
19079,42.4,-93.5,0.05325001565668923
19079,42.3,-93.9,0.050082117634744266
19079,42.3,-93.8,0.06123879781772002
19079,42.3,-93.7,0.06123879781771746
19079,42.3,-93.6,0.061238797817713526
19079,42.3,-93.5,0.05330798056002833
19079,42.2,-93.9,0.02013097602697047
19079,42.2,-93.8,0.02479774466589584
19079,42.2,-93.7,0.02492024944678117
19079,42.2,-93.6,0.02496933852470115
19079,42.2,-93.5,0.021701556517008003
19191,43.5,-92.1,0.007662358378579873
19191,43.5,-92.0,0.02548893079804969
19191,43.5,-91.9,0.025499694580425034
19191,43.5,-91.8,0.025525222362654303
19191,43.5,-91.7,0.025464643666244742
19191,43.5,-91.6,0.00995774571418643
19191,43.4,-92.1,0.01517637394947651
19191,43.4,-92.0,0.05035406629576722
19191,43.4,-91.9,0.05035406629576411
19191,43.4,-91.8,0.050354066295764305
19191,43.4,-91.7,0.05035406629576392
19191,43.4,-91.6,0.019724343898427237
19191,43.3,-92.1,0.015450932489706823
19191,43.3,-92.0,0.05043591737186838
19191,43.3,-91.9,0.05043591737186909
19191,43.3,-91.8,0.050435917371870594
19191,43.3,-91.7,0.05043591737187017
19191,43.3,-91.6,0.022703923038094924
19191,43.2,-92.1,0.015686649391040114
19191,43.2,-92.0,0.05051761121544608
19191,43.2,-91.9,0.05051761121544473
19191,43.2,-91.8,0.05051761121544476
19191,43.2,-91.7,0.05051761121544563
19191,43.2,-91.6,0.022994395201236074
19191,43.1,-92.1,0.010573943819665449
19191,43.1,-92.0,0.03411942345723467
19191,43.1,-91.9,0.03429494227253367
19191,43.1,-91.8,0.03444039600842258
19191,43.1,-91.7,0.03449228851188514
19191,43.1,-91.6,0.015513412929817734
19017,42.9,-92.6,0.0019467989008503457
19017,42.9,-92.5,0.04553863102286713
19017,42.9,-92.4,0.04548418567255527
19017,42.9,-92.3,0.0454646968146838
19017,42.9,-92.2,0.045371600388191234
19017,42.9,-92.1,0.03101131427187173
19017,42.8,-92.6,0.0035307748171005708
19017,42.8,-92.5,0.07984949425964125
19017,42.8,-92.4,0.07984949425964138
19017,42.8,-92.3,0.07984949425964434
19017,42.8,-92.2,0.07984949425964537
19017,42.8,-92.1,0.054561389439319666
19017,42.7,-92.6,0.003614048940823452
19017,42.7,-92.5,0.07997655584043734
19017,42.7,-92.4,0.07997655584043528
19017,42.7,-92.3,0.07997655584043284
19017,42.7,-92.2,0.07997655584043648
19017,42.7,-92.1,0.054654042952283814
19017,42.6,-92.6,0.000276260261743223
19017,42.6,-92.5,0.006192103085295384
19017,42.6,-92.4,0.006182602068113351
19017,42.6,-92.3,0.006225659575570721
19017,42.6,-92.2,0.006280310383242738
19017,42.6,-92.1,0.004361381005173305
19171,42.3,-92.8,0.00409147947900079
19171,42.3,-92.7,0.022939910523978535
19171,42.3,-92.6,0.022974435639884452
19171,42.3,-92.5,0.023086758346204165
19171,42.3,-92.4,0.023186366287027187
19171,42.3,-92.3,0.01190786186587231
19171,42.2,-92.8,0.008493712261314259
19171,42.2,-92.7,0.049055636132316796
19171,42.2,-92.6,0.049055636132319225
19171,42.2,-92.5,0.04905563613232083
19171,42.2,-92.4,0.04905563613232064
19171,42.2,-92.3,0.025010313004429238
19171,42.1,-92.8,0.008203872518691879
19171,42.1,-92.7,0.04913204935619069
19171,42.1,-92.6,0.049132049356190005
19171,42.1,-92.5,0.049132049356191254
19171,42.1,-92.4,0.04913204935619049
19171,42.1,-92.3,0.02503225972549682
19171,42.0,-92.8,0.007889563207836141
19171,42.0,-92.7,0.04920830974808382
19171,42.0,-92.6,0.04920830974808208
19171,42.0,-92.5,0.04920830974808303
19171,42.0,-92.4,0.049208309748083
19171,42.0,-92.3,0.025625260282817
19171,41.9,-92.8,0.006827238059626379
19171,41.9,-92.7,0.04321305294063369
19171,41.9,-92.6,0.043231537259362705
19171,41.9,-92.5,0.04320019735179645
19171,41.9,-92.4,0.04311460389640256
19171,41.9,-92.3,0.02238759640325364
19015,42.2,-94.2,0.00547952885034469
19015,42.2,-94.1,0.03704664563454619
19015,42.2,-94.0,0.036989163393879476
19015,42.2,-93.9,0.03694784080319387
19015,42.2,-93.8,0.03678446021682219
19015,42.2,-93.7,0.018884821358915685
19015,42.1,-94.2,0.009118816075161608
19015,42.1,-94.1,0.06184649190856164
19015,42.1,-94.0,0.061846491908564574
19015,42.1,-93.9,0.06184649190856173
19015,42.1,-93.8,0.06184649190856937
19015,42.1,-93.7,0.03175823754557267
19015,42.0,-94.2,0.009009727372593077
19015,42.0,-94.1,0.061942487043553075
19015,42.0,-94.0,0.06194248704355285
19015,42.0,-93.9,0.06194248704355404
19015,42.0,-93.8,0.061942487043561846
19015,42.0,-93.7,0.031904398722026904
19015,41.9,-94.2,0.007765460007709067
19015,41.9,-94.1,0.053851819889613864
19015,41.9,-94.0,0.05389807350888125
19015,41.9,-93.9,0.05380328432373802
19015,41.9,-93.8,0.05370690674540226
19015,41.9,-93.7,0.027894899743119993
19087,41.2,-91.7,0.007041818179491717
19087,41.2,-91.6,0.010950159311117822
19087,41.2,-91.5,0.010310691975537762
19087,41.2,-91.4,0.007652240286058122
19087,41.1,-91.7,0.05512451959384243
19087,41.1,-91.6,0.0825182052647359
19087,41.1,-91.5,0.08251820526474225
19087,41.1,-91.4,0.06552785598131768
19087,41.0,-91.7,0.056152514056308826
19087,41.0,-91.6,0.08264179903937831
19087,41.0,-91.5,0.08264179903939448
19087,41.0,-91.4,0.06508943350851305
19087,40.9,-91.7,0.05644514780674961
19087,40.9,-91.6,0.08276513626080154
19087,40.9,-91.5,0.08276513626081705
19087,40.9,-91.4,0.06477811758498793
19087,40.8,-91.7,0.020697082280322326
19087,40.8,-91.6,0.029989927980083802
19087,40.8,-91.5,0.03038602381369716
19087,40.8,-91.4,0.02400418651210233
18149,41.4,-86.7,0.04470068575680921
18149,41.4,-86.6,0.0947743069895668
18149,41.4,-86.5,0.07962682342478145
18149,41.3,-86.9,0.0065629747190765
18149,41.3,-86.8,0.03892853322327971
18149,41.3,-86.7,0.10953821818236804
18149,41.3,-86.6,0.11503232241399859
18149,41.3,-86.5,0.09603604336549558
18149,41.2,-86.9,0.07017786465442719
18149,41.2,-86.8,0.09007995774811776
18149,41.2,-86.7,0.08971957192010649
18149,41.2,-86.6,0.08988540309368682
18149,41.2,-86.5,0.07493729450828589
27005,47.2,-96.2,0.0001297908274860618
27005,47.2,-96.1,0.0003721013220399133
27005,47.2,-96.0,0.0003734089831838754
27005,47.2,-95.9,0.0001936850037004502
27005,47.2,-95.8,8.913186750117271e-05
27005,47.2,-95.7,0.00019607484849320017
27005,47.2,-95.6,0.0003106449840913536
27005,47.2,-95.5,0.0003331921298091576
27005,47.2,-95.4,0.00029025613065044323
27005,47.2,-95.3,0.00038839421612365225
27005,47.2,-95.2,0.0004164821483164557
27005,47.1,-96.2,0.010007394786667267
27005,47.1,-96.1,0.022551497232706195
27005,47.1,-96.0,0.02255149723270928
27005,47.1,-95.9,0.022551497232706195
27005,47.1,-95.8,0.02255149723270597
27005,47.1,-95.7,0.022551497232706046
27005,47.1,-95.6,0.02255149723270658
27005,47.1,-95.5,0.02255149723270711
27005,47.1,-95.4,0.022551497232707718
27005,47.1,-95.3,0.022551497232708537
27005,47.1,-95.2,0.018026031687914418
27005,47.0,-96.2,0.008701962346844375
27005,47.0,-96.1,0.02259329053442264
27005,47.0,-96.0,0.02259329053442462
27005,47.0,-95.9,0.022593290534422644
27005,47.0,-95.8,0.022593290534422904
27005,47.0,-95.7,0.022593290534421374
27005,47.0,-95.6,0.02259329053442063
27005,47.0,-95.5,0.022593290534421065
27005,47.0,-95.4,0.02259329053442179
27005,47.0,-95.3,0.022593290534421946
27005,47.0,-95.2,0.018579622019967913
27005,46.9,-96.2,0.005545752768290871
27005,46.9,-96.1,0.022635012924052775
27005,46.9,-96.0,0.02263501292405678
27005,46.9,-95.9,0.022635012924052778
27005,46.9,-95.8,0.022635012924052664
27005,46.9,-95.7,0.022635012924053857
27005,46.9,-95.6,0.022635012924053625
27005,46.9,-95.5,0.02263501292405329
27005,46.9,-95.4,0.022635012924052955
27005,46.9,-95.3,0.022635012924052535
27005,46.9,-95.2,0.01982812936257866
27005,46.8,-96.2,0.00595429913617878
27005,46.8,-96.1,0.022676664283563498
27005,46.8,-96.0,0.022676664283566687
27005,46.8,-95.9,0.02267666428356351
27005,46.8,-95.8,0.022676664283562062
27005,46.8,-95.7,0.022676664283561652
27005,46.8,-95.6,0.022676664283562863
27005,46.8,-95.5,0.022676664283561784
27005,46.8,-95.4,0.022676664283561725
27005,46.8,-95.3,0.022676664283562156
27005,46.8,-95.2,0.019705106695238832
27005,46.7,-96.2,0.0018165668510722263
27005,46.7,-96.1,0.007277355626946958
27005,46.7,-96.0,0.007404771601825785
27005,46.7,-95.9,0.007543551920992403
27005,46.7,-95.8,0.007626153603862485
27005,46.7,-95.7,0.007807005276442252
27005,46.7,-95.6,0.007791112963733006
27005,46.7,-95.5,0.007493413034779837
27005,46.7,-95.4,0.007661534939570917
27005,46.7,-95.3,0.0076066993032442255
27005,46.7,-95.2,0.00642218883974267
27095,46.2,-93.8,0.027479800836438615
27095,46.2,-93.7,0.045955133014022785
27095,46.2,-93.6,0.04670258024686741
27095,46.2,-93.5,0.04705975979111691
27095,46.2,-93.4,0.009157592863651871
27095,46.1,-93.8,0.029406453237649705
27095,46.1,-93.7,0.048682780869517904
27095,46.1,-93.6,0.04868278086951911
27095,46.1,-93.5,0.04868278086951803
27095,46.1,-93.4,0.00860190317022703
27095,46.0,-93.8,0.022728229585425832
27095,46.0,-93.7,0.048769858098055466
27095,46.0,-93.6,0.048769858098054855
27095,46.0,-93.5,0.03822051838778798
27095,46.0,-93.4,0.005761354658057272
27095,45.9,-93.8,0.008554843973167303
27095,45.9,-93.7,0.04885678253481008
27095,45.9,-93.6,0.0488567825348099
27095,45.9,-93.5,0.015618424504949253
27095,45.8,-93.8,0.00638583996520818
27095,45.8,-93.7,0.048943553935332944
27095,45.8,-93.6,0.04894355393533183
27095,45.8,-93.5,0.01674419087942777
27095,45.7,-93.8,0.0056432536687022
27095,45.7,-93.7,0.04903017205587044
27095,45.7,-93.6,0.04903017205587534
27095,45.7,-93.5,0.01827375224836784
27095,45.6,-93.8,0.004463108817017544
27095,45.6,-93.7,0.044370607232359735
27095,45.6,-93.6,0.04457345428682561
27095,45.6,-93.5,0.017050122776033343
27115,46.4,-93.1,0.0006828714783214592
27115,46.4,-93.0,0.0159437816074906
27115,46.4,-92.9,0.01589371654575256
27115,46.4,-92.8,0.015762345007249327
27115,46.4,-92.7,0.015717800695129475
27115,46.4,-92.6,0.015681234959532796
27115,46.4,-92.5,0.01564860378980451
27115,46.4,-92.4,0.015576662845201664
27115,46.4,-92.3,0.008857410203078906
27115,46.3,-93.1,0.0009117484972488732
27115,46.3,-93.0,0.023051933734640886
27115,46.3,-92.9,0.0230519337346414
27115,46.3,-92.8,0.02305193373464011
27115,46.3,-92.7,0.023051933734638923
27115,46.3,-92.6,0.023051933734638805
27115,46.3,-92.5,0.023051933734638954
27115,46.3,-92.4,0.023051933734640526
27115,46.3,-92.3,0.013115484360751963
27115,46.2,-93.1,0.0009369723231140838
27115,46.2,-93.0,0.02309345923197212
27115,46.2,-92.9,0.023093459231970443
27115,46.2,-92.8,0.0230934592319704
27115,46.2,-92.7,0.02309345923197098
27115,46.2,-92.6,0.02309345923197062
27115,46.2,-92.5,0.023093459231970058
27115,46.2,-92.4,0.023093459231969496
27115,46.2,-92.3,0.013003940509440351
27115,46.1,-93.1,0.0010787199578350495
27115,46.1,-93.0,0.023134912353040594
27115,46.1,-92.9,0.02313491235304109
27115,46.1,-92.8,0.023134912353043113
27115,46.1,-92.7,0.023134912353043085
27115,46.1,-92.6,0.02313491235304274
27115,46.1,-92.5,0.023134912353043175
27115,46.1,-92.4,0.023134912353042297
27115,46.1,-92.3,0.011094409537521372
27115,46.0,-93.1,0.007543693175139401
27115,46.0,-93.0,0.02317629298114717
27115,46.0,-92.9,0.023176292981147067
27115,46.0,-92.8,0.023176292981145263
27115,46.0,-92.7,0.023176292981145697
27115,46.0,-92.6,0.023121955262286154
27115,46.0,-92.5,0.016302138888448822
27115,46.0,-92.4,0.00717898907881077
27115,46.0,-92.3,0.0004275384778489041
27115,45.9,-93.1,0.021457661322992604
27115,45.9,-93.0,0.023217600999907856
27115,45.9,-92.9,0.0232176009999087
27115,45.9,-92.8,0.023217600999908997
27115,45.9,-92.7,0.013154869686819325
27115,45.9,-92.6,0.0023424657275714854
27115,45.8,-93.1,0.02140828319646603
27115,45.8,-93.0,0.023258836293169015
27115,45.8,-92.9,0.023258836293168984
27115,45.8,-92.8,0.018449927755968716
27115,45.8,-92.7,0.00017945616349488499
27115,45.7,-93.1,0.004107162074130128
27115,45.7,-93.0,0.004529922668212356
27115,45.7,-92.9,0.004624302247610905
27115,45.7,-92.8,0.0014281472085079874
27039,44.2,-93.0,0.03498376308401959
27039,44.2,-92.9,0.03657143292360507
27039,44.2,-92.8,0.03630183832747386
27039,44.2,-92.7,0.02554066277116635
27039,44.1,-93.0,0.0747653371338685
27039,44.1,-92.9,0.07814463586070469
27039,44.1,-92.8,0.07814463586071205
27039,44.1,-92.7,0.056045001883364975
27039,44.0,-93.0,0.07482518007477841
27039,44.0,-92.9,0.0782748519955114
27039,44.0,-92.8,0.07827485199550661
27039,44.0,-92.7,0.05627535993888443
27039,43.9,-93.0,0.07480739730660625
27039,43.9,-92.9,0.07840482379766484
27039,43.9,-92.8,0.07840482379767154
27039,43.9,-92.7,0.05624024068874038
27039,43.8,-93.0,0.0011298890705113006
27039,43.8,-92.9,0.001050129784456216
27039,43.8,-92.8,0.0010300861663015916
27039,43.8,-92.7,0.0007850575384519788
27041,46.1,-95.8,0.0052323701140489075
27041,46.1,-95.7,0.02646455439897585
27041,46.1,-95.6,0.026586124281761648
27041,46.1,-95.5,0.026771891510839745
27041,46.1,-95.4,0.026716598187214675
27041,46.1,-95.3,0.02653415415698654
27041,46.1,-95.2,0.026299354647891553
27041,46.1,-95.1,0.001034503354368702
27041,46.0,-95.8,0.009069044172167619
27041,46.0,-95.7,0.04616101617672149
27041,46.0,-95.6,0.046161016176719465
27041,46.0,-95.5,0.04616101617672274
27041,46.0,-95.4,0.046161016176722865
27041,46.0,-95.3,0.04616101617671907
27041,46.0,-95.2,0.04616101617671841
27041,46.0,-95.1,0.0016220616485212438
27041,45.9,-95.8,0.004813069351124345
27041,45.9,-95.7,0.0462432907718819
27041,45.9,-95.6,0.046243290771883855
27041,45.9,-95.5,0.046243290771881516
27041,45.9,-95.4,0.04624329077188192
27041,45.9,-95.3,0.04624329077188404
27041,45.9,-95.2,0.04624329077188144
27041,45.9,-95.1,0.0042684712745886194
27041,45.8,-95.8,0.0035362987774730844
27041,45.8,-95.7,0.041813966423041096
27041,45.8,-95.6,0.04200899167207492
27041,45.8,-95.5,0.04211015933354537
27041,45.8,-95.4,0.041976035976925875
27041,45.8,-95.3,0.04221949709618833
27041,45.8,-95.2,0.04222672004729395
27041,45.8,-95.1,0.0042702918833492235
19181,41.5,-93.8,0.015723477582286274
19181,41.5,-93.7,0.038754293840387526
19181,41.5,-93.6,0.038612505392729805
19181,41.5,-93.5,0.037166538409589375
19181,41.5,-93.4,0.02985804544392918
19181,41.5,-93.3,0.004803192101908079
19181,41.4,-93.8,0.02540125877272572
19181,41.4,-93.7,0.06254282133027561
19181,41.4,-93.6,0.06254282133027463
19181,41.4,-93.5,0.06254282133027644
19181,41.4,-93.4,0.06254282133028181
19181,41.4,-93.3,0.013609302002535894
19181,41.3,-93.8,0.024951306684477446
19181,41.3,-93.7,0.06263750547749827
19181,41.3,-93.6,0.06263750547750166
19181,41.3,-93.5,0.0626375054775003
19181,41.3,-93.4,0.06263750547749757
19181,41.3,-93.3,0.013578736963911148
19181,41.2,-93.8,0.021702827385942192
19181,41.2,-93.7,0.055302454100490575
19181,41.2,-93.6,0.055522828529867826
19181,41.2,-93.5,0.05589118877605094
19181,41.2,-93.4,0.0560846531094426
19181,41.2,-93.3,0.012316083672619165
19155,41.5,-96.0,0.008831049061500625
19155,41.5,-95.9,0.01969891352946996
19155,41.5,-95.8,0.021106357275874527
19155,41.5,-95.7,0.021023007337513736
19155,41.5,-95.6,0.0209478102473167
19155,41.5,-95.5,0.020943750203963444
19155,41.5,-95.4,0.020859311143182315
19155,41.5,-95.3,0.020806063466929967
19155,41.5,-95.2,0.019634141008911865
19155,41.4,-96.0,6.299433199759668e-05
19155,41.4,-95.9,0.030800400884882704
19155,41.4,-95.8,0.03739642602684916
19155,41.4,-95.7,0.03739642602684729
19155,41.4,-95.6,0.03739642602684674
19155,41.4,-95.5,0.0373964260268479
19155,41.4,-95.4,0.03739642602684852
19155,41.4,-95.3,0.03739642602684671
19155,41.4,-95.2,0.03553756627161137
19155,41.3,-96.0,0.00023216638104700543
19155,41.3,-95.9,0.023560294268518044
19155,41.3,-95.8,0.037453040817039304
19155,41.3,-95.7,0.03745304081703727
19155,41.3,-95.6,0.03745304081703697
19155,41.3,-95.5,0.0374530408170385
19155,41.3,-95.4,0.03745304081703874
19155,41.3,-95.3,0.037453040817038895
19155,41.3,-95.2,0.03546314837875084
19155,41.2,-95.9,0.01718299173178855
19155,41.2,-95.8,0.03329053410427556
19155,41.2,-95.7,0.03374487391887219
19155,41.2,-95.6,0.03375462051532882
19155,41.2,-95.5,0.03369896422606849
19155,41.2,-95.4,0.033743281457138556
19155,41.2,-95.3,0.03387591561739987
19155,41.2,-95.2,0.03210504357434133
27079,44.5,-93.9,0.03580097129282103
27079,44.5,-93.8,0.06711758776463546
27079,44.5,-93.7,0.06737114101560815
27079,44.5,-93.6,0.06748948066955654
27079,44.5,-93.5,0.017252677981156095
27079,44.4,-94.0,0.002191309646065607
27079,44.4,-93.9,0.0672651368803749
27079,44.4,-93.8,0.07213851284162505
27079,44.4,-93.7,0.0721385128416126
27079,44.4,-93.6,0.07213851284161002
27079,44.4,-93.5,0.018303051057067168
27079,44.3,-94.0,0.02158956533025481
27079,44.3,-93.9,0.07073724264380228
27079,44.3,-93.8,0.07226000495828992
27079,44.3,-93.7,0.07226000495828112
27079,44.3,-93.6,0.07226000495828165
27079,44.3,-93.5,0.017987251001034713
27079,44.2,-94.0,0.005062789785377201
27079,44.2,-93.9,0.007575573407822511
27079,44.2,-93.8,0.013362311450912002
27079,44.2,-93.7,0.03902026057495661
27079,44.2,-93.6,0.03900670674059668
27079,44.2,-93.5,0.009671389358257803
27169,44.2,-92.1,0.006736827171466038
27169,44.2,-92.0,0.02303600408636758
27169,44.2,-91.9,0.022896675089169486
27169,44.2,-91.8,0.00618890637352726
27169,44.1,-92.1,0.015635090536610184
27169,44.1,-92.0,0.053536408133049475
27169,44.1,-91.9,0.053536408133048816
27169,44.1,-91.8,0.05219607665344971
27169,44.1,-91.7,0.03059910737503273
27169,44.1,-91.6,0.0016569132042550552
27169,44.0,-92.1,0.01556531508963194
27169,44.0,-92.0,0.05362561840399839
27169,44.0,-91.9,0.0536256184039981
27169,44.0,-91.8,0.05362561840399822
27169,44.0,-91.7,0.053625618403996
27169,44.0,-91.6,0.04739014242993145
27169,44.0,-91.5,0.03478626275275705
27169,44.0,-91.4,0.010099192859616711
27169,43.9,-92.1,0.01560282870377847
27169,43.9,-92.0,0.05371466128415784
27169,43.9,-91.9,0.05371466128415741
27169,43.9,-91.8,0.05371466128415991
27169,43.9,-91.7,0.05371466128415883
27169,43.9,-91.6,0.05371466128415666
27169,43.9,-91.5,0.053714661284164154
27169,43.9,-91.4,0.050648091966959255
27169,43.9,-91.3,0.010279315458109273
27169,43.8,-92.1,0.0004504487721219206
27169,43.8,-92.0,0.0015498267829999746
27169,43.8,-91.9,0.0016355526630034067
27169,43.8,-91.8,0.0016198995403122589
27169,43.8,-91.7,0.0016440671959902522
27169,43.8,-91.6,0.0016228076914986192
27169,43.8,-91.5,0.0016428027613931925
27169,43.8,-91.4,0.001641270741610476
27169,43.8,-91.3,0.0010133165133639397
19103,41.9,-91.8,0.005534937707854318
19103,41.9,-91.7,0.006756235009712447
19103,41.9,-91.6,0.006161061924606245
19103,41.9,-91.5,0.005671008166098769
19103,41.9,-91.4,0.004687463610504295
19103,41.8,-91.8,0.046580527303216525
19103,41.8,-91.7,0.057196907874006886
19103,41.8,-91.6,0.05719690787400646
19103,41.8,-91.5,0.057196907874014075
19103,41.8,-91.4,0.04803186444065236
19103,41.7,-91.8,0.04782124010348455
19103,41.7,-91.7,0.05728474275596672
19103,41.7,-91.6,0.05728474275596448
19103,41.7,-91.5,0.05728474275597142
19103,41.7,-91.4,0.04803696877119231
19103,41.6,-91.8,0.04609696106791448
19103,41.6,-91.7,0.05737239957602265
19103,41.6,-91.6,0.05737239957602483
19103,41.6,-91.5,0.057372399576031984
19103,41.6,-91.4,0.047882782690440266
19103,41.5,-91.8,0.017391441915899867
19103,41.5,-91.7,0.022298794748581346
19103,41.5,-91.6,0.022479534608817044
19103,41.5,-91.5,0.043164842680717706
19103,41.5,-91.4,0.04731328665364122
19103,41.4,-91.5,0.006088031102089574
19103,41.4,-91.4,0.012440866876567244
19113,42.3,-91.8,0.019182512219159387
19113,42.3,-91.7,0.02277705075045387
19113,42.3,-91.6,0.0226514847938173
19113,42.3,-91.5,0.022561409644959344
19113,42.3,-91.4,0.019569719528325407
19113,42.2,-91.8,0.04055392061508612
19113,42.2,-91.7,0.04887601804536871
19113,42.2,-91.6,0.04887601804536722
19113,42.2,-91.5,0.0488760180453739
19113,42.2,-91.4,0.04199436103461545
19113,42.1,-91.8,0.0414440803813059
19113,42.1,-91.7,0.048952151480855285
19113,42.1,-91.6,0.04895215148085731
19113,42.1,-91.5,0.04895215148086229
19113,42.1,-91.4,0.04169664308770586
19113,42.0,-91.8,0.041402894995649905
19113,42.0,-91.7,0.04902813264396384
19113,42.0,-91.6,0.04902813264396308
19113,42.0,-91.5,0.04902813264396956
19113,42.0,-91.4,0.04153255578281283
19113,41.9,-91.8,0.03554772778372958
19113,41.9,-91.7,0.04329474541276597
19113,41.9,-91.6,0.04380649329488327
19113,41.9,-91.5,0.04422785638961851
19113,41.9,-91.4,0.037187637774530144
27161,44.2,-93.8,0.006579642561249141
27161,44.2,-93.7,0.03650638631518971
27161,44.2,-93.6,0.036521218045433054
27161,44.2,-93.5,0.03663434094210154
27161,44.2,-93.4,0.01595727042817109
27161,44.1,-93.8,0.014398005370211154
27161,44.1,-93.7,0.0793380457825581
27161,44.1,-93.6,0.07933804578255517
27161,44.1,-93.5,0.0793380457825528
27161,44.1,-93.4,0.03455663788146378
27161,44.0,-93.8,0.014454447090456192
27161,44.0,-93.7,0.07947025055324046
27161,44.0,-93.6,0.0794702505532453
27161,44.0,-93.5,0.07947025055324478
27161,44.0,-93.4,0.034643603683482925
27161,43.9,-93.8,0.014252481330414768
27161,43.9,-93.7,0.07960220725988255
27161,43.9,-93.6,0.0796022072598787
27161,43.9,-93.5,0.07960220725987686
27161,43.9,-93.4,0.034555167299628535
27161,43.8,-93.8,0.00029262760613429093
27161,43.8,-93.7,0.0016456682543810408
27161,43.8,-93.6,0.0015408439196493086
27161,43.8,-93.5,0.0015717878141919782
27161,43.8,-93.4,0.0006583606708068163
27049,44.7,-92.7,0.012445716899691895
27049,44.7,-92.6,0.00019510288379405482
27049,44.6,-92.8,0.014796308039085378
27049,44.6,-92.7,0.042109776307048284
27049,44.6,-92.6,0.028982481686936654
27049,44.6,-92.5,0.007865842649691692
27049,44.6,-92.4,0.0034685059157500827
27049,44.6,-92.3,0.0004354101084736904
27049,44.5,-93.0,0.025776403291996482
27049,44.5,-92.9,0.036778957642667226
27049,44.5,-92.8,0.042055238787795345
27049,44.5,-92.7,0.04376962972122528
27049,44.5,-92.6,0.043769629721223564
27049,44.5,-92.5,0.043769629721224376
27049,44.5,-92.4,0.04196057400787492
27049,44.5,-92.3,0.02311632252052445
27049,44.5,-92.2,0.0001097571891815878
27049,44.4,-93.0,0.039438900270141596
27049,44.4,-92.9,0.04384360591146407
27049,44.4,-92.8,0.04384360591146471
27049,44.4,-92.7,0.04384360591146378
27049,44.4,-92.6,0.04378298505541552
27049,44.4,-92.5,0.0357978312685494
27049,44.4,-92.4,0.006994438422733946
27049,44.3,-93.0,0.03978257860235023
27049,44.3,-92.9,0.04391744514483656
27049,44.3,-92.8,0.04391744514483635
27049,44.3,-92.7,0.04391744514483681
27049,44.3,-92.6,0.043541981083195555
27049,44.2,-93.0,0.021289993366373185
27049,44.2,-92.9,0.023369006764247954
27049,44.2,-92.8,0.02352102754062924
27049,44.2,-92.7,0.02387031235650522
27049,44.2,-92.6,0.023922505006770862
29097,37.4,-94.6,0.005335188234684484
29097,37.4,-94.5,0.006088626607867988
29097,37.4,-94.4,0.004049275542095306
29097,37.4,-94.3,0.0026160356886407226
29097,37.4,-94.2,0.0011978396393612124
29097,37.4,-94.1,0.00010995675683163044
29097,37.3,-94.6,0.040152794868228835
29097,37.3,-94.5,0.0592342016942439
29097,37.3,-94.4,0.059234201694243864
29097,37.3,-94.3,0.059234201694242455
29097,37.3,-94.2,0.059234201694241206
29097,37.3,-94.1,0.0468735435439955
29097,37.2,-94.6,0.04049272108488943
29097,37.2,-94.5,0.05931152944810046
29097,37.2,-94.4,0.059311529448098636
29097,37.2,-94.3,0.05931152944809386
29097,37.2,-94.2,0.05931152944809432
29097,37.2,-94.1,0.05644248080717752
29097,37.1,-94.6,0.03791729405546477
29097,37.1,-94.5,0.05640313452377184
29097,37.1,-94.4,0.056919176689522
29097,37.1,-94.3,0.057454552988480685
29097,37.1,-94.2,0.058510812824910365
29097,37.1,-94.1,0.054806421188653066
29097,37.0,-94.1,0.0004472203860659077
19169,42.2,-93.7,0.017775129489615918
19169,42.2,-93.6,0.036609284900501256
19169,42.2,-93.5,0.03661585649042327
19169,42.2,-93.4,0.036590130923360095
19169,42.2,-93.3,0.03650891085244578
19169,42.2,-93.2,0.006691947986498967
19169,42.1,-93.7,0.030086266992525017
19169,42.1,-93.6,0.06184240686295145
19169,42.1,-93.5,0.06184240686295339
19169,42.1,-93.4,0.06184240686295257
19169,42.1,-93.3,0.06184240686295282
19169,42.1,-93.2,0.011370995557053197
19169,42.0,-93.7,0.03003610426459357
19169,42.0,-93.6,0.06193839565732929
19169,42.0,-93.5,0.061938395657330086
19169,42.0,-93.4,0.061938395657331474
19169,42.0,-93.3,0.06193839565733308
19169,42.0,-93.2,0.01131327260196092
19169,41.9,-93.7,0.02584903075613212
19169,41.9,-93.6,0.053825679464099815
19169,41.9,-93.5,0.053867798488510886
19169,41.9,-93.4,0.05386735421765875
19169,41.9,-93.3,0.05401599829828987
19169,41.9,-93.2,0.009853028635196453
19027,42.2,-95.1,0.01541304998631126
19027,42.2,-95.0,0.03731534229824525
19027,42.2,-94.9,0.03714409987555274
19027,42.2,-94.8,0.03705525329025472
19027,42.2,-94.7,0.03696669219379978
19027,42.2,-94.6,0.007803126652300923
19027,42.1,-95.1,0.02584961130892343
19027,42.1,-95.0,0.06220399852389822
19027,42.1,-94.9,0.06220399852390058
19027,42.1,-94.8,0.062203998523902314
19027,42.1,-94.7,0.06220399852390296
19027,42.1,-94.6,0.013069765038334397
19027,42.0,-95.1,0.02625431481983522
19027,42.0,-95.0,0.06230054856337064
19027,42.0,-94.9,0.06230054856336733
19027,42.0,-94.8,0.06230054856336644
19027,42.0,-94.7,0.06230054856336885
19027,42.0,-94.6,0.012957216670419812
19027,41.9,-95.1,0.023154267384322535
19027,41.9,-95.0,0.05427234592290174
19027,41.9,-94.9,0.05432118993788395
19027,41.9,-94.8,0.05442794902979877
19027,41.9,-94.7,0.054562889561737625
19027,41.9,-94.6,0.011414697680300491
19179,41.2,-92.6,0.008527374741156543
19179,41.2,-92.5,0.009585273605102267
19179,41.2,-92.4,0.009874170237445613
19179,41.2,-92.3,0.0101411016006821
19179,41.2,-92.2,0.0072641843268351
19179,41.1,-92.6,0.07432365688758552
19179,41.1,-92.5,0.08261578136763947
19179,41.1,-92.4,0.08261578136763503
19179,41.1,-92.3,0.08261578136763614
19179,41.1,-92.2,0.058061795854842516
19179,41.0,-92.6,0.0740588421554461
19179,41.0,-92.5,0.08273952128941736
19179,41.0,-92.4,0.0827395212894222
19179,41.0,-92.3,0.08273952128942261
19179,41.0,-92.2,0.058435028056222714
19179,40.9,-92.6,0.03772523050451742
19179,40.9,-92.5,0.042133020331502194
19179,40.9,-92.4,0.04215804011298869
19179,40.9,-92.3,0.042011991166524675
19179,40.9,-92.2,0.029634382447975786
27025,45.7,-93.1,0.0559959487964597
27025,45.7,-93.0,0.06085869578085621
27025,45.7,-92.9,0.046790654224002894
27025,45.7,-92.8,5.562566000503462e-06
27025,45.6,-93.1,0.06400899980776707
27025,45.6,-93.0,0.07410965496884651
27025,45.6,-92.9,0.05386981946560209
27025,45.6,-92.8,0.010295083619298666
27025,45.6,-92.7,0.00018623566517197317
27025,45.5,-93.0,0.05447726434607324
27025,45.5,-92.9,0.07581239354434059
27025,45.5,-92.8,0.07581239354433891
27025,45.5,-92.7,0.03404819944188186
27025,45.4,-93.0,0.05278166525209472
27025,45.4,-92.9,0.07594514483991695
27025,45.4,-92.8,0.07594514483991609
27025,45.4,-92.7,0.06390313322923244
27025,45.4,-92.6,0.0005340173446894003
27025,45.3,-93.0,0.028094284711794818
27025,45.3,-92.9,0.04084043049901328
27025,45.3,-92.8,0.04086392150701415
27025,45.3,-92.7,0.014821352005687892
27033,44.2,-95.5,0.0030307647125548567
27033,44.2,-95.4,0.024226673272070474
27033,44.2,-95.3,0.02409627133760383
27033,44.2,-95.2,0.023958378737915214
27033,44.2,-95.1,0.011773876030079733
27033,44.1,-95.5,0.006539413036231325
27033,44.1,-95.4,0.05297077598387847
27033,44.1,-95.3,0.05297077598387777
27033,44.1,-95.2,0.052970775983876964
27033,44.1,-95.1,0.041771078873319524
27033,44.1,-95.0,0.030637816958082445
27033,44.1,-94.9,0.027757415658823024
27033,44.0,-95.5,0.006540020029348016
27033,44.0,-95.4,0.053059043714988645
27033,44.0,-95.3,0.05305904371498924
27033,44.0,-95.2,0.05305904371498999
27033,44.0,-95.1,0.05305904371499198
27033,44.0,-95.0,0.053059043714992586
27033,44.0,-94.9,0.04816453826392814
27033,43.9,-95.5,0.0066563822259792195
27033,43.9,-95.4,0.05314714582386215
27033,43.9,-95.3,0.053147145823865066
27033,43.9,-95.2,0.05314714582386209
27033,43.9,-95.1,0.05314714582386081
27033,43.9,-95.0,0.05314714582386101
27033,43.9,-94.9,0.04821600170638148
27033,43.8,-95.5,0.00013703439690053855
27033,43.8,-95.4,0.0010888608316210933
27033,43.8,-95.3,0.0010534856981567636
27033,43.8,-95.2,0.0011496444485927539
27033,43.8,-95.1,0.0011071025596095941
27033,43.8,-95.0,0.0011375906363315755
27033,43.8,-94.9,0.0010143749405737079
27051,46.1,-96.3,0.005229856687208919
27051,46.1,-96.2,0.033779265116495136
27051,46.1,-96.1,0.033708491182828176
27051,46.1,-96.0,0.03371961067892396
27051,46.1,-95.9,0.033614812822764566
27051,46.1,-95.8,0.026726335114341172
27051,46.0,-96.3,0.00935947985107979
27051,46.0,-96.2,0.05778080390846224
27051,46.0,-96.1,0.057780803908460424
27051,46.0,-96.0,0.057780803908467085
27051,46.0,-95.9,0.057780803908460424
27051,46.0,-95.8,0.04642887307264526
27051,45.9,-96.3,0.003402460661181941
27051,45.9,-96.2,0.057883788908425715
27051,45.9,-96.1,0.057883788908425354
27051,45.9,-96.0,0.05788378890843494
27051,45.9,-95.9,0.057883788908425354
27051,45.9,-95.8,0.05185915948279762
27051,45.8,-96.3,0.0021182966285732056
27051,45.8,-96.2,0.05228339697905689
27051,45.8,-96.1,0.052405059595333876
27051,45.8,-96.0,0.052484780982174864
27051,45.8,-95.9,0.05237137812202646
27051,45.8,-95.8,0.04785037175500655
29081,40.6,-94.2,0.00912018676170645
29081,40.6,-94.1,0.011413081627966655
29081,40.6,-94.0,0.01208649703083149
29081,40.6,-93.9,0.01294336809192508
29081,40.6,-93.8,0.010268168311584234
29081,40.5,-94.2,0.03919571782143335
29081,40.5,-94.1,0.050030378049457
29081,40.5,-94.0,0.05003037804945445
29081,40.5,-93.9,0.050030378049454156
29081,40.5,-93.8,0.03886590463889269
29081,40.4,-94.2,0.032278121252786916
29081,40.4,-94.1,0.050103720338463574
29081,40.4,-94.0,0.05010372033846609
29081,40.4,-93.9,0.05010372033846196
29081,40.4,-93.8,0.043002813790408226
29081,40.3,-94.2,0.03298558252051019
29081,40.3,-94.1,0.050176907255179405
29081,40.3,-94.0,0.05017690725518227
29081,40.3,-93.9,0.050176907255184394
29081,40.3,-93.8,0.04343053793692995
29081,40.2,-94.2,0.03338256467989155
29081,40.2,-94.1,0.05024993860088935
29081,40.2,-94.0,0.05024993860088828
29081,40.2,-93.9,0.05024993860088926
29081,40.2,-93.8,0.043432420305446175
29081,40.1,-94.2,0.004677572665319891
29081,40.1,-94.1,0.007647172584483616
29081,40.1,-94.0,0.008038791763160821
29081,40.1,-93.9,0.008242553945874524
29081,40.1,-93.8,0.007306111538877961
19059,43.5,-95.4,0.016247904829276256
19059,43.5,-95.3,0.04333586191579701
19059,43.5,-95.2,0.043713309391912494
19059,43.5,-95.1,0.043712078580561003
19059,43.5,-95.0,0.043763766668504005
19059,43.5,-94.9,0.015445015067401292
19059,43.4,-95.4,0.03233585656091256
19059,43.4,-95.3,0.08601882241103168
19059,43.4,-95.2,0.0860188224110328
19059,43.4,-95.1,0.08601882241103492
19059,43.4,-95.0,0.08601882241104188
19059,43.4,-94.9,0.03075885244469956
19059,43.3,-95.4,0.03093250706921732
19059,43.3,-95.3,0.08155573889533235
19059,43.3,-95.2,0.08145390418440918
19059,43.3,-95.1,0.08147747181941899
19059,43.3,-95.0,0.08164656508281662
19059,43.3,-94.9,0.029545877845600105
19033,43.3,-93.5,0.0015716496234296727
19033,43.3,-93.4,0.003302052899983533
19033,43.3,-93.3,0.003193385117310522
19033,43.3,-93.2,0.0030886931509362344
19033,43.3,-93.1,0.003198958449300992
19033,43.3,-93.0,0.0008652970081695249
19033,43.2,-93.5,0.028862926874253795
19033,43.2,-93.4,0.06061526606716499
19033,43.2,-93.3,0.06061526606716517
19033,43.2,-93.2,0.06061526606716759
19033,43.2,-93.1,0.060615266067168494
19033,43.2,-93.0,0.01572095856363258
19033,43.1,-93.5,0.028979335058984992
19033,43.1,-93.4,0.06071310025923763
19033,43.1,-93.3,0.060713100259232114
19033,43.1,-93.2,0.0607131002592273
19033,43.1,-93.1,0.06071310025923109
19033,43.1,-93.0,0.016030487879397988
19033,43.0,-93.5,0.029140801716009343
19033,43.0,-93.4,0.06081074524904316
19033,43.0,-93.3,0.06081074524904632
19033,43.0,-93.2,0.06081074524904907
19033,43.0,-93.1,0.06081074524904318
19033,43.0,-93.0,0.015935389106199693
19033,42.9,-93.5,0.01226577356642161
19033,42.9,-93.4,0.02550647419932913
19033,42.9,-93.3,0.025705172059906377
19033,42.9,-93.2,0.02577852675349691
19033,42.9,-93.1,0.025838692916332895
19033,42.9,-93.0,0.006458978755128056
19123,41.5,-92.9,0.007802891180711455
19123,41.5,-92.8,0.03666719490336996
19123,41.5,-92.7,0.03682597356111083
19123,41.5,-92.6,0.03693711480414143
19123,41.5,-92.5,0.03703932489270854
19123,41.5,-92.4,0.014136682511785572
19123,41.4,-92.9,0.013074375430836378
19123,41.4,-92.8,0.06253787307920336
19123,41.4,-92.7,0.0625378730792029
19123,41.4,-92.6,0.06253787307920472
19123,41.4,-92.5,0.06253787307920332
19123,41.4,-92.4,0.02406095066888189
19123,41.3,-92.9,0.01299762663480501
19123,41.3,-92.8,0.06263254973522152
19123,41.3,-92.7,0.06263254973521903
19123,41.3,-92.6,0.06263254973521867
19123,41.3,-92.5,0.06263254973522067
19123,41.3,-92.4,0.02445035947591131
19123,41.2,-92.9,0.011193030551179156
19123,41.2,-92.8,0.05569161407282221
19123,41.2,-92.7,0.05558405584568998
19123,41.2,-92.6,0.05554439324093971
19123,41.2,-92.5,0.05543835742783639
19123,41.2,-92.4,0.02187436353957606
29107,39.3,-93.5,0.003530902829217288
29107,39.2,-94.0,0.015813334062156008
29107,39.2,-93.9,0.023501142035857053
29107,39.2,-93.8,0.033858544996802534
29107,39.2,-93.7,0.040480297634390296
29107,39.2,-93.6,0.050754501870903475
29107,39.2,-93.5,0.027289437189552183
29107,39.1,-94.1,0.028440953990020786
29107,39.1,-94.0,0.05645569063576478
29107,39.1,-93.9,0.058041972560877376
29107,39.1,-93.8,0.058041972560885446
29107,39.1,-93.7,0.058041972560879576
29107,39.1,-93.6,0.05804197256087662
29107,39.1,-93.5,0.03600469435610465
29107,39.0,-94.1,0.035284469023521586
29107,39.0,-94.0,0.05812287773673212
29107,39.0,-93.9,0.058122877736733275
29107,39.0,-93.8,0.05812287773674278
29107,39.0,-93.7,0.05812287773673578
29107,39.0,-93.6,0.05812287773673657
29107,39.0,-93.5,0.033028086527388326
29107,38.9,-94.1,0.012405157516721868
29107,38.9,-94.0,0.020860352793071118
29107,38.9,-93.9,0.02278109053439242
29107,38.9,-93.8,0.010250118512026502
29107,38.9,-93.7,0.009314600676659094
29107,38.9,-93.6,0.010726717365690266
29107,38.9,-93.5,0.0064376285225601956
29167,37.8,-93.6,0.03490170045857105
29167,37.8,-93.5,0.03603877334084215
29167,37.8,-93.4,0.034258605854983144
29167,37.8,-93.3,0.0323857284092626
29167,37.8,-93.2,0.01910441549741821
29167,37.7,-93.6,0.037008405509286246
29167,37.7,-93.5,0.0588252662262858
29167,37.7,-93.4,0.05882526622628488
29167,37.7,-93.3,0.05882526622628525
29167,37.7,-93.2,0.04242147010435463
29167,37.6,-93.6,0.038285173087765544
29167,37.6,-93.5,0.05890319383378482
29167,37.6,-93.4,0.058903193833785124
29167,37.6,-93.3,0.0589031938337839
29167,37.6,-93.2,0.042746386039378935
29167,37.5,-93.6,0.040546589599896765
29167,37.5,-93.5,0.05898093970145733
29167,37.5,-93.4,0.058980939701456916
29167,37.5,-93.3,0.058980939701453544
29167,37.5,-93.2,0.04104168546857129
29167,37.4,-93.6,0.009756461834358179
29167,37.4,-93.5,0.01473717593150405
29167,37.4,-93.4,0.01615024045079514
29167,37.4,-93.3,0.017731942023188996
29167,37.4,-93.2,0.012757047105245467
18165,40.1,-87.5,0.1012523275472159
18165,40.1,-87.4,0.04031161393007481
18165,40.0,-87.5,0.11611542599851887
18165,40.0,-87.4,0.02594864136230032
18165,39.9,-87.5,0.11714601971158665
18165,39.9,-87.4,0.08447920143464364
18165,39.8,-87.5,0.11742153486494944
18165,39.8,-87.4,0.10082150773541655
18165,39.7,-87.5,0.11712859453947853
18165,39.7,-87.4,0.09255781092377974
18165,39.6,-87.5,0.049665460664118595
18165,39.6,-87.4,0.03715186128791687
29173,39.7,-91.7,0.01794022813867089
29173,39.7,-91.6,0.027101622440040874
29173,39.7,-91.5,0.02689457032776955
29173,39.7,-91.4,0.026870215747504034
29173,39.7,-91.3,0.018117661397015254
29173,39.6,-91.7,0.048784215239892216
29173,39.6,-91.6,0.07608765894934935
29173,39.6,-91.5,0.07608765894935964
29173,39.6,-91.4,0.07608765894935468
29173,39.6,-91.3,0.07276465237911282
29173,39.6,-91.2,0.01452556157885823
29173,39.5,-91.7,0.048552324076854565
29173,39.5,-91.6,0.0761956499019325
29173,39.5,-91.5,0.07590204989457673
29173,39.5,-91.4,0.049357921886579635
29173,39.5,-91.3,0.009033502195704288
29173,39.4,-91.7,0.05068773617086952
29173,39.4,-91.6,0.07630340495607206
29173,39.4,-91.5,0.0739091535882705
29173,39.4,-91.4,0.0009713190228299395
29173,39.3,-91.7,0.013318615803298654
29173,39.3,-91.6,0.02016952586370528
29173,39.3,-91.5,0.022161142183924402
29173,39.3,-91.4,0.002175950358454481
29053,39.1,-93.0,1.9265564439723557e-05
29053,39.1,-92.9,0.0009431661131888668
29053,39.0,-93.0,0.04016291224494034
29053,39.0,-92.9,0.043512227357241334
29053,39.0,-92.8,0.016998813000212224
29053,39.0,-92.7,0.019143193736503503
29053,39.0,-92.6,0.013661911013083164
29053,39.0,-92.5,0.0006703512394119579
29053,38.9,-93.1,0.0009481173006274114
29053,38.9,-93.0,0.06532224848791261
29053,38.9,-92.9,0.06533495529608704
29053,38.9,-92.8,0.0653349552960857
29053,38.9,-92.7,0.0653349552960831
29053,38.9,-92.6,0.06533495529608332
29053,38.9,-92.5,0.021606834211875068
29053,38.8,-93.1,0.0035423010568266214
29053,38.8,-93.0,0.06542536945048481
29053,38.8,-92.9,0.06542536945048506
29053,38.8,-92.8,0.06542536945048788
29053,38.8,-92.7,0.06542536945048688
29053,38.8,-92.6,0.05596474950559697
29053,38.8,-92.5,0.001096370427428309
29053,38.7,-93.1,0.0032464612411158274
29053,38.7,-93.0,0.03977668442069005
29053,38.7,-92.9,0.04271598883297839
29053,38.7,-92.8,0.0430968888029122
29053,38.7,-92.7,0.04429197014128772
29053,38.7,-92.6,0.020238246315443895
18181,40.9,-87.0,0.016425020920450572
18181,40.9,-86.9,0.044328868504642086
18181,40.9,-86.8,0.044363001995457056
18181,40.9,-86.7,0.04412738440503958
18181,40.9,-86.6,0.0300064355589352
18181,40.8,-87.1,0.030790546768162702
18181,40.8,-87.0,0.06568343793199537
18181,40.8,-86.9,0.07112459709219504
18181,40.8,-86.8,0.07112459709218942
18181,40.8,-86.7,0.0711245970921952
18181,40.8,-86.6,0.04915341431858632
18181,40.7,-87.1,0.033711099557783536
18181,40.7,-87.0,0.07122998896089881
18181,40.7,-86.9,0.07122998896089175
18181,40.7,-86.8,0.06580756182911804
18181,40.7,-86.7,0.009583828099411775
18181,40.7,-86.6,0.006741369433784684
18181,40.6,-87.1,0.028830396577366465
18181,40.6,-87.0,0.06260501173657147
18181,40.6,-86.9,0.06305177129487677
18181,40.6,-86.8,0.04895708186944822
18135,40.3,-85.2,0.031341525539490524
18135,40.3,-85.1,0.04655325255027287
18135,40.3,-85.0,0.04743852237343199
18135,40.3,-84.9,0.04782261388109681
18135,40.3,-84.8,0.021909886003065773
18135,40.2,-85.2,0.05378947232473486
18135,40.2,-85.1,0.08057317479080281
18135,40.2,-85.0,0.08057317479080153
18135,40.2,-84.9,0.08057317479079491
18135,40.2,-84.8,0.03524452262021593
18135,40.1,-85.2,0.05230875380869038
18135,40.1,-85.1,0.08069002700461911
18135,40.1,-85.0,0.08069002700462186
18135,40.1,-84.9,0.08069002700462118
18135,40.1,-84.8,0.03324828478977981
18135,40.0,-85.2,0.023330252340655385
18135,40.0,-85.1,0.036761206641319294
18135,40.0,-85.0,0.03630762838119915
18135,40.0,-84.9,0.03586081319493626
18135,40.0,-84.8,0.014293660164849592
18101,38.9,-86.9,0.03212120631689518
18101,38.9,-86.8,0.05940901736916113
18101,38.9,-86.7,0.039941325316613735
18101,38.8,-86.9,0.0731925789865162
18101,38.8,-86.8,0.1093943048866107
18101,38.8,-86.7,0.07299414852011324
18101,38.7,-86.9,0.08059946894132636
18101,38.7,-86.8,0.10954514336652807
18101,38.7,-86.7,0.07318767339701629
18101,38.6,-86.9,0.08108157940322619
18101,38.6,-86.8,0.10969564318869478
18101,38.6,-86.7,0.07390507230076332
18101,38.5,-86.9,0.039737409774923974
18101,38.5,-86.8,0.027587019694617045
18101,38.5,-86.7,0.017608408536993816
29007,39.3,-92.3,0.03187962125786859
29007,39.3,-92.2,0.04991524496274007
29007,39.3,-92.1,0.048372562804159226
29007,39.3,-92.0,0.04777794253771496
29007,39.3,-91.9,0.046909983485000514
29007,39.3,-91.8,0.04684757753718264
29007,39.3,-91.7,0.04197423694464665
29007,39.3,-91.6,0.0390561773127285
29007,39.3,-91.5,0.03767312278409964
29007,39.3,-91.4,0.006398826872733876
29007,39.2,-92.3,0.0015954987461312465
29007,39.2,-92.2,0.003970184071238001
29007,39.2,-92.1,0.0318964134888399
29007,39.2,-92.0,0.053137168310003764
29007,39.2,-91.9,0.0531371683099992
29007,39.2,-91.8,0.05313716830999853
29007,39.2,-91.7,0.053137168309996895
29007,39.2,-91.6,0.053137168309999754
29007,39.2,-91.5,0.0531371683100068
29007,39.2,-91.4,0.016731607528446036
29007,39.1,-92.1,0.02696797880130729
29007,39.1,-92.0,0.0465585678438535
29007,39.1,-91.9,0.04697252579641026
29007,39.1,-91.8,0.04742225860374714
29007,39.1,-91.7,0.04807063939677995
29007,39.1,-91.6,0.010113447284665438
29007,39.1,-91.5,0.002609598364458018
29007,39.1,-91.4,0.0014629737152435584
29177,39.5,-94.2,0.02941617666858074
29177,39.5,-94.1,0.04871816439134247
29177,39.5,-94.0,0.04797190993994024
29177,39.5,-93.9,0.04835172765661348
29177,39.5,-93.8,0.043996377350044254
29177,39.4,-94.2,0.03939755948061424
29177,39.4,-94.1,0.0643084026652397
29177,39.4,-94.0,0.06430840266523916
29177,39.4,-93.9,0.06430840266523875
29177,39.4,-93.8,0.058535633380273115
29177,39.3,-94.2,0.03998983262021743
29177,39.3,-94.1,0.06439901941361534
29177,39.3,-94.0,0.06439901941362065
29177,39.3,-93.9,0.06439901941361716
29177,39.3,-93.8,0.05864803835240387
29177,39.2,-94.2,0.02180995556733376
29177,39.2,-94.1,0.06052066820727697
29177,39.2,-94.0,0.0468949339628962
29177,39.2,-93.9,0.038341193232814784
29177,39.2,-93.8,0.024452427629674794
29177,39.1,-94.1,0.005068179128002707
29177,39.1,-94.0,0.0017649561954001373
18161,39.7,-85.0,0.14803324551996686
18161,39.7,-84.9,0.1705647200600961
18161,39.7,-84.8,0.060724028845204135
18161,39.6,-85.0,0.1910624852330452
18161,39.6,-84.9,0.22276304914317982
18161,39.6,-84.8,0.07825384094204141
18161,39.5,-85.0,0.04904221314676739
18161,39.5,-84.9,0.058304593637261336
18161,39.5,-84.8,0.021251823472437707
29199,40.6,-92.4,0.0003347942785344145
29199,40.6,-92.3,0.039970783934448396
29199,40.6,-92.2,0.041407752580344535
29199,40.6,-92.1,0.04290376721149597
29199,40.6,-92.0,0.04493025221660286
29199,40.6,-91.9,0.002993624329777593
29199,40.5,-92.4,0.0010542100044689559
29199,40.5,-92.3,0.0827139028818397
29199,40.5,-92.2,0.08271390288184097
29199,40.5,-92.1,0.08271390288184291
29199,40.5,-92.0,0.08271390288184756
29199,40.5,-91.9,0.004432142041724414
29199,40.4,-92.4,0.00040521255641738353
29199,40.4,-92.3,0.08283403621952846
29199,40.4,-92.2,0.08283515775151469
29199,40.4,-92.1,0.08283515775151466
29199,40.4,-92.0,0.08283515775151337
29199,40.4,-91.9,0.0029140498668046152
29199,40.3,-92.4,2.2417320642876006e-06
29199,40.3,-92.3,0.03888357187290249
29199,40.3,-92.2,0.038154127063407886
29199,40.3,-92.1,0.03881315641286535
29199,40.3,-92.0,0.04012059306720292
29199,40.3,-91.9,0.0004845998294956855
29163,39.6,-91.3,0.0020860314870353516
29163,39.6,-91.2,0.0177150967172708
29163,39.5,-91.5,0.00020748863359730798
29163,39.5,-91.4,0.018966360269270018
29163,39.5,-91.3,0.047463834834513156
29163,39.5,-91.2,0.05378885078499144
29163,39.5,-91.1,0.03848044036447884
29163,39.5,-91.0,0.0002512443332274468
29163,39.4,-91.5,0.001692029742275185
29163,39.4,-91.4,0.053237572153209345
29163,39.4,-91.3,0.053924008296865486
29163,39.4,-91.2,0.05392400829686779
29163,39.4,-91.1,0.05392400829686714
29163,39.4,-91.0,0.04202847901074275
29163,39.4,-90.9,0.013077074572032605
29163,39.3,-91.4,0.04595037822875844
29163,39.3,-91.3,0.05399999243095537
29163,39.3,-91.2,0.053999992430956545
29163,39.3,-91.1,0.05399999243095807
29163,39.3,-91.0,0.053999992430956996
29163,39.3,-90.9,0.05394002380340018
29163,39.3,-90.8,0.0317117131917709
29163,39.3,-90.7,0.0012855214408979292
29163,39.2,-91.4,0.03704864655249538
29163,39.2,-91.3,0.05407580944379136
29163,39.2,-91.2,0.0399145300997715
29163,39.2,-91.1,0.01308445755919187
29163,39.2,-91.0,0.013647916210638641
29163,39.2,-90.9,0.013554564739114846
29163,39.2,-90.8,0.013920642532516892
29163,39.2,-90.7,0.003742163752788855
29163,39.1,-91.4,0.0025578470970936246
29163,39.1,-91.3,0.00510236215171289
29163,39.1,-91.2,0.0036969256789849596
29075,40.4,-94.6,0.013420316913528931
29075,40.4,-94.5,0.027192418874433986
29075,40.4,-94.4,0.027085287411881633
29075,40.4,-94.3,0.026800291774158224
29075,40.4,-94.2,0.009095103388336634
29075,40.3,-94.6,0.03845363939790465
29075,40.3,-94.5,0.07413039502472793
29075,40.3,-94.4,0.07413039502472597
29075,40.3,-94.3,0.0741303950247245
29075,40.3,-94.2,0.0253981315966397
29075,40.2,-94.6,0.04039139941802981
29075,40.2,-94.5,0.07423829012633495
29075,40.2,-94.4,0.07423829012633543
29075,40.2,-94.3,0.07423829012633372
29075,40.2,-94.2,0.024919532912507345
29075,40.1,-94.6,0.04167323663104429
29075,40.1,-94.5,0.07434595509763273
29075,40.1,-94.4,0.07434595509763413
29075,40.1,-94.3,0.07434595509763736
29075,40.1,-94.2,0.02436301694162337
29075,40.0,-94.6,0.004527563916424726
29075,40.0,-94.5,0.008175031979809257
29075,40.0,-94.4,0.008118461310183008
29075,40.0,-94.3,0.008874909155527293
29075,40.0,-94.2,0.0033677376318804225
29051,38.7,-92.4,0.04424775098497673
29051,38.7,-92.3,0.01463663718927212
29051,38.6,-92.5,0.0004362816695628844
29051,38.6,-92.4,0.08321697885320745
29051,38.6,-92.3,0.0929347481479951
29051,38.6,-92.2,0.058803576292232915
29051,38.6,-92.1,0.011382150897245178
29051,38.6,-92.0,0.004467648246276444
29051,38.5,-92.5,0.02026341464863736
29051,38.5,-92.4,0.09371581694028036
29051,38.5,-92.3,0.09371581694027699
29051,38.5,-92.2,0.09032766811318876
29051,38.5,-92.1,0.0805580626910162
29051,38.5,-92.0,0.023194429391011354
29051,38.4,-92.5,0.008895529417887692
29051,38.4,-92.4,0.062236331851686644
29051,38.4,-92.3,0.09384363816361013
29051,38.4,-92.2,0.08155693220825669
29051,38.4,-92.1,0.01201179175904611
29051,38.3,-92.4,0.005548001577085865
29051,38.3,-92.3,0.014411634374630463
29051,38.3,-92.2,0.0095951596426165
29001,40.3,-92.9,0.0033282217194681844
29001,40.3,-92.8,0.059255067961879
29001,40.3,-92.7,0.059619988695345495
29001,40.3,-92.6,0.060168002928769865
29001,40.3,-92.5,0.060801713088381226
29001,40.3,-92.4,0.06162947444579203
29001,40.3,-92.3,0.0005757020905699036
29001,40.2,-92.9,0.003608735741448886
29001,40.2,-92.8,0.06410577343788584
29001,40.2,-92.7,0.06410577343788522
29001,40.2,-92.6,0.06410577343788706
29001,40.2,-92.5,0.06410577343788684
29001,40.2,-92.4,0.06410577343788276
29001,40.2,-92.3,0.0019244210147677373
29001,40.1,-92.9,0.003954264817996389
29001,40.1,-92.8,0.06419874360524529
29001,40.1,-92.7,0.06419874360524563
29001,40.1,-92.6,0.06419874360524175
29001,40.1,-92.5,0.06419874360523976
29001,40.1,-92.4,0.06419874360524264
29001,40.1,-92.3,0.0027347312521021597
29001,40.0,-92.9,0.0005104061259413949
29001,40.0,-92.8,0.007998159093761488
29001,40.0,-92.7,0.007645540102982403
29001,40.0,-92.6,0.0077329557561868455
29001,40.0,-92.5,0.008275002110774105
29001,40.0,-92.4,0.00832910418339524
29001,40.0,-92.3,0.00038592365479489987
17145,38.2,-89.6,0.024638510388412842
17145,38.2,-89.5,0.05625669137692359
17145,38.2,-89.4,0.05440463884010909
17145,38.2,-89.3,0.053713140825149525
17145,38.2,-89.2,0.05347613308848596
17145,38.2,-89.1,0.0008381095236966829
17145,38.1,-89.6,0.03595313823181471
17145,38.1,-89.5,0.08408950782799404
17145,38.1,-89.4,0.08408950782799408
17145,38.1,-89.3,0.08408950782801157
17145,38.1,-89.2,0.0840895078279948
17145,38.1,-89.1,0.01615359288365175
17145,38.0,-89.6,0.03529993455776884
17145,38.0,-89.5,0.08084564209713965
17145,38.0,-89.4,0.08206494422074731
17145,38.0,-89.3,0.08343893043647421
17145,38.0,-89.2,0.08146696752227592
17145,38.0,-89.1,0.00509159469535547
17183,40.5,-87.9,0.012378860382478062
17183,40.5,-87.8,0.015179788865189852
17183,40.5,-87.7,0.015357254596823269
17183,40.5,-87.6,0.015914235064470244
17183,40.5,-87.5,0.0038494057035453957
17183,40.4,-87.9,0.033185593717189495
17183,40.4,-87.8,0.04038523106191213
17183,40.4,-87.7,0.040385231061912975
17183,40.4,-87.6,0.0403852310619148
17183,40.4,-87.5,0.008974290586905851
17183,40.3,-87.9,0.032319082462765436
17183,40.3,-87.8,0.040444222101345725
17183,40.3,-87.7,0.040444222101344934
17183,40.3,-87.6,0.040444222101345254
17183,40.3,-87.5,0.008368962175719235
17183,40.2,-87.9,0.03583186898281738
17183,40.2,-87.8,0.04050308774548199
17183,40.2,-87.7,0.04050308774547976
17183,40.2,-87.6,0.04050308774548138
17183,40.2,-87.5,0.007812949321214714
17183,40.1,-87.9,0.03647439584649688
17183,40.1,-87.8,0.04056182783462087
17183,40.1,-87.7,0.04056182783462236
17183,40.1,-87.6,0.0405618278346224
17183,40.1,-87.5,0.00736195507102351
17183,40.0,-87.9,0.036091208981437556
17183,40.0,-87.8,0.04062044220946811
17183,40.0,-87.7,0.040620442209468165
17183,40.0,-87.6,0.04062044220946788
17183,40.0,-87.5,0.007135650837536777
17183,39.9,-87.9,0.025056236342894056
17183,39.9,-87.8,0.028190417814423743
17183,39.9,-87.7,0.028089804314715687
17183,39.9,-87.6,0.030231300662129104
17183,39.9,-87.5,0.004652305411734973
17007,42.5,-88.9,0.04994691533063017
17007,42.5,-88.8,0.053047875654654866
17007,42.5,-88.7,0.02320594939390732
17007,42.4,-88.9,0.11340556942276489
17007,42.4,-88.8,0.12516478644230108
17007,42.4,-88.7,0.05523057015416682
17007,42.3,-88.9,0.11361568528893744
17007,42.3,-88.8,0.12536114559383454
17007,42.3,-88.7,0.05568373125058933
17007,42.2,-88.9,0.11023714054406965
17007,42.2,-88.8,0.12125711348472239
17007,42.2,-88.7,0.05384351743942144
17081,38.5,-89.1,0.014622025195224366
17081,38.5,-89.0,0.015997014166577724
17081,38.5,-88.9,0.017005884868868164
17081,38.5,-88.8,0.016507119163110217
17081,38.5,-88.7,0.008248738634097117
17081,38.4,-89.1,0.06114366651316977
17081,38.4,-89.0,0.06413543896473022
17081,38.4,-88.9,0.06413543896473288
17081,38.4,-88.8,0.0641354389647306
17081,38.4,-88.7,0.032331220676007216
17081,38.3,-89.1,0.06180192363832452
17081,38.3,-89.0,0.06422259749457236
17081,38.3,-88.9,0.06422259749456731
17081,38.3,-88.8,0.0642225974945666
17081,38.3,-88.7,0.03128319415571219
17081,38.2,-89.1,0.0630198039267856
17081,38.2,-89.0,0.06430955762347136
17081,38.2,-88.9,0.06430955762347139
17081,38.2,-88.8,0.06430955762347616
17081,38.2,-88.7,0.029862689879380365
17081,38.1,-89.1,0.016158370174189515
17081,38.1,-89.0,0.015962424467238123
17081,38.1,-88.9,0.015514747560466393
17081,38.1,-88.8,0.01533474555989292
17081,38.1,-88.7,0.00720364917263686
17113,40.8,-89.0,0.0002968958055835606
17113,40.8,-88.9,0.0011692325722824138
17113,40.8,-88.8,0.0015840295825997777
17113,40.8,-88.7,0.0019484047312086623
17113,40.8,-88.6,0.001454449334469181
17113,40.7,-89.0,0.013572302392586336
17113,40.7,-88.9,0.03054670345834272
17113,40.7,-88.8,0.0305467034583424
17113,40.7,-88.7,0.030546703458341148
17113,40.7,-88.6,0.020895650122577037
17113,40.6,-89.3,0.0025451605627873314
17113,40.6,-89.2,0.013950931490437683
17113,40.6,-89.1,0.020505330278973204
17113,40.6,-89.0,0.03022421767480757
17113,40.6,-88.9,0.03059180557354873
17113,40.6,-88.8,0.030591805573548823
17113,40.6,-88.7,0.03059180557354767
17113,40.6,-88.6,0.028073357765644475
17113,40.6,-88.5,0.018589506827704473
17113,40.5,-89.3,0.005165798342040288
17113,40.5,-89.2,0.030636812788644302
17113,40.5,-89.1,0.030636812788643313
17113,40.5,-89.0,0.030636812788641422
17113,40.5,-88.9,0.030636812788640017
17113,40.5,-88.8,0.030636812788639896
17113,40.5,-88.7,0.030636812788642193
17113,40.5,-88.6,0.0306368127886451
17113,40.5,-88.5,0.027793671811295308
17113,40.4,-89.3,0.004607806474758213
17113,40.4,-89.2,0.03068172498130342
17113,40.4,-89.1,0.030681724981303733
17113,40.4,-89.0,0.030681724981306467
17113,40.4,-88.9,0.03068172498130657
17113,40.4,-88.8,0.03068172498130673
17113,40.4,-88.7,0.030681724981305548
17113,40.4,-88.6,0.030681724981303084
17113,40.4,-88.5,0.027635962221422315
17113,40.3,-89.3,0.002860872224253457
17113,40.3,-89.2,0.02096437050634436
17113,40.3,-89.1,0.020761299303645567
17113,40.3,-89.0,0.02062508080055566
17113,40.3,-88.9,0.020693399300207072
17113,40.3,-88.8,0.020721679607730335
17113,40.3,-88.7,0.02082942204701522
17113,40.3,-88.6,0.020992071878514252
17113,40.3,-88.5,0.018893804855252907
17191,38.6,-88.7,0.01430055961158042
17191,38.6,-88.6,0.029723388981056396
17191,38.6,-88.5,0.028781925503271577
17191,38.6,-88.4,0.02753562877556727
17191,38.6,-88.3,0.026312096420421392
17191,38.6,-88.2,0.025337953622398626
17191,38.6,-88.1,0.0005136057656699165
17191,38.5,-88.7,0.025592025620229983
17191,38.5,-88.6,0.05225108080796814
17191,38.5,-88.5,0.052251080807968406
17191,38.5,-88.4,0.052251080807967344
17191,38.5,-88.3,0.05225108080796726
17191,38.5,-88.2,0.05225108080796545
17191,38.5,-88.1,0.0010528417451143846
17191,38.4,-88.7,0.025946206677856132
17191,38.4,-88.6,0.05232234729517241
17191,38.4,-88.5,0.05232234729517399
17191,38.4,-88.4,0.05232234729517382
17191,38.4,-88.3,0.05232234729517671
17191,38.4,-88.2,0.05232234729517742
17191,38.4,-88.1,0.0007906967479433262
17191,38.3,-88.7,0.025104542015266865
17191,38.3,-88.6,0.04909875177706
17191,38.3,-88.5,0.04942055937147411
17191,38.3,-88.4,0.04946080004470104
17191,38.3,-88.3,0.04912457274490933
17191,38.3,-88.2,0.04885529244862318
17191,38.3,-88.1,0.00018141161114505487
17001,40.2,-91.5,0.01258689507092039
17001,40.2,-91.4,0.02069264226410269
17001,40.2,-91.3,0.020097711574949755
17001,40.2,-91.2,0.01949776040063037
17001,40.2,-91.1,0.018934789719976853
17001,40.2,-91.0,0.018489519229445524
17001,40.2,-90.9,0.006826801361994177
17001,40.1,-91.5,0.022070479415307844
17001,40.1,-91.4,0.04195308086672494
17001,40.1,-91.3,0.04195308086672913
17001,40.1,-91.2,0.041953080866729484
17001,40.1,-91.1,0.04195308086672988
17001,40.1,-91.0,0.04195308086672811
17001,40.1,-90.9,0.015324570682815137
17001,40.0,-91.5,0.009349907292959685
17001,40.0,-91.4,0.04173522836402143
17001,40.0,-91.3,0.04201370568910425
17001,40.0,-91.2,0.04201370568910468
17001,40.0,-91.1,0.042013705689105646
17001,40.0,-91.0,0.04201370568910416
17001,40.0,-90.9,0.014886934450283334
17001,39.9,-91.4,0.03577778582757087
17001,39.9,-91.3,0.04207420032102782
17001,39.9,-91.2,0.04207420032102765
17001,39.9,-91.1,0.04207420032102616
17001,39.9,-91.0,0.04207420032102554
17001,39.9,-90.9,0.014164775961233098
17001,39.8,-91.4,0.013968741517508324
17001,39.8,-91.3,0.03879728130181333
17001,39.8,-91.2,0.03917742612717422
17001,39.8,-91.1,0.039118204319860246
17001,39.8,-91.0,0.03920435134959982
17001,39.8,-90.9,0.013181165393665437
17133,38.5,-90.3,0.015659096767827674
17133,38.5,-90.2,0.02115764224447773
17133,38.4,-90.4,0.0013606884431719257
17133,38.4,-90.3,0.06899041316699273
17133,38.4,-90.2,0.09179424405272933
17133,38.4,-90.1,0.0254672873624861
17133,38.3,-90.4,0.019142350310485105
17133,38.3,-90.3,0.09414976805954593
17133,38.3,-90.2,0.09414976805954586
17133,38.3,-90.1,0.09277136342311171
17133,38.3,-90.0,0.05778935670212298
17133,38.3,-89.9,0.02049429693687907
17133,38.2,-90.4,0.0040385974371826595
17133,38.2,-90.3,0.07266788395058703
17133,38.2,-90.2,0.09427725085043642
17133,38.2,-90.1,0.09427725085044077
17133,38.2,-90.0,0.03556661488305833
17133,38.2,-89.9,0.012344195101996823
17133,38.1,-90.3,0.0023299426189826444
17133,38.1,-90.2,0.048819349364870715
17133,38.1,-90.1,0.030616935413172893
17133,38.1,-90.0,0.002135703999895612
17121,38.8,-89.1,0.04198096209389887
17121,38.8,-89.0,0.04739242660323011
17121,38.8,-88.9,0.04802936630435222
17121,38.8,-88.8,0.04829006661135203
17121,38.8,-88.7,0.02649954640725138
17121,38.7,-89.1,0.05747509577452547
17121,38.7,-89.0,0.06471919528101654
17121,38.7,-88.9,0.06471919528101266
17121,38.7,-88.8,0.06471919528101196
17121,38.7,-88.7,0.034004281108122716
17121,38.6,-89.1,0.0590160837153636
17121,38.6,-89.0,0.06480811047233721
17121,38.6,-88.9,0.06480811047233852
17121,38.6,-88.8,0.0648081104723367
17121,38.6,-88.7,0.033386063216531356
17121,38.5,-89.1,0.046066822737302685
17121,38.5,-89.0,0.04868782426947773
17121,38.5,-88.9,0.047665584360874695
17121,38.5,-88.8,0.04817095953760807
17121,38.5,-88.7,0.024753000000055553
17095,41.2,-90.4,0.0005652113601593705
17095,41.2,-90.3,0.0007209710734831608
17095,41.2,-90.2,0.0008572204654688138
17095,41.2,-90.1,0.00011447053449117969
17095,41.1,-90.4,0.0443743821036634
17095,41.1,-90.3,0.05004102815042002
17095,41.1,-90.2,0.05004102815041914
17095,41.1,-90.1,0.04997077948622966
17095,41.1,-90.0,0.032457409742923764
17095,41.0,-90.4,0.045252809038499944
17095,41.0,-90.3,0.05011597839365659
17095,41.0,-90.2,0.05011597839365655
17095,41.0,-90.1,0.05011597839365495
17095,41.0,-90.0,0.03240645046659119
17095,40.9,-90.4,0.045968419384411506
17095,40.9,-90.3,0.05019077305683886
17095,40.9,-90.2,0.050190773056837
17095,40.9,-90.1,0.050190773056837196
17095,40.9,-90.0,0.03241364169369527
17095,40.8,-90.4,0.04673869927975385
17095,40.8,-90.3,0.05026541193617163
17095,40.8,-90.2,0.05026541193617341
17095,40.8,-90.1,0.05026541193617034
17095,40.8,-90.0,0.03247219653624584
17095,40.7,-90.4,0.016822027828769636
17095,40.7,-90.3,0.0181606551908907
17095,40.7,-90.2,0.018337064852943282
17095,40.7,-90.1,0.01852668340511925
17095,40.7,-90.0,0.012042361095824546
17159,38.9,-88.0,1.4118502673771781e-05
17159,38.9,-87.9,5.564395451964943e-05
17159,38.8,-88.3,0.008331435137482728
17159,38.8,-88.2,0.09990240394340391
17159,38.8,-88.1,0.1011295043556496
17159,38.8,-88.0,0.10263498197618373
17159,38.8,-87.9,0.04278099495560929
17159,38.7,-88.3,0.02798563108975117
17159,38.7,-88.2,0.103037955385827
17159,38.7,-88.1,0.10303795538581649
17159,38.7,-88.0,0.10303795538582482
17159,38.7,-87.9,0.0420316028216083
17159,38.6,-88.3,0.015176865546185137
17159,38.6,-88.2,0.05306994594136863
17159,38.6,-88.1,0.08249689264060742
17159,38.6,-88.0,0.08222684879762711
17159,38.6,-87.9,0.03304926417986125
17083,39.3,-90.2,0.005834830544190473
17083,39.3,-90.1,0.00023275101302204482
17083,39.2,-90.6,0.01099693481190792
17083,39.2,-90.5,0.028113182356796464
17083,39.2,-90.4,0.024017370886304158
17083,39.2,-90.3,0.055478650657598445
17083,39.2,-90.2,0.08661160646133316
17083,39.2,-90.1,0.003013842724574902
17083,39.1,-90.6,0.04215976176904416
17083,39.1,-90.5,0.09822930681658994
17083,39.1,-90.4,0.0982293068165957
17083,39.1,-90.3,0.09822930681659335
17083,39.1,-90.2,0.09822930681659307
17083,39.1,-90.1,0.003930983664576815
17083,39.0,-90.6,0.017138823967203284
17083,39.0,-90.5,0.08503461321484157
17083,39.0,-90.4,0.08941676650745166
17083,39.0,-90.3,0.0865455268052763
17083,39.0,-90.2,0.050041208667664545
17083,39.0,-90.1,0.002024497698670319
17083,38.9,-90.4,0.0007474416545849139
17083,38.9,-90.3,0.01574397932858677
39137,41.2,-84.3,0.010614919543664747
39137,41.2,-84.2,0.01189098560937872
39137,41.2,-84.1,0.01227253820926727
39137,41.2,-84.0,0.012686291010137404
39137,41.2,-83.9,0.008981813944000204
39137,41.1,-84.3,0.06834339043731157
39137,41.1,-84.2,0.07438723934308998
39137,41.1,-84.1,0.07438723934309009
39137,41.1,-84.0,0.0743872393430895
39137,41.1,-83.9,0.051455678989157976
39137,41.0,-84.4,0.014846962337189462
39137,41.0,-84.3,0.07101690737733021
39137,41.0,-84.2,0.07449865475337808
39137,41.0,-84.1,0.07449865475337863
39137,41.0,-84.0,0.0744986547533744
39137,41.0,-83.9,0.051696971610258526
39137,40.9,-84.4,0.016923598704815572
39137,40.9,-84.3,0.06444837569237719
39137,40.9,-84.2,0.06727682329796365
39137,40.9,-84.1,0.046944939941885026
39137,40.9,-84.0,0.028540891814808855
39137,40.9,-83.9,0.015401229191052884
39025,39.3,-84.3,0.0033881201293775296
39025,39.3,-84.2,0.013719209365302248
39025,39.3,-84.1,0.008675284133685035
39025,39.3,-84.0,0.0028350457058484687
39025,39.2,-84.3,0.038004750103615294
39025,39.2,-84.2,0.08049824721886407
39025,39.2,-84.1,0.08049824721886856
39025,39.2,-84.0,0.04297891272012553
39025,39.1,-84.3,0.047595597672947965
39025,39.1,-84.2,0.08061086073837162
39025,39.1,-84.1,0.08061086073836914
39025,39.1,-84.0,0.03273477966744445
39025,39.0,-84.3,0.043817837357412875
39025,39.0,-84.2,0.08072322487032861
39025,39.0,-84.1,0.08072322487032962
39025,39.0,-84.0,0.02161670255109622
39025,38.9,-84.3,0.004730243870200779
39025,38.9,-84.2,0.07358353973560768
39025,38.9,-84.1,0.0808353393122619
39025,38.9,-84.0,0.011250099303060743
39025,38.8,-84.2,0.03150504484485581
39025,38.8,-84.1,0.05724875237202356
39025,38.8,-84.0,0.0018160755000023274
17065,38.3,-88.7,0.002901857871638939
17065,38.3,-88.6,0.005408398656572399
17065,38.3,-88.5,0.004880137029572689
17065,38.3,-88.4,0.0038459304567928657
17065,38.2,-88.7,0.04613087167092764
17065,38.2,-88.6,0.08612266206558138
17065,38.2,-88.5,0.08612266206557921
17065,38.2,-88.4,0.0679614066773363
17065,38.1,-88.7,0.04744049185812756
17065,38.1,-88.6,0.08623885211872946
17065,38.1,-88.5,0.08623885211872784
17065,38.1,-88.4,0.0666970364231502
17065,38.0,-88.7,0.048480049184255025
17065,38.0,-88.6,0.08635477585250123
17065,38.0,-88.5,0.0863547758525001
17065,38.0,-88.4,0.06541946120494482
17065,37.9,-88.7,0.02112371409072668
17065,37.9,-88.6,0.03723793573936689
17065,37.9,-88.5,0.037269245507988207
17065,37.9,-88.4,0.027770883554980606
17127,37.3,-88.9,0.09396355129907155
17127,37.3,-88.8,0.13415191727117606
17127,37.3,-88.7,0.11274690564545423
17127,37.3,-88.6,0.013342689641113322
17127,37.2,-88.9,0.04262265609086188
17127,37.2,-88.8,0.10732602412307271
17127,37.2,-88.7,0.15685157887887882
17127,37.2,-88.6,0.13785708997798513
17127,37.2,-88.5,0.03029775936946825
17127,37.1,-88.7,0.01705736834116848
17127,37.1,-88.6,0.07592360343169074
17127,37.1,-88.5,0.07785885593005888
39139,41.0,-82.7,0.02436756333358425
39139,41.0,-82.6,0.03200410494656293
39139,41.0,-82.5,0.031144918330222957
39139,41.0,-82.4,0.010053578760917649
39139,40.9,-82.7,0.053852024150630784
39139,40.9,-82.6,0.07224956995677637
39139,40.9,-82.5,0.07224956995676725
39139,40.9,-82.4,0.024249243436466623
39139,40.8,-82.7,0.054916932344130316
39139,40.8,-82.6,0.07235701255239607
39139,40.8,-82.5,0.07235701255239071
39139,40.8,-82.4,0.039241443398431095
39139,40.7,-82.7,0.02194965685801338
39139,40.7,-82.6,0.06455192160797506
39139,40.7,-82.5,0.07246423060462218
39139,40.7,-82.4,0.06769164313069496
39139,40.7,-82.3,0.006161356428992926
39139,40.6,-82.6,0.05576294782026864
39139,40.6,-82.5,0.07219885818619444
39139,40.6,-82.4,0.071723960800201
39139,40.6,-82.3,0.008428677920562191
39139,40.5,-82.6,2.377292319828398e-05
39021,40.3,-84.0,0.012054236562032423
39021,40.3,-83.9,0.01412045581146148
39021,40.3,-83.8,0.006597343805655304
39021,40.2,-84.0,0.06069801893337103
39021,40.2,-83.9,0.08493046319116246
39021,40.2,-83.8,0.08319715566179321
39021,40.2,-83.7,0.0762651792037457
39021,40.2,-83.6,0.0703371276168704
39021,40.2,-83.5,0.03441120839745365
39021,40.1,-84.0,0.06866541531969148
39021,40.1,-83.9,0.08505363461478782
39021,40.1,-83.8,0.08505363461478584
39021,40.1,-83.7,0.08505363461478334
39021,40.1,-83.6,0.08505363461477944
39021,40.1,-83.5,0.038027658594543684
39021,40.0,-84.0,0.008734356303333487
39021,40.0,-83.9,0.014938288323926244
39021,40.0,-83.8,0.019745841080707857
39021,40.0,-83.7,0.02499697440109383
39021,40.0,-83.6,0.030065590294009768
39021,40.0,-83.5,0.012000148040011635
39151,41.0,-81.4,0.016094887063584057
39151,41.0,-81.3,0.02394814388246682
39151,41.0,-81.2,0.02374281253547577
39151,41.0,-81.1,0.015068207028445095
39151,40.9,-81.6,0.03810389368510432
39151,40.9,-81.5,0.03675680467346538
39151,40.9,-81.4,0.05397376315370098
39151,40.9,-81.3,0.062234554898634206
39151,40.9,-81.2,0.06223455489863615
39151,40.9,-81.1,0.03939489251463818
39151,40.8,-81.6,0.06116024488997756
39151,40.8,-81.5,0.062327104129306574
39151,40.8,-81.4,0.062327104129308496
39151,40.8,-81.3,0.06232710412930484
39151,40.8,-81.2,0.06232710412930265
39151,40.8,-81.1,0.03930011191890177
39151,40.7,-81.7,6.2254054543771144e-09
39151,40.7,-81.6,0.06199410234776179
39151,40.7,-81.5,0.060157446411543504
39151,40.7,-81.4,0.05992584761149505
39151,40.7,-81.3,0.06157260637039741
39151,40.7,-81.2,0.01994372206339675
39151,40.7,-81.1,0.008575753243410682
39151,40.6,-81.6,0.006018925550394296
39151,40.6,-81.5,0.0004903025159422047
39169,41.0,-82.1,0.021124736913518783
39169,41.0,-82.0,0.026037092103435522
39169,41.0,-81.9,0.025427761529630877
39169,41.0,-81.8,0.02481553346323874
39169,41.0,-81.7,0.024958713815363652
39169,41.0,-81.6,0.0005835090448801099
39169,40.9,-82.1,0.04985467384966886
39169,40.9,-82.0,0.06490136085943729
39169,40.9,-81.9,0.06490136085943381
39169,40.9,-81.8,0.06490136085944065
39169,40.9,-81.7,0.06490136085943561
39169,40.9,-81.6,0.0014293525297226085
39169,40.8,-82.1,0.04983720466205373
39169,40.8,-82.0,0.0649978759068576
39169,40.8,-81.9,0.06499787590685506
39169,40.8,-81.8,0.06499787590685589
39169,40.8,-81.7,0.06499787590685585
39169,40.8,-81.6,0.0012168601942586287
39169,40.7,-82.1,0.040663691254717256
39169,40.7,-82.0,0.05339301685752947
39169,40.7,-81.9,0.053848510238645
39169,40.7,-81.8,0.0534745353782887
39169,40.7,-81.7,0.05341325992019957
39169,40.7,-81.6,0.0003246011796767152
39037,40.4,-84.8,0.0008397497134266478
39037,40.4,-84.7,0.001235856237658171
39037,40.4,-84.6,0.0015630368478798092
39037,40.4,-84.5,0.002466975788326312
39037,40.4,-84.4,0.0003950602918306804
39037,40.3,-84.8,0.033000592752889725
39037,40.3,-84.7,0.060747901041995275
39037,40.3,-84.6,0.06074790104199849
39037,40.3,-84.5,0.06074790104200013
39037,40.3,-84.4,0.009568231380140594
39037,40.2,-84.8,0.03422514149994301
39037,40.2,-84.7,0.06083631822840438
39037,40.2,-84.6,0.06083631822840297
39037,40.2,-84.5,0.06083631822840238
39037,40.2,-84.4,0.010454614164191795
39037,40.1,-84.8,0.035820618142277036
39037,40.1,-84.7,0.06092454682909888
39037,40.1,-84.6,0.06092454682910107
39037,40.1,-84.5,0.0609245468291011
39037,40.1,-84.4,0.012135546492759558
39037,40.0,-84.8,0.03717962865596423
39037,40.0,-84.7,0.061012586604818606
39037,40.0,-84.6,0.06101258660481271
39037,40.0,-84.5,0.061012586604815615
39037,40.0,-84.4,0.013564227112893639
39037,39.9,-84.8,0.012581332972193136
39037,39.9,-84.7,0.02036704626924986
39037,39.9,-84.6,0.020228671679560765
39037,39.9,-84.5,0.0193778767867084
39037,39.9,-84.4,0.0044317350991550045
39103,41.3,-82.0,0.004801294009227089
39103,41.3,-81.9,0.021310489883623333
39103,41.3,-81.8,0.022205369500578876
39103,41.3,-81.7,0.014868937894269298
39103,41.2,-82.1,0.009825762685342737
39103,41.2,-82.0,0.05250083121251596
39103,41.2,-81.9,0.08501724800618833
39103,41.2,-81.8,0.08501724800619848
39103,41.2,-81.7,0.05452092287436082
39103,41.1,-82.2,0.015446844927160292
39103,41.1,-82.1,0.07652517976959843
39103,41.1,-82.0,0.08514504056370978
39103,41.1,-81.9,0.0851450405637063
39103,41.1,-81.8,0.08514504056371203
39103,41.1,-81.7,0.05337595405982774
39103,41.0,-82.2,0.011203471951303426
39103,41.0,-82.1,0.049952508368684
39103,41.0,-82.0,0.05101191122911947
39103,41.0,-81.9,0.05181369301114338
39103,41.0,-81.8,0.052619287430955536
39103,41.0,-81.7,0.03254792348877479
39027,39.6,-84.0,0.004576566505156923
39027,39.6,-83.9,0.013011849215555258
39027,39.6,-83.8,0.007422194897630109
39027,39.6,-83.7,0.0019461604249616648
39027,39.5,-84.0,0.029831392172913297
39027,39.5,-83.9,0.0894161306746817
39027,39.5,-83.8,0.08941613067467748
39027,39.5,-83.7,0.08935104576990134
39027,39.5,-83.6,0.06012965792397177
39027,39.4,-84.0,0.03832610675141131
39027,39.4,-83.9,0.08954258198802732
39027,39.4,-83.8,0.08954258198803161
39027,39.4,-83.7,0.08954258198802616
39027,39.4,-83.6,0.04850832985963638
39027,39.3,-84.0,0.045590157700501836
39027,39.3,-83.9,0.0893698262730349
39027,39.3,-83.8,0.08209942495975298
39027,39.3,-83.7,0.032268068100269394
39027,39.3,-83.6,0.000252744720201046
39027,39.2,-83.9,0.0010262705900340853
39027,39.2,-83.8,0.00883019682162348
17131,41.3,-91.1,0.020074244946563746
17131,41.3,-91.0,0.052212153898766545
17131,41.3,-90.9,0.05176698679482954
17131,41.3,-90.8,0.05048998099868996
17131,41.3,-90.7,0.049676474487321896
17131,41.3,-90.6,0.049158678526667866
17131,41.3,-90.5,0.04858165376060033
17131,41.3,-90.4,0.007427185835093429
17131,41.2,-91.1,0.014967596289234173
17131,41.2,-91.0,0.05742352501900762
17131,41.2,-90.9,0.06323351375136535
17131,41.2,-90.8,0.06323351375136482
17131,41.2,-90.7,0.06323351375136567
17131,41.2,-90.6,0.06323351375136468
17131,41.2,-90.5,0.06323351375136174
17131,41.2,-90.4,0.008382014104483772
17131,41.1,-91.0,0.0057113678340564595
17131,41.1,-90.9,0.050408360234031
17131,41.1,-90.8,0.05137587897220646
17131,41.1,-90.7,0.05200879354262504
17131,41.1,-90.6,0.05333357558297435
17131,41.1,-90.5,0.054587479099581775
17131,41.1,-90.4,0.006246481316443698
17155,41.3,-89.4,3.15647619107971e-05
17155,41.3,-89.3,0.1175480731730259
17155,41.3,-89.2,0.11332929908647624
17155,41.2,-89.5,0.028702961741176904
17155,41.2,-89.4,0.17585232447264118
17155,41.2,-89.3,0.20902798275493134
17155,41.2,-89.2,0.18243242050427091
17155,41.1,-89.5,0.0005106386639450165
17155,41.1,-89.4,0.004271435476585059
17155,41.1,-89.3,0.08390711420401697
17155,41.1,-89.2,0.08438618516101969
18169,41.0,-85.9,0.07617307663573265
18169,41.0,-85.8,0.08037549902468057
18169,41.0,-85.7,0.0692912775121309
18169,41.0,-85.6,0.002925479821423808
18169,40.9,-85.9,0.0805138469009841
18169,40.9,-85.8,0.08581557309832737
18169,40.9,-85.7,0.08581557309832806
18169,40.9,-85.6,0.006916140882674818
18169,40.8,-85.9,0.07897387854759558
18169,40.8,-85.8,0.08594318974607337
18169,40.8,-85.7,0.08594318974607391
18169,40.8,-85.6,0.007784516400381069
18169,40.7,-85.9,0.07676210911055821
18169,40.7,-85.8,0.08425372236680087
18169,40.7,-85.7,0.08375655893649146
18169,40.7,-85.6,0.008756368171743249
18065,40.1,-85.6,0.006582970763903433
18065,40.1,-85.5,0.024953161762642017
18065,40.1,-85.4,0.024554954958745604
18065,40.1,-85.3,0.02464349746025419
18065,40.1,-85.2,0.008926517164077373
18065,40.0,-85.6,0.024338065226549292
18065,40.0,-85.5,0.0927313998504358
18065,40.0,-85.4,0.09273139985043775
18065,40.0,-85.3,0.09273139985043731
18065,40.0,-85.2,0.04007036939911149
18065,39.9,-85.6,0.02885475404322845
18065,39.9,-85.5,0.09286492180022958
18065,39.9,-85.4,0.0928649218002242
18065,39.9,-85.3,0.09286492180022565
18065,39.9,-85.2,0.04136808662013665
18065,39.8,-85.6,0.02758514708954158
18065,39.8,-85.5,0.058508973855545404
18065,39.8,-85.4,0.058259992235903196
18065,39.8,-85.3,0.05796848632666578
18065,39.8,-85.2,0.016596058141705238
18053,40.7,-85.9,0.00019105999146302227
18053,40.7,-85.8,0.0018435801257000275
18053,40.7,-85.7,0.0023480670701110516
18053,40.7,-85.6,0.00280080029177722
18053,40.7,-85.5,0.002953745319687162
18053,40.7,-85.4,3.3654054173462056e-05
18053,40.6,-85.9,0.012380184540889365
18053,40.6,-85.8,0.08746736501440444
18053,40.6,-85.7,0.08746736501440694
18053,40.6,-85.6,0.08746736501440551
18053,40.6,-85.5,0.08746736501440563
18053,40.6,-85.4,0.0020390808849985766
18053,40.5,-85.9,0.011752960787744971
18053,40.5,-85.8,0.08759604857645854
18053,40.5,-85.7,0.08759604857646001
18053,40.5,-85.6,0.08759604857645902
18053,40.5,-85.5,0.08759604857645666
18053,40.5,-85.4,0.0034792960021872723
18053,40.4,-85.9,0.007726648921940337
18053,40.4,-85.8,0.06250579630205362
18053,40.4,-85.7,0.06238571247887952
18053,40.4,-85.6,0.06181125091424946
18053,40.4,-85.5,0.06228363997346337
18053,40.4,-85.4,0.0032108679772248168
19031,41.9,-91.4,0.009564611189630381
19031,41.9,-91.3,0.05945538827495822
19031,41.9,-91.2,0.059350981010550787
19031,41.9,-91.1,0.05914950249333283
19031,41.9,-91.0,0.05909081422356242
19031,41.9,-90.9,0.030366242839218797
19031,41.8,-91.4,0.009814761923602656
19031,41.8,-91.3,0.06125165010201188
19031,41.8,-91.2,0.06125165010201653
19031,41.8,-91.1,0.061251650102016296
19031,41.8,-91.0,0.0612516501020143
19031,41.8,-90.9,0.03160565683490064
19031,41.7,-91.4,0.009903357321092411
19031,41.7,-91.3,0.061345711680805985
19031,41.7,-91.2,0.061345711680800066
19031,41.7,-91.1,0.061345711680802766
19031,41.7,-91.0,0.06134571168080505
19031,41.7,-90.9,0.03125791628213796
19031,41.6,-91.4,0.0052121716784152014
19031,41.6,-91.3,0.03187010893255215
19031,41.6,-91.2,0.03204564714972271
19031,41.6,-91.1,0.03224800704399212
19031,41.6,-91.0,0.032332015375826056
19031,41.6,-90.9,0.01634337029523177
29139,39.1,-91.6,0.054581578539228626
29139,39.1,-91.5,0.06524056356497256
29139,39.1,-91.4,0.06347833063965759
29139,39.1,-91.3,0.05496716329641212
29139,39.0,-91.6,0.059330700399968794
29139,39.0,-91.5,0.0687007234623081
29139,39.0,-91.4,0.06870072346230001
29139,39.0,-91.3,0.059199306646152666
29139,38.9,-91.6,0.06209965430568306
29139,38.9,-91.5,0.06879614015662396
29139,38.9,-91.4,0.06879614015661367
29139,38.9,-91.3,0.058623067204855266
29139,38.8,-91.6,0.06477331476040306
29139,38.8,-91.5,0.06889134409163776
29139,38.8,-91.4,0.025262420269050217
29139,38.8,-91.3,0.0032215608300328324
29139,38.7,-91.6,0.04067790420369964
29139,38.7,-91.5,0.035696124703453146
29139,38.7,-91.4,0.008963239306946844
29159,38.9,-93.5,0.022933102253490028
29159,38.9,-93.4,0.048426010354406857
29159,38.9,-93.3,0.04659371731156276
29159,38.9,-93.2,0.04514325780326582
29159,38.9,-93.1,0.043012386697371195
29159,38.8,-93.5,0.02655183711830614
29159,38.8,-93.4,0.05425202680769559
29159,38.8,-93.3,0.05425202680769811
29159,38.8,-93.2,0.05425202680770222
29159,38.8,-93.1,0.05131467981967426
29159,38.7,-93.5,0.0299939791904103
29159,38.7,-93.4,0.05432683228559461
29159,38.7,-93.3,0.05432683228559199
29159,38.7,-93.2,0.05432683228559188
29159,38.7,-93.1,0.049046992393185065
29159,38.6,-93.5,0.032314197840252606
29159,38.6,-93.4,0.054401469812621374
29159,38.6,-93.3,0.05440146981261957
29159,38.6,-93.2,0.054401469812619244
29159,38.6,-93.1,0.04661590875955448
29159,38.5,-93.5,0.012953258314434864
29159,38.5,-93.4,0.022130286713027768
29159,38.5,-93.3,0.017070986464237037
29159,38.5,-93.2,0.008575224212193379
29159,38.5,-93.1,0.008383188036892912
29063,40.0,-94.6,0.04218468267493783
29063,40.0,-94.5,0.07653201195772875
29063,40.0,-94.4,0.07659733444483667
29063,40.0,-94.3,0.07572385963973662
29063,40.0,-94.2,0.033710406266248875
29063,39.9,-94.6,0.046639715763797766
29063,39.9,-94.5,0.08609555868372094
29063,39.9,-94.4,0.08609555868372575
29063,39.9,-94.3,0.08609555868372804
29063,39.9,-94.2,0.03855706274310568
29063,39.8,-94.6,0.04541982352147233
29063,39.8,-94.5,0.08621908084605598
29063,39.8,-94.4,0.08621908084605476
29063,39.8,-94.3,0.08621908084605162
29063,39.8,-94.2,0.03818467075374742
29063,39.7,-94.6,0.0012561837483793924
29063,39.7,-94.5,0.0019892177261869475
29063,39.7,-94.4,0.002221605636511362
29063,39.7,-94.3,0.0026010659429348054
29063,39.7,-94.2,0.0014384405910383717
29211,40.4,-93.4,0.0031550420252323456
29211,40.4,-93.3,0.018856705512294295
29211,40.4,-93.2,0.01971845725909479
29211,40.4,-93.1,0.020176783416459187
29211,40.4,-93.0,0.01978435108714107
29211,40.4,-92.9,0.018797103349214455
29211,40.3,-93.4,0.009628579311876117
29211,40.3,-93.3,0.05594633080677363
29211,40.3,-93.2,0.05594633080677444
29211,40.3,-93.1,0.055946330806770014
29211,40.3,-93.0,0.05594633080677028
29211,40.3,-92.9,0.052809922917979354
29211,40.2,-93.4,0.009429622531447633
29211,40.2,-93.3,0.05602775941705483
29211,40.2,-93.2,0.056027759417057815
29211,40.2,-93.1,0.05602775941705896
29211,40.2,-93.0,0.05602775941705872
29211,40.2,-92.9,0.05287376302829976
29211,40.1,-93.4,0.009385447510434769
29211,40.1,-93.3,0.056109014347625226
29211,40.1,-93.2,0.05610901434762215
29211,40.1,-93.1,0.05610901434762384
29211,40.1,-93.0,0.056109014347625386
29211,40.1,-92.9,0.052653029246555155
29211,40.0,-93.4,0.001565383558926607
29211,40.0,-93.3,0.008930566393354171
29211,40.0,-93.2,0.008012138748453862
29211,40.0,-93.1,0.007352581176546618
29211,40.0,-93.0,0.007532236476576658
29211,40.0,-92.9,0.007005868164297808
17091,41.3,-88.0,0.014353729439072038
17091,41.3,-87.9,0.023339093483678994
17091,41.3,-87.8,0.02405159827638684
17091,41.3,-87.7,0.024538009984942467
17091,41.3,-87.6,0.024976237970690113
17091,41.3,-87.5,0.005887654343573061
17091,41.2,-88.2,0.025824181741017544
17091,41.2,-88.1,0.02866531240795919
17091,41.2,-88.0,0.04391542482273892
17091,41.2,-87.9,0.05279294364472613
17091,41.2,-87.8,0.05279294364472574
17091,41.2,-87.7,0.05279294364472785
17091,41.2,-87.6,0.05279294364473032
17091,41.2,-87.5,0.012336372854851146
17091,41.1,-88.3,0.0001689293927461275
17091,41.1,-88.2,0.05123711590568602
17091,41.1,-88.1,0.052872298663211116
17091,41.1,-88.0,0.05287229866320926
17091,41.1,-87.9,0.05287229866321169
17091,41.1,-87.8,0.05287229866321183
17091,41.1,-87.7,0.05287229866320839
17091,41.1,-87.6,0.05287229866320989
17091,41.1,-87.5,0.012382378025505309
17091,41.0,-88.2,0.028101256560675487
17091,41.0,-88.1,0.027355691228858794
17091,41.0,-88.0,0.026280543851642742
17091,41.0,-87.9,0.024907997621428507
17091,41.0,-87.8,0.0238060077913729
17091,41.0,-87.7,0.022753178956747687
17091,41.0,-87.6,0.021734896867545483
17091,41.0,-87.5,0.004978821914708383
17101,38.9,-87.9,5.784380964657192e-05
17101,38.9,-87.8,4.99721900043502e-05
17101,38.9,-87.7,0.0011926041823940602
17101,38.9,-87.6,0.0020037121775782992
17101,38.9,-87.5,0.0005318806421377997
17101,38.8,-87.9,0.05813146184671831
17101,38.8,-87.8,0.09923999994514367
17101,38.8,-87.7,0.09948419939222886
17101,38.8,-87.6,0.09950081029675353
17101,38.8,-87.5,0.03756205759847901
17101,38.7,-87.9,0.05899332307518722
17101,38.7,-87.8,0.09963800711875628
17101,38.7,-87.7,0.09963800711875281
17101,38.7,-87.6,0.08829960779933446
17101,38.7,-87.5,0.02493679685787091
17101,38.6,-87.9,0.04783901646541972
17101,38.6,-87.8,0.0805376471306269
17101,38.6,-87.7,0.08149085012676861
17101,38.6,-87.6,0.020872202226198615
17041,39.9,-88.5,0.0031208820014399824
17041,39.9,-88.4,0.025720864992657865
17041,39.9,-88.3,0.025728346382669322
17041,39.9,-88.2,0.025942306490051133
17041,39.9,-88.1,0.02638541570139864
17041,39.9,-88.0,0.025999771994154135
17041,39.9,-87.9,0.0032749564671122767
17041,39.8,-88.5,0.014735007808799723
17041,39.8,-88.4,0.08800080316116679
17041,39.8,-88.3,0.08800080316117202
17041,39.8,-88.2,0.08800080316117442
17041,39.8,-88.1,0.08800080316116554
17041,39.8,-88.0,0.08121521610725867
17041,39.8,-87.9,0.00649718881966311
17041,39.7,-88.5,0.01939475447901072
17041,39.7,-88.4,0.0865818873441957
17041,39.7,-88.3,0.08639865930782849
17041,39.7,-88.2,0.08619402207165522
17041,39.7,-88.1,0.0827918611442633
17041,39.7,-88.0,0.048015646243162936
29155,36.4,-90.0,0.003217226965884391
29155,36.4,-89.9,0.02753199040405236
29155,36.4,-89.8,0.027412283764073404
29155,36.4,-89.7,0.047067673394961144
29155,36.4,-89.6,0.03218058454746907
29155,36.4,-89.5,0.0003692082086749198
29155,36.3,-90.0,0.008456175692568475
29155,36.3,-89.9,0.07493204384969421
29155,36.3,-89.8,0.07493204384969267
29155,36.3,-89.7,0.07475772337049827
29155,36.3,-89.6,0.05090011342379579
29155,36.3,-89.5,0.0036040621459067445
29155,36.2,-90.0,0.007796964052341585
29155,36.2,-89.9,0.07502632193740405
29155,36.2,-89.8,0.07502632193740319
29155,36.2,-89.7,0.06116364042120281
29155,36.2,-89.6,0.01703892498108368
29155,36.2,-89.5,0.0001703911504647344
29155,36.1,-90.0,0.00710547602306757
29155,36.1,-89.9,0.0751203691135584
29155,36.1,-89.8,0.07512036911355968
29155,36.1,-89.7,0.06435206757025945
29155,36.1,-89.6,0.016595267732895224
29155,36.0,-90.0,0.0035291159405319767
29155,36.0,-89.9,0.038045797981331585
29155,36.0,-89.8,0.037416920217216515
29155,36.0,-89.7,0.021130922210408163
29109,37.3,-94.1,0.0007047873117615769
29109,37.3,-94.0,0.024096121786842558
29109,37.3,-93.9,0.023105849182069708
29109,37.3,-93.8,0.022089294861525374
29109,37.3,-93.7,0.0207762611755392
29109,37.3,-93.6,0.008845003177717886
29109,37.2,-94.1,0.002999953178814439
29109,37.2,-94.0,0.06201770467409701
29109,37.2,-93.9,0.06201770467409741
29109,37.2,-93.8,0.0620177046741056
29109,37.2,-93.7,0.062017704674095966
29109,37.2,-93.6,0.026820090498327596
29109,37.1,-94.1,0.004778778660322568
29109,37.1,-94.0,0.062098369406733765
29109,37.1,-93.9,0.06209836940673062
29109,37.1,-93.8,0.06209836940674094
29109,37.1,-93.7,0.0620983694067366
29109,37.1,-93.6,0.025589475986515304
29109,37.0,-94.1,0.006674262248643432
29109,37.0,-94.0,0.06217884271178756
29109,37.0,-93.9,0.06217884271178625
29109,37.0,-93.8,0.062178842711791
29109,37.0,-93.7,0.06217884271178189
29109,37.0,-93.6,0.02478358285599619
29109,36.9,-94.1,0.001433943772715534
29109,36.9,-94.0,0.012125540840647878
29109,36.9,-93.9,0.013496981539619783
29109,36.9,-93.8,0.014468425003029714
29109,36.9,-93.7,0.01552427853362038
29109,36.9,-93.6,0.006507702215806333
18111,41.2,-87.5,0.013129310454080605
18111,41.2,-87.4,0.01778403284286859
18111,41.2,-87.3,0.030982218692348053
18111,41.1,-87.5,0.06836990669894351
18111,41.1,-87.4,0.08927837026176012
18111,41.1,-87.3,0.06620322258424548
18111,41.0,-87.5,0.06820910044040823
18111,41.0,-87.4,0.0894120892482485
18111,41.0,-87.3,0.0660067893753647
18111,40.9,-87.5,0.06812585876365022
18111,40.9,-87.4,0.08954553066382398
18111,40.9,-87.3,0.07033070370042832
18111,40.8,-87.5,0.06805630307189887
18111,40.8,-87.4,0.08967869414488924
18111,40.8,-87.3,0.07389452173384488
18111,40.7,-87.5,0.008965060215522323
18111,40.7,-87.4,0.012044284411666337
18111,40.7,-87.3,0.009984002696008064
18171,40.5,-87.5,0.02043966922411
18171,40.5,-87.4,0.02656395942341362
18171,40.5,-87.3,0.026150437801732214
18171,40.5,-87.2,0.025519944647116204
18171,40.5,-87.1,0.014593979627667593
18171,40.4,-87.5,0.07725033451276735
18171,40.4,-87.4,0.09932120979918457
18171,40.4,-87.3,0.09932120979918287
18171,40.4,-87.2,0.09932120979918434
18171,40.4,-87.1,0.05494295484261265
18171,40.3,-87.5,0.07888412512862888
18171,40.3,-87.4,0.09946628910787639
18171,40.3,-87.3,0.08445490968739333
18171,40.3,-87.2,0.026982153065497144
18171,40.3,-87.1,0.002881237769054278
18171,40.2,-87.5,0.08039632339414789
18171,40.2,-87.4,0.05767852094261357
18171,40.2,-87.3,0.006895213512337088
18171,40.1,-87.5,0.00984039969559298
18171,40.1,-87.4,0.009095918219887023
39039,41.4,-84.8,0.035609290772319994
39039,41.4,-84.7,0.06618016365533143
39039,41.4,-84.6,0.06655493815041708
39039,41.4,-84.5,0.0667791762274724
39039,41.4,-84.4,0.06702926329709491
39039,41.4,-84.3,0.06724007775007375
39039,41.4,-84.2,0.014875053108523375
39039,41.3,-84.8,0.04538597085910394
39039,41.3,-84.7,0.08456345932127428
39039,41.3,-84.6,0.08433896451517428
39039,41.3,-84.5,0.084253265630948
39039,41.3,-84.4,0.08671851128060674
39039,41.3,-84.3,0.08671851128061472
39039,41.3,-84.2,0.01959045226758572
39039,41.2,-84.5,0.0024821008320477403
39039,41.2,-84.4,0.03537781884593613
39039,41.2,-84.3,0.07012927503804484
39039,41.2,-84.2,0.016173707167430676
39117,40.7,-82.9,0.004881017195184233
39117,40.7,-82.8,0.055378888568787095
39117,40.7,-82.7,0.05413404713345701
39117,40.7,-82.6,0.009716381976982233
39117,40.6,-83.0,0.0066958794674482226
39117,40.6,-82.9,0.08584281662019505
39117,40.6,-82.8,0.08911807305401023
39117,40.6,-82.7,0.08911807305400803
39117,40.6,-82.6,0.02063650804570288
39117,40.5,-83.0,0.027482482038468748
39117,40.5,-82.9,0.08924918516746207
39117,40.5,-82.8,0.08924918516746218
39117,40.5,-82.7,0.08924918516746172
39117,40.5,-82.6,0.010692626068638914
39117,40.4,-83.0,0.020688534630712758
39117,40.4,-82.9,0.07173647821610896
39117,40.4,-82.8,0.08749639105190617
39117,40.4,-82.7,0.08938002046768066
39117,40.4,-82.6,0.006885211714904069
39117,40.3,-82.8,2.9366115498675623e-06
39117,40.3,-82.7,0.0022068052379021893
39117,40.3,-82.6,0.0001592733439666703
39047,39.7,-83.7,0.004081232963217054
39047,39.7,-83.6,0.05761532926108878
39047,39.7,-83.5,0.052134439471038255
39047,39.7,-83.4,0.04731895762317036
39047,39.7,-83.3,0.04155109981873343
39047,39.6,-83.7,0.013842696197755772
39047,39.6,-83.6,0.09047574431577579
39047,39.6,-83.5,0.0904757443157713
39047,39.6,-83.4,0.090475744315776
39047,39.6,-83.3,0.08156130635692092
39047,39.5,-83.7,6.594965400415633e-05
39047,39.5,-83.6,0.029675586859579106
39047,39.5,-83.5,0.09060415622841486
39047,39.5,-83.4,0.09060415622841927
39047,39.5,-83.3,0.06065358435310867
39047,39.4,-83.6,0.024525093711403274
39047,39.4,-83.5,0.06532880440782861
39047,39.4,-83.4,0.06266022050493891
39047,39.4,-83.3,0.006350153413055434
29121,40.0,-92.9,9.448011253690524e-07
29121,40.0,-92.8,0.03896840973702089
29121,40.0,-92.7,0.03969635534291354
29121,40.0,-92.6,0.03963509621813694
29121,40.0,-92.5,0.0392552410771656
29121,40.0,-92.4,0.0392173274370344
29121,40.0,-92.3,0.003199077293610804
29121,39.9,-92.9,0.0010302354519894335
29121,39.9,-92.8,0.04511906804573072
29121,39.9,-92.7,0.04511906804572977
29121,39.9,-92.6,0.04511906804573049
29121,39.9,-92.5,0.04511906804573004
29121,39.9,-92.4,0.04511906804573155
29121,39.9,-92.3,0.027442035701842737
29121,39.8,-92.9,0.002551833497278199
29121,39.8,-92.8,0.045183800825590696
29121,39.8,-92.7,0.045183800825589475
29121,39.8,-92.6,0.045183800825590696
29121,39.8,-92.5,0.04518380082558893
29121,39.8,-92.4,0.045183800825588975
29121,39.8,-92.3,0.026044796936247
29121,39.7,-92.9,0.001648717684153944
29121,39.7,-92.8,0.022740523917812894
29121,39.7,-92.7,0.032034032140271444
29121,39.7,-92.6,0.045248393642339596
29121,39.7,-92.5,0.045248393642342885
29121,39.7,-92.4,0.04524839364234325
29121,39.7,-92.3,0.024203233304428706
29121,39.6,-92.7,0.007536202362309894
29121,39.6,-92.6,0.018553072917268036
29121,39.6,-92.5,0.019104192669241887
29121,39.6,-92.4,0.019632080825019157
29121,39.6,-92.3,0.01024706540150208
29147,40.6,-95.2,0.006076952136190957
29147,40.6,-95.1,0.011240957414465081
29147,40.6,-95.0,0.01074079451825809
29147,40.6,-94.9,0.010280269956982521
29147,40.6,-94.8,0.009684455418459791
29147,40.6,-94.7,0.009101263541576697
29147,40.6,-94.6,0.0015681612841910305
29147,40.5,-95.2,0.01861296219208753
29147,40.5,-95.1,0.04139701406951868
29147,40.5,-95.0,0.04139701406951888
29147,40.5,-94.9,0.04139701406951648
29147,40.5,-94.8,0.041397014069519754
29147,40.5,-94.7,0.041397014069520795
29147,40.5,-94.6,0.00967849129460631
29147,40.4,-95.2,0.011514428156907683
29147,40.4,-95.1,0.04145770023437336
29147,40.4,-95.0,0.04145770023437387
29147,40.4,-94.9,0.04145770023437602
29147,40.4,-94.8,0.041457700234374326
29147,40.4,-94.7,0.04145770023437215
29147,40.4,-94.6,0.01866726848229181
29147,40.3,-95.2,0.010829680605871039
29147,40.3,-95.1,0.03804413693735824
29147,40.3,-95.0,0.04151825783835812
29147,40.3,-94.9,0.04151825783835445
29147,40.3,-94.8,0.0415182578383542
29147,40.3,-94.7,0.04151825783835727
29147,40.3,-94.6,0.019981503382740882
29147,40.2,-95.1,0.006867862767997743
29147,40.2,-95.0,0.041578686717042866
29147,40.2,-94.9,0.04157868671704348
29147,40.2,-94.8,0.041578686717042006
29147,40.2,-94.7,0.04157868671704109
29147,40.2,-94.6,0.01895664976539275
29147,40.1,-95.1,0.0005534742852927626
29147,40.1,-95.0,0.008367811312454973
29147,40.1,-94.9,0.008948603741154231
29147,40.1,-94.8,0.009484698103014296
29147,40.1,-94.7,0.009742597035726091
29147,40.1,-94.6,0.004395627925921606
29061,40.1,-94.2,0.037224107833521994
29061,40.1,-94.1,0.054487626053437085
29061,40.1,-94.0,0.05398761249613153
29061,40.1,-93.9,0.05372745196424329
29061,40.1,-93.8,0.04569735676187902
29061,40.0,-94.2,0.036203753005449354
29061,40.0,-94.1,0.06434426987539724
29061,40.0,-94.0,0.06434426987539595
29061,40.0,-93.9,0.06434426987539275
29061,40.0,-93.8,0.055943359046912465
29061,39.9,-94.2,0.03557946777297562
29061,39.9,-94.1,0.06443691780678812
29061,39.9,-94.0,0.06443691780679092
29061,39.9,-93.9,0.06443691780678946
29061,39.9,-93.8,0.057390798601217485
29061,39.8,-94.2,0.022177568751347302
29061,39.8,-94.1,0.04111669942775077
29061,39.8,-94.0,0.041439419827889915
29061,39.8,-93.9,0.04098254614351895
29061,39.8,-93.8,0.03769866926717076
29117,40.0,-93.8,0.0007779100656097742
29117,40.0,-93.7,0.007232335060167181
29117,40.0,-93.6,0.008936112486776436
29117,40.0,-93.5,0.010325581772762925
29117,40.0,-93.4,0.01012544554664592
29117,39.9,-93.8,0.0074442730650200375
29117,39.9,-93.7,0.06807804376090196
29117,39.9,-93.6,0.0680780437609016
29117,39.9,-93.5,0.06807804376090025
29117,39.9,-93.4,0.05992887948675856
29117,39.8,-93.8,0.006274688620975725
29117,39.8,-93.7,0.0681757160136928
29117,39.8,-93.6,0.06817571601369249
29117,39.8,-93.5,0.06817571601369514
29117,39.8,-93.4,0.058691460750421205
29117,39.7,-93.8,0.00599143456826328
29117,39.7,-93.7,0.06827317708272711
29117,39.7,-93.6,0.06827317708272986
29117,39.7,-93.5,0.06827317708273076
29117,39.7,-93.4,0.06365692872503408
29117,39.7,-93.3,0.02612684978497603
29117,39.6,-93.8,0.0021872121685397824
29117,39.6,-93.7,0.026318494993490062
29117,39.6,-93.6,0.025388736153468563
29117,39.6,-93.5,0.024511643188160615
29117,39.6,-93.4,0.023922422959883376
29117,39.6,-93.3,0.018578780031074514
29165,39.5,-95.1,0.00849991167678468
29165,39.5,-95.0,0.06784649143075422
29165,39.5,-94.9,0.07132836038221108
29165,39.5,-94.8,0.07071749760638683
29165,39.5,-94.7,0.07003044915934897
29165,39.5,-94.6,0.03398991775598884
29165,39.4,-95.0,0.008900144648005235
29165,39.4,-94.9,0.06581616797873782
29165,39.4,-94.8,0.08654161545800756
29165,39.4,-94.7,0.08654161545800756
29165,39.4,-94.6,0.04260291340006324
29165,39.3,-94.9,0.032648676625105344
29165,39.3,-94.8,0.08428752148609525
29165,39.3,-94.7,0.08666356094984222
29165,39.3,-94.6,0.04275416086712482
29165,39.2,-94.8,0.035092699308268846
29165,39.2,-94.7,0.06634733881918538
29165,39.2,-94.6,0.03939095699008215
29227,40.6,-94.6,0.023474192048535934
29227,40.6,-94.5,0.028292184626809914
29227,40.6,-94.4,0.028827637177500018
29227,40.6,-94.3,0.029304536868301714
29227,40.6,-94.2,0.0052887871273487675
29227,40.5,-94.6,0.10442071363544125
29227,40.5,-94.5,0.13628332511546087
29227,40.5,-94.4,0.13628332511546504
29227,40.5,-94.3,0.1362833251154712
29227,40.5,-94.2,0.02951373905094038
29227,40.4,-94.6,0.0502839645810349
29227,40.4,-94.5,0.08634541663374218
29227,40.4,-94.4,0.08654294685281053
29227,40.4,-94.3,0.08706842507751977
29227,40.4,-94.2,0.031787480973617444
29011,37.7,-94.6,0.0012941596065691276
29011,37.7,-94.5,0.0009286393409497981
29011,37.7,-94.4,3.081548948066744e-05
29011,37.6,-94.6,0.0427053623410655
29011,37.6,-94.5,0.06341633833416709
29011,37.6,-94.4,0.06297555156108842
29011,37.6,-94.3,0.0616629325306647
29011,37.6,-94.2,0.060049517610869886
29011,37.6,-94.1,0.043522262240653996
29011,37.5,-94.6,0.04255393632807942
29011,37.5,-94.5,0.06350004106618022
29011,37.5,-94.4,0.0635000410661873
29011,37.5,-94.3,0.06350004106618475
29011,37.5,-94.2,0.06350004106617982
29011,37.5,-94.1,0.04607869638323043
29011,37.4,-94.6,0.03715176070201312
29011,37.4,-94.5,0.05703929275876165
29011,37.4,-94.4,0.05923125402970316
29011,37.4,-94.3,0.060771747132376895
29011,37.4,-94.2,0.06229607066195673
29011,37.4,-94.1,0.04422490769642158
29011,37.3,-94.1,6.659098721574e-05
17039,40.3,-89.1,0.028730563421584275
17039,40.3,-89.0,0.02958551891640069
17039,40.3,-88.9,0.02938542526480763
17039,40.3,-88.8,0.029302596894318036
17039,40.3,-88.7,0.0289870370061687
17039,40.3,-88.6,0.017934130937681467
17039,40.2,-89.1,0.08768369119673586
17039,40.2,-89.0,0.09012397186355295
17039,40.2,-88.9,0.09012397186354876
17039,40.2,-88.8,0.09012397186354687
17039,40.2,-88.7,0.08447200583771185
17039,40.2,-88.6,0.013631419083326561
17039,40.1,-89.1,0.08617051493523797
17039,40.1,-89.0,0.08949372259779677
17039,40.1,-88.9,0.08713370840031016
17039,40.1,-88.8,0.08568931728306321
17039,40.1,-88.7,0.03070389655673174
17039,40.0,-89.1,0.0006690770105451983
17039,40.0,-89.0,5.5459066931251156e-05
19157,41.9,-92.8,0.0012184831138821125
19157,41.9,-92.7,0.007479982122149008
19157,41.9,-92.6,0.007457209254301965
19157,41.9,-92.5,0.007495820337772065
19157,41.9,-92.4,0.007601272341546708
19157,41.9,-92.3,0.003990769335017604
19157,41.8,-92.8,0.00977646296049256
19157,41.8,-92.7,0.06081247714620263
19157,41.8,-92.6,0.060812477146200715
19157,41.8,-92.5,0.06081247714620207
19157,41.8,-92.4,0.0608124771462036
19157,41.8,-92.3,0.031067025760812182
19157,41.7,-92.8,0.009995831099056869
19157,41.7,-92.7,0.060905864305579704
19157,41.7,-92.6,0.06090586430558215
19157,41.7,-92.5,0.060905864305582605
19157,41.7,-92.4,0.06090586430558513
19157,41.7,-92.3,0.030499513979865632
19157,41.6,-92.8,0.007091633660228213
19157,41.6,-92.7,0.06099906214729463
19157,41.6,-92.6,0.0609990621472909
19157,41.6,-92.5,0.060999062147290097
19157,41.6,-92.4,0.06099906214729089
19157,41.6,-92.3,0.031320846110639594
19157,41.5,-92.8,0.001670509037193946
19157,41.5,-92.7,0.02506281344785049
19157,41.5,-92.6,0.024954076705337287
19157,41.5,-92.5,0.024854077894997478
19157,41.5,-92.4,0.02469902804988679
19157,41.5,-92.3,0.012895030392664349
19081,43.3,-94.0,0.0006558080881739928
19081,43.3,-93.9,0.0032155277474168564
19081,43.3,-93.8,0.003243801760869975
19081,43.3,-93.7,0.0033260943038451547
19081,43.3,-93.6,0.0033851403659747154
19081,43.3,-93.5,0.0017526721052748791
19081,43.2,-94.0,0.012338441913630614
19081,43.2,-93.9,0.06083577060982245
19081,43.2,-93.8,0.06083577060982732
19081,43.2,-93.7,0.060835770609817055
19081,43.2,-93.6,0.06083577060981889
19081,43.2,-93.5,0.031867846976448386
19081,43.1,-94.0,0.01245243803206256
19081,43.1,-93.9,0.06093396070040684
19081,43.1,-93.8,0.06093396070041419
19081,43.1,-93.7,0.0609339607004053
19081,43.1,-93.6,0.060933960700402086
19081,43.1,-93.5,0.0318492054158236
19081,43.0,-94.0,0.012869475982979042
19081,43.0,-93.9,0.06103196090047029
19081,43.0,-93.8,0.06103196090048125
19081,43.0,-93.7,0.06103196090047373
19081,43.0,-93.6,0.06103196090047137
19081,43.0,-93.5,0.03178515157991123
19081,42.9,-94.0,0.005476921307047466
19081,42.9,-93.9,0.025512430761819818
19081,42.9,-93.8,0.025313145059776332
19081,42.9,-93.7,0.025396632530050305
19081,42.9,-93.6,0.025304702825107366
19081,42.9,-93.5,0.013047794400976889
19039,41.2,-94.0,0.0036034876420967263
19039,41.2,-93.9,0.0059873633376290114
19039,41.2,-93.8,0.009271014147047776
19039,41.2,-93.7,0.009866761941224189
19039,41.2,-93.6,0.00888534464280108
19039,41.1,-94.0,0.053732893198012194
19039,41.1,-93.9,0.08343611648832269
19039,41.1,-93.8,0.08343611648833568
19039,41.1,-93.7,0.08343611648832214
19039,41.1,-93.6,0.0774982217246191
19039,41.0,-94.0,0.054071441550990994
19039,41.0,-93.9,0.08356108508822221
19039,41.0,-93.8,0.08356108508823054
19039,41.0,-93.7,0.08356108508822312
19039,41.0,-93.6,0.07788534712627304
19039,40.9,-94.0,0.028793402211537162
19039,40.9,-93.9,0.044277515666402326
19039,40.9,-93.8,0.04273555554896641
19039,40.9,-93.7,0.0424072731980748
19039,40.9,-93.6,0.03999277333466873
18091,41.8,-86.8,0.005186081540020985
18091,41.8,-86.7,0.005799743489653031
18091,41.8,-86.6,0.00566228886635817
18091,41.8,-86.5,0.0014389874156402823
18091,41.7,-86.9,0.039457018094878026
18091,41.7,-86.8,0.05909772006817854
18091,41.7,-86.7,0.05910260608935959
18091,41.7,-86.6,0.059102606089362034
18091,41.7,-86.5,0.014585980389666511
18091,41.6,-86.9,0.04839106502634774
18091,41.6,-86.8,0.059193044594574966
18091,41.6,-86.7,0.05919304459457805
18091,41.6,-86.6,0.05919304459457601
18091,41.6,-86.5,0.03639154406065698
18091,41.5,-86.9,0.047262091225103164
18091,41.5,-86.8,0.05928329913974387
18091,41.5,-86.7,0.059283299139740675
18091,41.5,-86.6,0.05928329913974235
18091,41.5,-86.5,0.01954980759432914
18091,41.4,-86.9,0.047678904921935675
18091,41.4,-86.8,0.05937336947807622
18091,41.4,-86.7,0.03626640061672231
18091,41.4,-86.6,0.010382019046037349
18091,41.4,-86.5,0.002578697955336087
18091,41.3,-86.9,0.04434211849633423
18091,41.3,-86.8,0.03934006508597821
18091,41.3,-86.7,0.0028400480496450844
18091,41.2,-86.9,0.0007418051974246649
17093,41.7,-88.6,0.040972408328284575
17093,41.7,-88.5,0.07861778313842403
17093,41.7,-88.4,0.08014233175017733
17093,41.7,-88.3,0.07319068071509578
17093,41.6,-88.6,0.05662611638598814
17093,41.6,-88.5,0.11094858644555802
17093,41.6,-88.4,0.1109485864455537
17093,41.6,-88.3,0.10259326973499577
17093,41.5,-88.6,0.04894927837284223
17093,41.5,-88.5,0.10228843010259121
17093,41.5,-88.4,0.10021549087905454
17093,41.5,-88.3,0.09450703770143468
17063,41.5,-88.6,0.002813481880510971
17063,41.5,-88.5,0.006608336325733749
17063,41.5,-88.4,0.008159834249488003
17063,41.5,-88.3,0.00950209817775342
17063,41.4,-88.6,0.03704721145102258
17063,41.4,-88.5,0.083292792110126
17063,41.4,-88.4,0.0832927921101274
17063,41.4,-88.3,0.0829311089148491
17063,41.4,-88.2,0.0003305485436829777
17063,41.3,-88.6,0.033358937220766424
17063,41.3,-88.5,0.08341888982722374
17063,41.3,-88.4,0.0834188898272195
17063,41.3,-88.3,0.08341888982721973
17063,41.3,-88.2,0.002322490925202813
17063,41.2,-88.6,0.030972305435159737
17063,41.2,-88.5,0.08354472843708909
17063,41.2,-88.4,0.08354472843708997
17063,41.2,-88.3,0.08354472843708753
17063,41.2,-88.2,0.004971464066592211
17063,41.1,-88.6,0.01266793545600902
17063,41.1,-88.5,0.03458003121937317
17063,41.1,-88.4,0.03289848972210461
17063,41.1,-88.3,0.03084567403890278
17063,41.1,-88.2,0.002513613359665558
17117,39.5,-90.2,0.0009805465300886532
17117,39.5,-90.1,0.03009136690568595
17117,39.5,-90.0,0.030431987406308245
17117,39.5,-89.9,0.03071870996054012
17117,39.5,-89.8,0.03096734774509475
17117,39.5,-89.7,0.0152074059516328
17117,39.4,-90.2,0.0006856008561635653
17117,39.4,-90.1,0.04255457920417501
17117,39.4,-90.0,0.04255457920417561
17117,39.4,-89.9,0.042554579204174686
17117,39.4,-89.8,0.04255457920417839
17117,39.4,-89.7,0.021305937303214686
17117,39.3,-90.2,1.0540194162987777e-05
17117,39.3,-90.1,0.04207730307907524
17117,39.3,-90.0,0.04261454271495041
17117,39.3,-89.9,0.042614542714950916
17117,39.3,-89.8,0.0426145427149471
17117,39.3,-89.7,0.02011964364028429
17117,39.2,-90.1,0.04136322004307437
17117,39.2,-90.0,0.0426743743405936
17117,39.2,-89.9,0.042674374340593436
17117,39.2,-89.8,0.04267437434059322
17117,39.2,-89.7,0.02096802085372397
17117,39.1,-90.1,0.04102392292778157
17117,39.1,-90.0,0.04273407391981782
17117,39.1,-89.9,0.04273407391981847
17117,39.1,-89.8,0.04273407391981703
17117,39.1,-89.7,0.021605332334191214
17117,39.0,-90.1,0.021013333247415198
17117,39.0,-90.0,0.021931795588439423
17117,39.0,-89.9,0.021962859989691073
17117,39.0,-89.8,0.022038242562402246
17117,39.0,-89.7,0.011209593138243927
18049,41.2,-86.5,0.00355892689726188
18049,41.2,-86.4,0.021112694104483434
18049,41.2,-86.3,0.02155571212435942
18049,41.2,-86.2,0.021538793738618812
18049,41.2,-86.1,0.01590642831039197
18049,41.1,-86.5,0.01679011836916675
18049,41.1,-86.4,0.09703197101976531
18049,41.1,-86.3,0.09703197101977014
18049,41.1,-86.2,0.09703197101977033
18049,41.1,-86.1,0.08040723701431486
18049,41.1,-86.0,0.010933139111022396
18049,41.0,-86.5,0.017349642567404823
18049,41.0,-86.4,0.09717730316218576
18049,41.0,-86.3,0.0971773031621843
18049,41.0,-86.2,0.08883116716012439
18049,41.0,-86.1,0.051722470930814717
18049,41.0,-86.0,0.044855183313781674
18049,41.0,-85.9,0.0018784436854495032
18049,40.9,-86.5,0.007120038079525067
18049,40.9,-86.4,0.039415485195333874
18049,40.9,-86.3,0.03951381542996095
18049,40.9,-86.2,0.032060184584309655
18163,38.2,-87.7,0.011177408206406576
18163,38.2,-87.6,0.02773789713534721
18163,38.2,-87.5,0.021036747286938533
18163,38.1,-87.7,0.07166367592200942
18163,38.1,-87.6,0.15874227061225354
18163,38.1,-87.5,0.12502720604942463
18163,38.0,-87.7,0.0771209567054839
18163,38.0,-87.6,0.14829412013880733
18163,38.0,-87.5,0.15328299710686352
18163,38.0,-87.4,0.00020194282846376928
18163,37.9,-87.7,0.05641357583899214
18163,37.9,-87.6,0.07677455348582568
18163,37.9,-87.5,0.04688047372738089
18163,37.8,-87.7,0.010521951353254736
18163,37.8,-87.6,0.015124223602548092
19189,43.5,-94.0,0.008904500152313774
19189,43.5,-93.9,0.04302132189852349
19189,43.5,-93.8,0.04294692911383021
19189,43.5,-93.7,0.04292575395233966
19189,43.5,-93.6,0.042894038709998264
19189,43.5,-93.5,0.022547233811778318
19189,43.4,-94.0,0.017815240626511
19189,43.4,-93.9,0.08652370848459377
19189,43.4,-93.8,0.08652370848460421
19189,43.4,-93.7,0.08652370848459483
19189,43.4,-93.6,0.08652370848459495
19189,43.4,-93.5,0.04530908918547679
19189,43.3,-94.0,0.016771364672440597
19189,43.3,-93.9,0.08207621400982273
19189,43.3,-93.8,0.08203587067163373
19189,43.3,-93.7,0.08191844992065328
19189,43.3,-93.6,0.08183419887303305
19189,43.3,-93.5,0.04290496046325733
19185,40.9,-93.6,0.0021719352337160472
19185,40.9,-93.5,0.03281562797845688
19185,40.9,-93.4,0.03272084371042349
19185,40.9,-93.3,0.032911467099079175
19185,40.9,-93.2,0.03301435615329454
19185,40.9,-93.1,0.017321430520999062
19185,40.8,-93.6,0.004556025137719499
19185,40.8,-93.5,0.06864757507994927
19185,40.8,-93.4,0.06864757507994959
19185,40.8,-93.3,0.06864757507994444
19185,40.8,-93.2,0.06864757507994695
19185,40.8,-93.1,0.03600843682219793
19185,40.7,-93.6,0.004505910885879133
19185,40.7,-93.5,0.06874929651690027
19185,40.7,-93.4,0.06874929651690524
19185,40.7,-93.3,0.06874929651690519
19185,40.7,-93.2,0.06874929651690277
19185,40.7,-93.1,0.036188040451678026
19185,40.6,-93.6,0.00327087595262557
19185,40.6,-93.5,0.04799860894258927
19185,40.6,-93.4,0.04806429140216893
19185,40.6,-93.3,0.047707121974857394
19185,40.6,-93.2,0.04695084145000347
19185,40.6,-93.1,0.024206699896907866
17199,37.9,-89.2,0.0001232485965956545
17199,37.9,-89.1,0.010257371893838301
17199,37.9,-89.0,0.010232123636452902
17199,37.9,-88.9,0.010520921194011277
17199,37.9,-88.8,0.011138620598593033
17199,37.9,-88.7,0.004937695104066459
17199,37.8,-89.2,0.0013044351132353825
17199,37.8,-89.1,0.0849399045816282
17199,37.8,-89.0,0.08493990458162201
17199,37.8,-88.9,0.08493990458161693
17199,37.8,-88.8,0.08493990458161953
17199,37.8,-88.7,0.036491480554201
17199,37.7,-89.2,0.0021100804859200952
17199,37.7,-89.1,0.0850528391164085
17199,37.7,-89.0,0.08505283911641115
17199,37.7,-88.9,0.08505283911641301
17199,37.7,-88.8,0.08505283911641236
17199,37.7,-88.7,0.03619877546266751
17199,37.6,-89.2,0.001395508767079921
17199,37.6,-89.1,0.04397394706664866
17199,37.6,-89.0,0.04563942175601153
17199,37.6,-88.9,0.04514815908087402
17199,37.6,-88.8,0.042717248080715184
17199,37.6,-88.7,0.017839987816957455
17077,38.0,-89.6,0.0014617445337476024
17077,38.0,-89.5,0.002491733635617163
17077,38.0,-89.4,0.0015866796094412732
17077,38.0,-89.3,0.0005668078874333365
17077,38.0,-89.2,0.00017317432068432914
17077,37.9,-89.7,0.0006071362180536245
17077,37.9,-89.6,0.04935452455157988
17077,37.9,-89.5,0.06258491278584033
17077,37.9,-89.4,0.06258491278584152
17077,37.9,-89.3,0.06258491278585014
17077,37.9,-89.2,0.06201175322079866
17077,37.8,-89.7,0.010609573378354551
17077,37.8,-89.6,0.06266842900250956
17077,37.8,-89.5,0.06266842900250646
17077,37.8,-89.4,0.06266842900250025
17077,37.8,-89.3,0.06266842900251342
17077,37.8,-89.2,0.0617060203480052
17077,37.7,-89.7,0.00021155931207150115
17077,37.7,-89.6,0.013235546002116039
17077,37.7,-89.5,0.051888231709657714
17077,37.7,-89.4,0.06275175179301214
17077,37.7,-89.3,0.06275175179302
17077,37.7,-89.2,0.06119494018870314
17077,37.6,-89.5,0.024700620183959857
17077,37.6,-89.4,0.031623102154048226
17077,37.6,-89.3,0.03184615162568431
17077,37.6,-89.2,0.030798743166449764
18035,40.4,-85.6,0.007682728020329282
18035,40.4,-85.5,0.02666041972702466
18035,40.4,-85.4,0.026382279178537863
18035,40.4,-85.3,0.02619356007322473
18035,40.4,-85.2,0.008080813597341011
18035,40.3,-85.6,0.024874677556445374
18035,40.3,-85.5,0.09206413762751638
18035,40.3,-85.4,0.09206413762751885
18035,40.3,-85.3,0.09206413762751167
18035,40.3,-85.2,0.028807220805789333
18035,40.2,-85.6,0.02371724549061685
18035,40.2,-85.5,0.09219813488302943
18035,40.2,-85.4,0.09219813488302457
18035,40.2,-85.3,0.09219813488302893
18035,40.2,-85.2,0.030648009328722876
18035,40.1,-85.6,0.01753432171279226
18035,40.1,-85.5,0.06745029721672842
18035,40.1,-85.4,0.06784736121385442
18035,40.1,-85.3,0.06775907281892574
18035,40.1,-85.2,0.023575175728037374
18121,40.0,-87.4,0.001499345021280296
18121,40.0,-87.3,0.0022686296076175026
18121,40.0,-87.2,0.0025399272679501525
18121,40.0,-87.1,0.0014644599267838862
18121,39.9,-87.4,0.0326795475530408
18121,39.9,-87.3,0.08147022960796996
18121,39.9,-87.2,0.08147022960796967
18121,39.9,-87.1,0.05363336255475423
18121,39.9,-87.0,0.005546454879720905
18121,39.8,-87.4,0.02335798901257148
18121,39.8,-87.3,0.08158711576423992
18121,39.8,-87.2,0.08158711576424159
18121,39.8,-87.1,0.08158711576424364
18121,39.8,-87.0,0.03228309988665067
18121,39.7,-87.4,0.028247293073800292
18121,39.7,-87.3,0.08170374919307496
18121,39.7,-87.2,0.08170374919306973
18121,39.7,-87.1,0.0817037491930632
18121,39.7,-87.0,0.031224767185627646
18121,39.6,-87.4,0.013014651364560433
18121,39.6,-87.3,0.03426035662183267
18121,39.6,-87.2,0.03509863603186105
18121,39.6,-87.1,0.03635704465211379
18121,39.6,-87.0,0.013711381271961455
17179,40.7,-89.6,0.013705019177386178
17179,40.7,-89.5,0.053563502113600114
17179,40.7,-89.4,0.053939423032688893
17179,40.7,-89.3,0.01097331280231529
17179,40.6,-89.8,0.00037014672835089654
17179,40.6,-89.7,0.005479153912620767
17179,40.6,-89.6,0.050417267927019574
17179,40.6,-89.5,0.055156840812781674
17179,40.6,-89.4,0.055156840812778954
17179,40.6,-89.3,0.0335572587668539
17179,40.5,-89.9,0.014686928120660728
17179,40.5,-89.8,0.05074299903445729
17179,40.5,-89.7,0.05523798854996049
17179,40.5,-89.6,0.05523798854995974
17179,40.5,-89.5,0.05523798854995843
17179,40.5,-89.4,0.05523798854995826
17179,40.5,-89.3,0.045924085317354896
17179,40.4,-89.9,0.004942082805202859
17179,40.4,-89.8,0.00840308006949397
17179,40.4,-89.7,0.03940937017674792
17179,40.4,-89.6,0.05531896496225556
17179,40.4,-89.5,0.05531896496225747
17179,40.4,-89.4,0.05531896496225672
17179,40.4,-89.3,0.047011117698612256
17179,40.3,-89.7,0.011029321030064926
17179,40.3,-89.6,0.016459879768859376
17179,40.3,-89.5,0.015600165400034704
17179,40.3,-89.4,0.014567559206295896
17179,40.3,-89.3,0.011995796199212308
17067,40.6,-91.4,0.0076284241671347825
17067,40.6,-91.3,0.033783350608537835
17067,40.6,-91.2,0.03909123036700638
17067,40.6,-91.1,0.038572445787679564
17067,40.6,-91.0,0.03828904159448021
17067,40.6,-90.9,0.017464740789095625
17067,40.5,-91.4,0.011883644603691472
17067,40.5,-91.3,0.044627044550100956
17067,40.5,-91.2,0.04462704455009729
17067,40.5,-91.1,0.044627044550096445
17067,40.5,-91.0,0.04462704455009617
17067,40.5,-90.9,0.019269559268812814
17067,40.4,-91.5,7.706962741271185e-05
17067,40.4,-91.4,0.02087063009949504
17067,40.4,-91.3,0.044692465794682966
17067,40.4,-91.2,0.04469246579468583
17067,40.4,-91.1,0.04469246579468799
17067,40.4,-91.0,0.04469246579468469
17067,40.4,-90.9,0.01873157681922384
17067,40.3,-91.5,0.013415220830104262
17067,40.3,-91.4,0.044757748447342316
17067,40.3,-91.3,0.04475774844734568
17067,40.3,-91.2,0.04475774844734501
17067,40.3,-91.1,0.044757748447346035
17067,40.3,-91.0,0.04475774844734829
17067,40.3,-90.9,0.018137711534012547
17067,40.2,-91.5,0.01231884434877833
17067,40.2,-91.4,0.022682701885371723
17067,40.2,-91.3,0.023319250789641026
17067,40.2,-91.2,0.023961171385757405
17067,40.2,-91.1,0.024563524527793267
17067,40.2,-91.0,0.025039943794813238
17067,40.2,-90.9,0.009833133555298211
18143,38.8,-85.8,0.07684401911478525
18143,38.8,-85.7,0.09150561320385645
18143,38.7,-85.9,0.05902049441057294
18143,38.7,-85.8,0.19138075386226136
18143,38.7,-85.7,0.18302010690460319
18143,38.7,-85.6,0.06922601160875791
18143,38.6,-85.9,0.0521915084251053
18143,38.6,-85.8,0.1225659471532925
18143,38.6,-85.7,0.08595854524573299
18143,38.6,-85.6,0.06828700007103206
18077,38.9,-85.6,0.009424308198315698
18077,38.9,-85.5,0.06046255858167516
18077,38.9,-85.4,0.06482262665523925
18077,38.9,-85.3,0.06538332760524933
18077,38.9,-85.2,0.030778537988227564
18077,38.8,-85.7,0.025668832345411754
18077,38.8,-85.6,0.09153888264296883
18077,38.8,-85.5,0.10257753927824975
18077,38.8,-85.4,0.10257753927824594
18077,38.8,-85.3,0.10257753927824612
18077,38.8,-85.2,0.04803882995387836
18077,38.7,-85.7,0.00554008288878618
18077,38.7,-85.6,0.06596177474274323
18077,38.7,-85.5,0.10109756910259586
18077,38.7,-85.4,0.021385641199713472
18077,38.7,-85.3,0.011517481558461247
18077,38.7,-85.2,0.020144359124199165
18077,38.6,-85.6,0.00909191125737431
18077,38.6,-85.5,0.05334409805727363
18077,38.6,-85.4,0.008066560263145174
17103,41.9,-89.6,0.02022550680048141
17103,41.9,-89.5,0.026750119687807692
17103,41.9,-89.4,0.02438260741592677
17103,41.9,-89.3,0.018608778579895596
17103,41.9,-89.2,0.01910506391108879
17103,41.9,-89.1,0.01960373653735392
17103,41.9,-89.0,0.020090931548750877
17103,41.9,-88.9,0.0017743280467193833
17103,41.8,-89.6,0.0395848570485145
17103,41.8,-89.5,0.04892203926048484
17103,41.8,-89.4,0.048922039260482164
17103,41.8,-89.3,0.04892203926048637
17103,41.8,-89.2,0.04892203926047888
17103,41.8,-89.1,0.04892203926048088
17103,41.8,-89.0,0.04892203926048035
17103,41.8,-88.9,0.004208150310137687
17103,41.7,-89.6,0.040191581278086703
17103,41.7,-89.5,0.04899716677529366
17103,41.7,-89.4,0.04899716677529358
17103,41.7,-89.3,0.04899716677530108
17103,41.7,-89.2,0.048997166775292554
17103,41.7,-89.1,0.04899716677529378
17103,41.7,-89.0,0.048997166775294615
17103,41.7,-88.9,0.0047507588712377416
17103,41.6,-89.6,0.026065834636183585
17103,41.6,-89.5,0.031881499813885376
17103,41.6,-89.4,0.03191320927887948
17103,41.6,-89.3,0.03186660590439296
17103,41.6,-89.2,0.028174922472633868
17103,41.6,-89.1,0.011051466033281767
17103,41.6,-89.0,0.01106816456070047
17103,41.6,-88.9,0.0011866410493787025
17037,42.2,-88.9,0.0013743231252289275
17037,42.2,-88.8,0.0019114038429860088
17037,42.2,-88.7,0.001960054546576066
17037,42.2,-88.6,0.0011917938788822873
17037,42.1,-88.9,0.05018305819235001
17037,42.1,-88.8,0.05589863155077505
17037,42.1,-88.7,0.05589863155077525
17037,42.1,-88.6,0.033191929742573595
17037,42.0,-88.9,0.05145502346022772
17037,42.0,-88.8,0.05598539470444833
17037,42.0,-88.7,0.05598539470445217
17037,42.0,-88.6,0.027154958442985152
17037,41.9,-88.9,0.05127309627456485
17037,41.9,-88.8,0.056071983739754416
17037,41.9,-88.7,0.056071983739753355
17037,41.9,-88.6,0.02718475052211682
17037,41.8,-88.9,0.05132779476285089
17037,41.8,-88.8,0.056158398419128605
17037,41.8,-88.7,0.056158398419130263
17037,41.8,-88.6,0.02683310190278616
17037,41.7,-88.9,0.05079116572515239
17037,41.7,-88.8,0.05624463850586814
17037,41.7,-88.7,0.05624463850586666
17037,41.7,-88.6,0.02662689349203508
17037,41.6,-88.9,0.010264363221203594
17037,41.6,-88.8,0.010663924311398634
17037,41.6,-88.7,0.010850258656684002
17037,41.6,-88.6,0.005044012059445563
19167,43.3,-96.6,0.00011387577410387626
19167,43.3,-96.5,0.004240716130110969
19167,43.3,-96.4,0.0037639979172518177
19167,43.3,-96.3,0.0034361352798372973
19167,43.3,-96.2,0.003366966271395317
19167,43.3,-96.1,0.0034572449441045857
19167,43.3,-96.0,0.0037016114799481754
19167,43.3,-95.9,0.00309837126745226
19167,43.2,-96.6,0.0016456499963055345
19167,43.2,-96.5,0.018907546071251332
19167,43.2,-96.4,0.04534474527123223
19167,43.2,-96.3,0.045344745271233236
19167,43.2,-96.2,0.045344745271230474
19167,43.2,-96.1,0.04534474527123144
19167,43.2,-96.0,0.04534474527123931
19167,43.2,-95.9,0.03991467176170537
19167,43.1,-96.5,0.0036564982431427427
19167,43.1,-96.4,0.044164055855402104
19167,43.1,-96.3,0.04541793255235156
19167,43.1,-96.2,0.045417932552353026
19167,43.1,-96.1,0.045417932552352915
19167,43.1,-96.0,0.045417932552357286
19167,43.1,-95.9,0.04057928874166192
19167,43.0,-96.5,0.0257756813046093
19167,43.0,-96.4,0.04549097829606787
19167,43.0,-96.3,0.04549097829606579
19167,43.0,-96.2,0.04549097829606334
19167,43.0,-96.1,0.04549097829606523
19167,43.0,-96.0,0.04549097829607374
19167,43.0,-95.9,0.0409748451501563
19167,42.9,-96.5,0.014631004248535232
19167,42.9,-96.4,0.018518483868009153
19167,42.9,-96.3,0.018493335660399682
19167,42.9,-96.2,0.018498828464571144
19167,42.9,-96.1,0.01826625609021757
19167,42.9,-96.0,0.018225323197001913
19167,42.9,-95.9,0.01671926423690901
18145,39.7,-86.0,0.0008382009037476606
18145,39.7,-85.9,0.04279876135787065
18145,39.7,-85.8,0.04346179938188538
18145,39.7,-85.7,0.043402951054639406
18145,39.7,-85.6,0.007481463486091928
18145,39.6,-86.0,0.001998670549221537
18145,39.6,-85.9,0.0892041623062675
18145,39.6,-85.8,0.0892041623062664
18145,39.6,-85.7,0.08920416230626677
18145,39.6,-85.6,0.015925744750671288
18145,39.5,-86.0,0.0011975758266294875
18145,39.5,-85.9,0.08933076946693791
18145,39.5,-85.8,0.08933076946693867
18145,39.5,-85.7,0.08933076946693894
18145,39.5,-85.6,0.017630147844776404
18145,39.4,-86.0,0.0023223225653175037
18145,39.4,-85.9,0.0894571000633981
18145,39.4,-85.8,0.08935437396442956
18145,39.4,-85.7,0.08937584545504207
18145,39.4,-85.6,0.017736065564154566
18145,39.3,-86.0,4.837312130846213e-05
18145,39.3,-85.9,0.001300976968539192
18145,39.3,-85.8,6.483182266061222e-05
19151,42.9,-94.9,0.023038570191727097
19151,42.9,-94.8,0.0358531355270186
19151,42.9,-94.7,0.03571759169860624
19151,42.9,-94.6,0.035744096098910605
19151,42.9,-94.5,0.035346679914094
19151,42.9,-94.4,0.002520362550527861
19151,42.8,-94.9,0.03872814237731402
19151,42.8,-94.8,0.060649019468314996
19151,42.8,-94.7,0.06064901946831091
19151,42.8,-94.6,0.06064901946831228
19151,42.8,-94.5,0.06064901946831246
19151,42.8,-94.4,0.004247877124086492
19151,42.7,-94.9,0.039276153425640434
19151,42.7,-94.8,0.06074552803556866
19151,42.7,-94.7,0.06074552803557391
19151,42.7,-94.6,0.06074552803557632
19151,42.7,-94.5,0.06074552803557581
19151,42.7,-94.4,0.0041883392929760585
19151,42.6,-94.9,0.035565634309041694
19151,42.6,-94.8,0.05494078656510773
19151,42.6,-94.7,0.055148388954019065
19151,42.6,-94.6,0.055011279226357804
19151,42.6,-94.5,0.055344172629682525
19151,42.6,-94.4,0.0037506000993444847
17085,42.5,-90.7,0.0006199225542216344
17085,42.5,-90.6,0.02990307820153119
17085,42.5,-90.5,0.03280385864743594
17085,42.5,-90.4,0.03252735408822073
17085,42.5,-90.3,0.03273467161079793
17085,42.5,-90.2,0.03301234973674695
17085,42.5,-90.1,0.03311219590445438
17085,42.5,-90.0,0.03236979907193795
17085,42.5,-89.9,0.00757523038813144
17085,42.4,-90.6,0.003250889361352033
17085,42.4,-90.5,0.033300784421887906
17085,42.4,-90.4,0.0567862580465407
17085,42.4,-90.3,0.05708999306020015
17085,42.4,-90.2,0.05708999306020288
17085,42.4,-90.1,0.05708999306019799
17085,42.4,-90.0,0.057089993060194716
17085,42.4,-89.9,0.014655468099864604
17085,42.3,-90.4,0.042790520533532876
17085,42.3,-90.3,0.05717955613075335
17085,42.3,-90.2,0.05717955613075286
17085,42.3,-90.1,0.05717955613075415
17085,42.3,-90.0,0.057179556130755184
17085,42.3,-89.9,0.016239575582945465
17085,42.2,-90.4,0.009984455109109615
17085,42.2,-90.3,0.03058309679528564
17085,42.2,-90.2,0.03090492742478907
17085,42.2,-90.1,0.030323932185990315
17085,42.2,-90.0,0.03034145970201653
17085,42.2,-89.9,0.00910197576939581
17075,41.0,-88.1,0.012725381692283802
17075,41.0,-88.0,0.01624073751885735
17075,41.0,-87.9,0.01707652202154027
17075,41.0,-87.8,0.017747556629921505
17075,41.0,-87.7,0.01838865563597916
17075,41.0,-87.6,0.01900871809419003
17075,41.0,-87.5,0.0046144585895663715
17075,40.9,-88.1,0.02568834313396935
17075,40.9,-88.0,0.03229186926700081
17075,40.9,-87.9,0.032291869267001796
17075,40.9,-87.8,0.0322918692670012
17075,40.9,-87.7,0.03229186926700206
17075,40.9,-87.6,0.032291869267003816
17075,40.9,-87.5,0.007724352512235151
17075,40.8,-88.1,0.02476064983980155
17075,40.8,-88.0,0.03233989062205807
17075,40.8,-87.9,0.03233989062205888
17075,40.8,-87.8,0.03233989062205968
17075,40.8,-87.7,0.0323398906220597
17075,40.8,-87.6,0.03233989062206012
17075,40.8,-87.5,0.007797457009780655
17075,40.7,-88.1,0.023664063035867773
17075,40.7,-88.0,0.03238781161768415
17075,40.7,-87.9,0.03238781161768379
17075,40.7,-87.8,0.03238781161768459
17075,40.7,-87.7,0.032387811617683636
17075,40.7,-87.6,0.03238781161768131
17075,40.7,-87.5,0.0077305337592693
17075,40.6,-88.1,0.022451697015483742
17075,40.6,-88.0,0.03243563212351452
17075,40.6,-87.9,0.032435632123510555
17075,40.6,-87.8,0.032435632123510215
17075,40.6,-87.7,0.03243563212351197
17075,40.6,-87.6,0.03243563212351509
17075,40.6,-87.5,0.007712448469313445
17075,40.5,-88.1,0.013707253778307766
17075,40.5,-88.0,0.02041549084576092
17075,40.5,-87.9,0.020698929821766073
17075,40.5,-87.8,0.020255781172589072
17075,40.5,-87.7,0.020112829592437036
17075,40.5,-87.6,0.01966417261944472
17075,40.5,-87.5,0.004537949060348902
17045,39.9,-87.9,0.015440183452747409
17045,39.9,-87.8,0.018039154504885822
17045,39.9,-87.7,0.018184486657842544
17045,39.9,-87.6,0.015091181329834277
17045,39.9,-87.5,0.0032422870104603634
17045,39.8,-88.0,0.004537309567321929
17045,39.8,-87.9,0.0544989145648354
17045,39.8,-87.8,0.05884338126432424
17045,39.8,-87.7,0.058843381264326214
17045,39.8,-87.6,0.05884338126432314
17045,39.8,-87.5,0.0099318924926989
17045,39.7,-88.0,0.009810493857544941
17045,39.7,-87.9,0.05892750122930418
17045,39.7,-87.8,0.05892750122930617
17045,39.7,-87.7,0.05892750122930324
17045,39.7,-87.6,0.05892750122930287
17045,39.7,-87.5,0.010138035623679088
17045,39.6,-88.0,0.008523573177817653
17045,39.6,-87.9,0.059011438691224265
17045,39.6,-87.8,0.05901143869122036
17045,39.6,-87.7,0.05901143869122039
17045,39.6,-87.6,0.059011438691221496
17045,39.6,-87.5,0.010522828200203898
17045,39.5,-88.0,0.004766104212656971
17045,39.5,-87.9,0.04004483248793916
17045,39.5,-87.8,0.03831943454952109
17045,39.5,-87.7,0.039597074200480795
17045,39.5,-87.6,0.04321014345893855
17045,39.5,-87.5,0.007816167175514597
18045,40.4,-87.1,0.0019172600727626215
18045,40.3,-87.3,0.01382510572746584
18045,40.3,-87.2,0.0667560799230995
18045,40.3,-87.1,0.049949102854547185
18045,40.2,-87.4,0.03861882176275767
18045,40.2,-87.3,0.08538898023706155
18045,40.2,-87.2,0.09173929976143011
18045,40.2,-87.1,0.05299267754528607
18045,40.1,-87.4,0.05716497190996404
18045,40.1,-87.3,0.09187234578199961
18045,40.1,-87.2,0.09187234578199982
18045,40.1,-87.1,0.05332541704802561
18045,40.0,-87.4,0.07336061963912749
18045,40.0,-87.3,0.08943943306735677
18045,40.0,-87.2,0.08913261288430575
18045,40.0,-87.1,0.05264492600281031
18131,41.2,-86.9,0.014756595468685265
18131,41.2,-86.8,0.018051717239716165
18131,41.2,-86.7,0.018310636720435113
18131,41.2,-86.6,0.01819149518374345
18131,41.2,-86.5,0.01490853650824122
18131,41.1,-86.9,0.06672876573663898
18131,41.1,-86.8,0.08289414775366852
18131,41.1,-86.7,0.08289414775367254
18131,41.1,-86.6,0.08289414775367662
18131,41.1,-86.5,0.06855039550101223
18131,41.0,-86.9,0.06712362365212166
18131,41.0,-86.8,0.08301830460590097
18131,41.0,-86.7,0.0830183046058992
18131,41.0,-86.6,0.08301830460590544
18131,41.0,-86.5,0.06819655235928869
18131,40.9,-86.9,0.025259819018699073
18131,40.9,-86.8,0.031206263283279755
18131,40.9,-86.7,0.031482101720607086
18131,40.9,-86.6,0.03230411073532101
18131,40.9,-86.5,0.027192029793487046
19129,41.2,-95.9,0.002748591732532935
19129,41.2,-95.8,0.008256612626699737
19129,41.2,-95.7,0.008194295991777222
19129,41.2,-95.6,0.008173081225330414
19129,41.2,-95.5,0.008294224558118036
19129,41.2,-95.4,0.005403394086112986
19129,41.1,-95.9,0.017887443339654197
19129,41.1,-95.8,0.08176723528156786
19129,41.1,-95.7,0.08176723528157537
19129,41.1,-95.6,0.08176723528157263
19129,41.1,-95.5,0.08176723528157231
19129,41.1,-95.4,0.05354513427620376
19129,41.0,-95.9,0.006895492172472866
19129,41.0,-95.8,0.07628720140094974
19129,41.0,-95.7,0.08188970427151225
19129,41.0,-95.6,0.08188970427151492
19129,41.0,-95.5,0.08188970427151186
19129,41.0,-95.4,0.0535259211315553
19129,40.9,-95.8,0.03305857746473929
19129,40.9,-95.7,0.03973806673037328
19129,40.9,-95.6,0.03968012213919249
19129,40.9,-95.5,0.039664066167870354
19129,40.9,-95.4,0.025909721015590238
17195,41.9,-90.2,0.005131738044248606
17195,41.9,-90.1,0.040685953867992876
17195,41.9,-90.0,0.04127423712893732
17195,41.9,-89.9,0.04137404672029508
17195,41.9,-89.8,0.041062786250781816
17195,41.9,-89.7,0.0411051183785435
17195,41.9,-89.6,0.008400699988651297
17195,41.8,-90.2,0.03071268092618828
17195,41.8,-90.1,0.0511720130544984
17195,41.8,-90.0,0.05117201305450002
17195,41.8,-89.9,0.05117201305449875
17195,41.8,-89.8,0.05117201305449591
17195,41.8,-89.7,0.05117201305449453
17195,41.8,-89.6,0.009766608613739272
17195,41.7,-90.2,0.03871920203561302
17195,41.7,-90.1,0.051250595759280315
17195,41.7,-90.0,0.05125059575927981
17195,41.7,-89.9,0.051250595759280766
17195,41.7,-89.8,0.05125059575928673
17195,41.7,-89.7,0.051250595759284714
17195,41.7,-89.6,0.00921056323135628
17195,41.6,-90.2,0.005442950457315093
17195,41.6,-90.1,0.033681085990208484
17195,41.6,-90.0,0.033998498723185125
17195,41.6,-89.9,0.03394440209246314
17195,41.6,-89.8,0.03377169813231025
17195,41.6,-89.7,0.03352753959108533
17195,41.6,-89.6,0.006077145758185277
17135,39.5,-89.7,0.01955001176951155
17135,39.5,-89.6,0.038662482561728224
17135,39.5,-89.5,0.00663140071255874
17135,39.4,-89.7,0.025978000577467148
17135,39.4,-89.6,0.05202604892549944
17135,39.4,-89.5,0.009518779532777195
17135,39.3,-89.7,0.027501640051880213
17135,39.3,-89.6,0.05209935865158511
17135,39.3,-89.5,0.05158195925492822
17135,39.3,-89.4,0.051479402131858545
17135,39.3,-89.3,0.05144476132770219
17135,39.3,-89.2,0.0515080073650903
17135,39.3,-89.1,0.005294164295867057
17135,39.2,-89.7,0.02653758607466919
17135,39.2,-89.6,0.052172507138571064
17135,39.2,-89.5,0.052172507138569926
17135,39.2,-89.4,0.05217250713857025
17135,39.2,-89.3,0.0519637714748989
17135,39.2,-89.2,0.016884556205763433
17135,39.2,-89.1,0.0017556583674798423
17135,39.1,-89.7,0.025831413775560422
17135,39.1,-89.6,0.052245494189263685
17135,39.1,-89.5,0.05224549418926144
17135,39.1,-89.4,0.052245494189259174
17135,39.1,-89.3,0.051940231268553766
17135,39.0,-89.7,0.012990835163458926
17135,39.0,-89.6,0.021035462736599328
17135,39.0,-89.5,0.011511874820925644
17135,39.0,-89.4,0.011609486129346164
17135,39.0,-89.3,0.011409102840794974
17021,39.8,-89.4,0.002224633304008311
17021,39.8,-89.3,0.01814538101156334
17021,39.8,-89.2,0.032869459037422444
17021,39.8,-89.1,0.0022521702805495462
17021,39.7,-89.5,0.0050244947606241566
17021,39.7,-89.4,0.042110575102724035
17021,39.7,-89.3,0.05136132983896769
17021,39.7,-89.2,0.05136132983895978
17021,39.7,-89.1,0.0074138337181107235
17021,39.7,-89.0,0.0005839753454731219
17021,39.6,-89.5,0.04087045684000898
17021,39.6,-89.4,0.051434489901368174
17021,39.6,-89.3,0.051434489901374926
17021,39.6,-89.2,0.05143448990137012
17021,39.6,-89.1,0.05143448990137046
17021,39.6,-89.0,0.012982842851803726
17021,39.5,-89.5,0.04281243866165802
17021,39.5,-89.4,0.051507490695935965
17021,39.5,-89.3,0.05150749069594095
17021,39.5,-89.2,0.05150749069593224
17021,39.5,-89.1,0.05150749069593236
17021,39.5,-89.0,0.013024535571504146
17021,39.4,-89.5,0.04214310165884373
17021,39.4,-89.4,0.051580332025532326
17021,39.4,-89.3,0.051580332025543706
17021,39.4,-89.2,0.05158033202553649
17021,39.4,-89.1,0.05158033202553605
17021,39.4,-89.0,0.012652499341255303
17021,39.3,-89.5,0.0005129667391758219
17021,39.3,-89.4,0.0006146452361713674
17021,39.3,-89.3,0.000648989266078851
17021,39.3,-89.2,0.0005862850693228428
17021,39.3,-89.1,0.0012248067803824591
17021,39.3,-89.0,0.0004899992540178097
17029,39.7,-88.5,0.00027270966828141317
17029,39.7,-88.4,0.001263575228307344
17029,39.7,-88.3,0.0014134552784500292
17029,39.7,-88.2,0.0015808479975261134
17029,39.7,-88.1,0.00436380665660648
17029,39.7,-88.0,0.020809262046535357
17029,39.6,-88.5,0.015626765438184104
17029,39.6,-88.4,0.0721900131299092
17029,39.6,-88.3,0.07219001312991276
17029,39.6,-88.2,0.07219001312991065
17029,39.6,-88.1,0.07219001312991125
17029,39.6,-88.0,0.061762935375717996
17029,39.5,-88.5,0.015092166790337291
17029,39.5,-88.4,0.07229247216718623
17029,39.5,-88.3,0.07229247216718312
17029,39.5,-88.2,0.07229247216718297
17029,39.5,-88.1,0.07229247216718128
17029,39.5,-88.0,0.05212725767143683
17029,39.4,-88.5,0.011301367734485583
17029,39.4,-88.4,0.05486428445674798
17029,39.4,-88.3,0.054728846467242166
17029,39.4,-88.2,0.054296508993123195
17029,39.4,-88.1,0.053188642424282014
17029,39.4,-88.0,0.01937762658435861
17009,40.1,-90.9,0.041463333222767365
17009,40.1,-90.8,0.06577817257198659
17009,40.1,-90.7,0.04044460043115106
17009,40.0,-90.9,0.07689561921781901
17009,40.0,-90.8,0.1190952615096199
17009,40.0,-90.7,0.11687064256344075
17009,40.0,-90.6,0.06117030803133308
17009,40.0,-90.5,0.013827714135045355
17009,39.9,-90.9,0.07911418757747347
17009,39.9,-90.8,0.11926674421723289
17009,39.9,-90.7,0.11926674421723235
17009,39.9,-90.6,0.10131262539371648
17009,39.9,-90.5,0.006665399819988791
17009,39.8,-90.9,0.006607352964671052
17009,39.8,-90.8,0.010937695183529906
17009,39.8,-90.7,0.011847130161759421
17009,39.8,-90.6,0.009436468781232468
17025,38.9,-88.7,0.02265621309448444
17025,38.9,-88.6,0.05164281445440463
17025,38.9,-88.5,0.05034367618045426
17025,38.9,-88.4,0.043238102392364565
17025,38.9,-88.3,0.00019110108179677137
17025,38.8,-88.7,0.036248602139205305
17025,38.8,-88.6,0.07929993161117015
17025,38.8,-88.5,0.0792999316111708
17025,38.8,-88.4,0.07929993161116872
17025,38.8,-88.3,0.0720993888847015
17025,38.7,-88.7,0.03768664053860728
17025,38.7,-88.6,0.07940927442526004
17025,38.7,-88.5,0.0794092744252586
17025,38.7,-88.4,0.07940927442525325
17025,38.7,-88.3,0.057841312882845185
17025,38.6,-88.7,0.016761164186702805
17025,38.6,-88.6,0.03422187463139188
17025,38.6,-88.5,0.03565660328001723
17025,38.6,-88.4,0.0375558778266351
17025,38.6,-88.3,0.027723956730656946
17025,38.6,-88.2,5.053586450518671e-06
39041,40.4,-83.2,0.0719850649355641
39041,40.4,-83.1,0.06891343759025488
39041,40.4,-83.0,0.057451398343187174
39041,40.4,-82.9,0.0157098731631894
39041,40.4,-82.8,0.0016771903729017558
39041,40.3,-83.2,0.07913080678409036
39041,40.3,-83.1,0.07970053952363783
39041,40.3,-83.0,0.07970053952363614
39041,40.3,-82.9,0.07970053952364144
39041,40.3,-82.8,0.07927655324699164
39041,40.3,-82.7,0.001276063485466266
39041,40.2,-83.2,0.020390196591234477
39041,40.2,-83.1,0.07981654184369265
39041,40.2,-83.0,0.07981654184369773
39041,40.2,-82.9,0.0798165418436977
39041,40.2,-82.8,0.0746817264797371
39041,40.1,-83.2,0.0012192820708315218
39041,40.1,-83.1,0.008312114191917
39041,40.1,-83.0,0.011153908741883836
39041,40.1,-82.9,0.014436295077848294
39041,40.1,-82.8,0.01583484482289883
39107,40.7,-84.8,0.03117043796153196
39107,40.7,-84.7,0.05952685964497801
39107,40.7,-84.6,0.05957683503463847
39107,40.7,-84.5,0.05618455566340813
39107,40.6,-84.8,0.04003224455264843
39107,40.6,-84.7,0.07665520430775151
39107,40.6,-84.6,0.07665520430775222
39107,40.6,-84.5,0.07210444681792431
39107,40.5,-84.8,0.040661045018861
39107,40.5,-84.7,0.07676798082433375
39107,40.5,-84.6,0.07676798082432987
39107,40.5,-84.5,0.07280093997408416
39107,40.4,-84.8,0.04067902908508735
39107,40.4,-84.7,0.0753141761344338
39107,40.4,-84.6,0.07489950242305153
39107,40.4,-84.5,0.0699840117362431
39107,40.4,-84.4,0.00021954568894240857
39161,41.0,-84.8,0.018471814778443115
39161,41.0,-84.7,0.03480537463270123
39161,41.0,-84.6,0.03495641269012626
39161,41.0,-84.5,0.03518798014417065
39161,41.0,-84.4,0.0179666327529084
39161,40.9,-84.8,0.04646962615362549
39161,40.9,-84.7,0.08802399250460068
39161,40.9,-84.6,0.08802399250459264
39161,40.9,-84.5,0.0880239925045968
39161,40.9,-84.4,0.06805768849288202
39161,40.9,-84.3,0.004389812916986258
39161,40.8,-84.8,0.046152806465034085
39161,40.8,-84.7,0.08815489330078814
39161,40.8,-84.6,0.088154893300794
39161,40.8,-84.5,0.08815489330079693
39161,40.8,-84.4,0.06068689981593576
39161,40.8,-84.3,0.0029012960308141184
39161,40.7,-84.8,0.010113000886459392
39161,40.7,-84.7,0.01962587296070811
39161,40.7,-84.6,0.019568230198064175
39161,40.7,-84.5,0.021604360620583664
39161,40.7,-84.4,0.030505533044388033
39031,40.5,-82.2,0.0012572919604246626
39031,40.5,-82.1,0.002438199793565242
39031,40.5,-82.0,0.0009761904869147338
39031,40.5,-81.9,6.7529391603952196e-06
39031,40.4,-82.2,0.02394860992251997
39031,40.4,-82.1,0.06414043666449477
39031,40.4,-82.0,0.0641404366644966
39031,40.4,-81.9,0.0633255195720974
39031,40.4,-81.8,0.06199733715515155
39031,40.4,-81.7,0.03176660721663271
39031,40.4,-81.6,0.003965657515551225
39031,40.3,-82.2,0.027452913922863618
39031,40.3,-82.1,0.06423412712829164
39031,40.3,-82.0,0.06423412712828727
39031,40.3,-81.9,0.06423412712828745
39031,40.3,-81.8,0.06423412712829389
39031,40.3,-81.7,0.06423412712829144
39031,40.3,-81.6,0.019914865110789475
39031,40.2,-82.2,0.01976667312446191
39031,40.2,-82.1,0.05603872840204535
39031,40.2,-82.0,0.057765034449059546
39031,40.2,-81.9,0.05935427624726378
39031,40.2,-81.8,0.061144405308135114
39031,40.2,-81.7,0.05430678197042947
39031,40.2,-81.6,0.005122645932490769
39091,40.5,-84.0,0.031272002726399926
39091,40.5,-83.9,0.06578655516822282
39091,40.5,-83.8,0.06006773308684365
39091,40.5,-83.7,0.05537929875117794
39091,40.5,-83.6,0.05055063501468675
39091,40.5,-83.5,0.012643592751595859
39091,40.4,-84.0,0.04133649782812938
39091,40.4,-83.9,0.07796542068100094
39091,40.4,-83.8,0.07796542068100003
39091,40.4,-83.7,0.07796542068099983
39091,40.4,-83.6,0.077965420680999
39091,40.4,-83.5,0.013714377403934132
39091,40.3,-84.0,0.03607776674633825
39091,40.3,-83.9,0.06507902228214625
39091,40.3,-83.8,0.07200532745278855
39091,40.3,-83.7,0.07807930541275115
39091,40.3,-83.6,0.07807930541274409
39091,40.3,-83.5,0.005084571453112079
39091,40.2,-83.8,0.0015958046209764887
39091,40.2,-83.7,0.00797786889797503
39091,40.2,-83.6,0.013373661609626074
39091,40.2,-83.5,3.499065655184367e-05
39063,41.2,-83.9,0.0037805448951275904
39063,41.2,-83.8,0.012317170271352467
39063,41.2,-83.7,0.01224991372989311
39063,41.2,-83.6,0.011615354002833362
39063,41.2,-83.5,0.0108852883186353
39063,41.2,-83.4,0.003238770856281518
39063,41.1,-83.9,0.020808634531578114
39063,41.1,-83.8,0.0675007218616009
39063,41.1,-83.7,0.06750072186159967
39063,41.1,-83.6,0.06750072186159647
39063,41.1,-83.5,0.06750072186160047
39063,41.1,-83.4,0.01956200134458417
39063,41.0,-83.9,0.020690780910976397
39063,41.0,-83.8,0.06760182281234327
39063,41.0,-83.7,0.06760182281233965
39063,41.0,-83.6,0.0676018228123398
39063,41.0,-83.5,0.06541188375272235
39063,41.0,-83.4,0.011564912175701022
39063,40.9,-83.9,0.020554537359484624
39063,40.9,-83.8,0.06770271389997981
39063,40.9,-83.7,0.0677027138999817
39063,40.9,-83.6,0.06770271389997816
39063,40.9,-83.5,0.03552106180126475
39063,40.8,-83.9,0.006158265298492703
39063,40.8,-83.8,0.02067983153496953
39063,40.8,-83.7,0.02069341881511646
39063,40.8,-83.6,0.020974697581999453
39063,40.8,-83.5,0.007376435235627217
39159,40.5,-83.5,0.03334780673048612
39159,40.5,-83.4,0.046147116181238
39159,40.5,-83.3,0.047069634742466525
39159,40.5,-83.2,0.0008077168673649965
39159,40.4,-83.5,0.06865340775735741
39159,40.4,-83.4,0.08330746932629816
39159,40.4,-83.3,0.08330746932629472
39159,40.4,-83.2,0.0006208328914995786
39159,40.3,-83.5,0.07799620020269873
39159,40.3,-83.4,0.08342915723246672
39159,40.3,-83.3,0.08342915723246118
39159,40.3,-83.2,0.0005963864560057635
39159,40.2,-83.6,6.623512891318023e-05
39159,40.2,-83.5,0.04966107347681704
39159,40.2,-83.4,0.08355058647068521
39159,40.2,-83.3,0.08355058647068199
39159,40.2,-83.2,0.06220647854395062
39159,40.1,-83.5,0.016977816273980692
39159,40.1,-83.4,0.03304885330001672
39159,40.1,-83.3,0.03397182000529607
39159,40.1,-83.2,0.02825419538302062
19193,42.6,-96.5,0.0016532535600704552
19193,42.6,-96.4,0.004846887468081759
19193,42.6,-96.3,0.004682251990435178
19193,42.6,-96.2,0.0046580670662015045
19193,42.6,-96.1,0.0045155643979530495
19193,42.6,-96.0,0.004426940056963237
19193,42.6,-95.9,0.004350058630761889
19193,42.6,-95.8,0.004388059537470804
19193,42.6,-95.7,0.00038189854372316614
19193,42.5,-96.5,0.007117803948377725
19193,42.5,-96.4,0.03026306611406688
19193,42.5,-96.3,0.04016495058947349
19193,42.5,-96.2,0.04016495058947685
19193,42.5,-96.1,0.04016495058947496
19193,42.5,-96.0,0.04016495058947737
19193,42.5,-95.9,0.04016495058947497
19193,42.5,-95.8,0.04016495058947684
19193,42.5,-95.7,0.010590753076307092
19193,42.4,-96.4,0.02224398508825547
19193,42.4,-96.3,0.04022818597556126
19193,42.4,-96.2,0.0402281859755613
19193,42.4,-96.1,0.040228185975562415
19193,42.4,-96.0,0.040228185975568355
19193,42.4,-95.9,0.04022818597556243
19193,42.4,-95.8,0.0402281859755613
19193,42.4,-95.7,0.032288823689147844
19193,42.3,-96.4,0.0093078248468136
19193,42.3,-96.3,0.03887862949473342
19193,42.3,-96.2,0.04029129615767504
19193,42.3,-96.1,0.040291296157675544
19193,42.3,-96.0,0.04029129615768073
19193,42.3,-95.9,0.040291296157675544
19193,42.3,-95.8,0.04029129615767504
19193,42.3,-95.7,0.032076821619148876
19193,42.2,-96.4,2.2598158623294136e-05
19193,42.2,-96.3,0.011331510639787325
19193,42.2,-96.2,0.014423515555111332
19193,42.2,-96.1,0.014909518202809122
19193,42.2,-96.0,0.015409102620672126
19193,42.2,-95.9,0.015529080316588702
19193,42.2,-95.8,0.015517655891629194
19193,42.2,-95.7,0.012371029307653597
18011,40.2,-86.7,0.011400375636698821
18011,40.2,-86.6,0.024239839739413564
18011,40.2,-86.5,0.023537730601896283
18011,40.2,-86.4,0.023676222592840537
18011,40.2,-86.3,0.02550304562202496
18011,40.2,-86.2,0.0020701863982113384
18011,40.1,-86.7,0.03950245469952184
18011,40.1,-86.6,0.08637968547426261
18011,40.1,-86.5,0.08637968547426327
18011,40.1,-86.4,0.08637968547426499
18011,40.1,-86.3,0.086379685474263
18011,40.1,-86.2,0.007166579134997497
18011,40.0,-86.7,0.039368567162032346
18011,40.0,-86.6,0.08650450951533709
18011,40.0,-86.5,0.08650450951533414
18011,40.0,-86.4,0.08650450951533009
18011,40.0,-86.3,0.08650450951532467
18011,40.0,-86.2,0.0076567839044080375
18011,39.9,-86.7,0.010592443584193366
18011,39.9,-86.6,0.023596453305791198
18011,39.9,-86.5,0.023460402783252385
18011,39.9,-86.4,0.02273894978322004
18011,39.9,-86.3,0.02204113995607219
18011,39.9,-86.2,0.001912045137045785
17011,41.6,-89.9,0.0015926915697590759
17011,41.6,-89.8,0.01399778606685942
17011,41.6,-89.7,0.014192444410312439
17011,41.6,-89.6,0.014340547992375266
17011,41.6,-89.5,0.0143357742177227
17011,41.6,-89.4,0.014309330776803226
17011,41.6,-89.3,0.014348194680068356
17011,41.6,-89.2,0.012059118055331238
17011,41.5,-89.9,0.0032768163706174682
17011,41.5,-89.8,0.040985076775863695
17011,41.5,-89.7,0.040985076775867095
17011,41.5,-89.6,0.04098507677586973
17011,41.5,-89.5,0.04098507677586751
17011,41.5,-89.4,0.0409850767758681
17011,41.5,-89.3,0.04098507677587315
17011,41.5,-89.2,0.03426465457285908
17011,41.4,-89.9,0.0028314175612463273
17011,41.4,-89.8,0.04104734624780029
17011,41.4,-89.7,0.041047346247799404
17011,41.4,-89.6,0.04104734624780001
17011,41.4,-89.5,0.041047346247799564
17011,41.4,-89.4,0.04104734624779835
17011,41.4,-89.3,0.04104734624780269
17011,41.4,-89.2,0.034807628129875756
17011,41.3,-89.9,0.002854896130190437
17011,41.3,-89.8,0.041109488199385195
17011,41.3,-89.7,0.04110948819938323
17011,41.3,-89.6,0.04110948819938468
17011,41.3,-89.5,0.04110948819938288
17011,41.3,-89.4,0.04110327099986918
17011,41.3,-89.3,0.017956459977377413
17011,41.3,-89.2,0.013206979786785221
17011,41.2,-89.9,0.0004830020987543535
17011,41.2,-89.8,0.006484647825069415
17011,41.2,-89.7,0.006632384843938478
17011,41.2,-89.6,0.03724557993315573
17011,41.2,-89.5,0.03551798160502897
17011,41.2,-89.4,0.006534492074255038
17011,41.1,-89.6,0.0005046671082238664
17011,41.1,-89.5,0.0004867422739760716
39071,39.4,-83.6,0.012439248967523306
39071,39.4,-83.5,0.018529001863671932
39071,39.4,-83.4,0.01350448266420758
39071,39.3,-83.8,0.005594335524809893
39071,39.3,-83.7,0.04242365684859118
39071,39.3,-83.6,0.06608551770006013
39071,39.3,-83.5,0.06627231607562364
39071,39.3,-83.4,0.044367377309311985
39071,39.3,-83.3,7.523283686123507e-05
39071,39.2,-83.9,0.010671480996561497
39071,39.2,-83.8,0.05983914851316765
39071,39.2,-83.7,0.06636536366345985
39071,39.2,-83.6,0.06636536366345758
39071,39.2,-83.5,0.06636536366345801
39071,39.2,-83.4,0.062617007377397
39071,39.2,-83.3,0.00088017500190232
39071,39.1,-83.9,0.012443869310200166
39071,39.1,-83.8,0.06645820589833284
39071,39.1,-83.7,0.06645820589833198
39071,39.1,-83.6,0.06645820589832899
39071,39.1,-83.5,0.06645820589832793
39071,39.1,-83.4,0.049187418609160566
39071,39.0,-83.9,0.004133214740286069
39071,39.0,-83.8,0.019717725954832965
39071,39.0,-83.7,0.019485093769639243
39071,39.0,-83.6,0.0182883979515857
39071,39.0,-83.5,0.008072129492446345
39071,39.0,-83.4,0.00044425390846245026
39033,41.0,-83.1,0.024447252267025526
39033,41.0,-83.0,0.039143423190556456
39033,41.0,-82.9,0.039211640841734695
39033,41.0,-82.8,0.04143165242872446
39033,41.0,-82.7,0.010450086864871781
39033,40.9,-83.1,0.05603540253070211
39033,40.9,-83.0,0.0897187804218772
39033,40.9,-82.9,0.08971878042187809
39033,40.9,-82.8,0.08971878042187388
39033,40.9,-82.7,0.02284588508235799
39033,40.8,-83.1,0.05576127848572919
39033,40.8,-83.0,0.08985220154327894
39033,40.8,-82.9,0.0898522015432796
39033,40.8,-82.8,0.08985220154328082
39033,40.8,-82.7,0.0216569140505758
39033,40.7,-83.1,0.026070010558300917
39033,40.7,-83.0,0.042009262138048974
39033,40.7,-82.9,0.04025237078168774
39033,40.7,-82.8,0.03398496177584135
39033,40.7,-82.7,0.007986913108374488
39175,41.0,-83.5,0.002867299855277204
39175,41.0,-83.4,0.037241522850147236
39175,41.0,-83.3,0.03782164843115599
39175,41.0,-83.2,0.038208889318803084
39175,41.0,-83.1,0.014357201868063772
39175,40.9,-83.5,0.04213562290693538
39175,40.9,-83.4,0.08864355421889109
39175,40.9,-83.3,0.0886435542188843
39175,40.9,-83.2,0.08864355421888963
39175,40.9,-83.1,0.03327970264789358
39175,40.8,-83.5,0.046803404132013435
39175,40.8,-83.4,0.08877537636753985
39175,40.8,-83.3,0.08877537636754289
39175,40.8,-83.2,0.08877537636753877
39175,40.8,-83.1,0.0336823636279274
39175,40.7,-83.5,0.01980383053364278
39175,40.7,-83.4,0.054463461673336856
39175,40.7,-83.3,0.04853521037487308
39175,40.7,-83.2,0.04241116325857919
39175,40.7,-83.1,0.016131886762064524
18059,39.9,-86.0,0.0008889330239101722
18059,39.9,-85.9,0.08744586223207106
18059,39.9,-85.8,0.1128434492165635
18059,39.9,-85.7,0.11386651931229744
18059,39.9,-85.6,0.07855838616765372
18059,39.8,-86.0,0.0032928031950539517
18059,39.8,-85.9,0.11958281642547888
18059,39.8,-85.8,0.1195828164254752
18059,39.8,-85.7,0.11958281642547433
18059,39.8,-85.6,0.047753304945457736
18059,39.7,-86.0,0.0010878408638611144
18059,39.7,-85.9,0.06221594182848245
18059,39.7,-85.8,0.06132456636310337
18059,39.7,-85.7,0.06140368091337982
18059,39.7,-85.6,0.010570262661737212
18063,39.9,-86.7,0.028435597505423665
18063,39.9,-86.6,0.06525985369595114
18063,39.9,-86.5,0.06540071152948851
18063,39.9,-86.4,0.06614765688986964
18063,39.9,-86.3,0.01564490150538177
18063,39.8,-86.7,0.03304415746792462
18063,39.8,-86.6,0.0898187610065638
18063,39.8,-86.5,0.08981876100657032
18063,39.8,-86.4,0.08981876100657592
18063,39.8,-86.3,0.02064113420883035
18063,39.7,-86.7,0.03339875753541066
18063,39.7,-86.6,0.08994716204112523
18063,39.7,-86.5,0.0899471620411221
18063,39.7,-86.4,0.0899471620411163
18063,39.7,-86.3,0.021112703060185364
18063,39.6,-86.7,0.006997869513395753
18063,39.6,-86.6,0.04319353132243225
18063,39.6,-86.5,0.04017172645474936
18063,39.6,-86.4,0.017405452860188547
18063,39.6,-86.3,0.003848177307694739
18057,40.2,-86.2,0.05568855385891456
18057,40.2,-86.1,0.0611488026875867
18057,40.2,-86.0,0.06176587412985516
18057,40.2,-85.9,0.054350176188443594
18057,40.1,-86.2,0.08329285594930007
18057,40.1,-86.1,0.09082853875643707
18057,40.1,-86.0,0.09082853875643074
18057,40.1,-85.9,0.07887085836306308
18057,40.0,-86.2,0.08290865684665169
18057,40.0,-86.1,0.09095979166837469
18057,40.0,-86.0,0.09095979166838179
18057,40.0,-85.9,0.0797620474897402
18057,39.9,-86.2,0.019339000598570008
18057,39.9,-86.1,0.020984256344529124
18057,39.9,-86.0,0.02088519904206766
18057,39.9,-85.9,0.01742705765165382
17157,38.2,-90.0,0.03916335290893729
17157,38.2,-89.9,0.044531682354255905
17157,38.2,-89.8,0.04394954629581381
17157,38.2,-89.7,0.04368338728889661
17157,38.2,-89.6,0.025003835013846634
17157,38.1,-90.2,0.006802031450375005
17157,38.1,-90.1,0.04022744758292943
17157,38.1,-90.0,0.06154852705441194
17157,38.1,-89.9,0.06297316380171969
17157,38.1,-89.8,0.06297316380172512
17157,38.1,-89.7,0.06297316380172324
17157,38.1,-89.6,0.03604848649609236
17157,38.0,-90.1,0.014268055087196953
17157,38.0,-90.0,0.04699714316155536
17157,38.0,-89.9,0.06085457575335095
17157,38.0,-89.8,0.06305781340101166
17157,38.0,-89.7,0.06305781340100963
17157,38.0,-89.6,0.035147546688849646
17157,37.9,-90.0,0.005536473149277304
17157,37.9,-89.9,0.043748694285642646
17157,37.9,-89.8,0.04788948089705864
17157,37.9,-89.7,0.0625297251787423
17157,37.9,-89.6,0.013348212635406413
17157,37.8,-89.8,0.00017599452636719425
17157,37.8,-89.7,0.013510683983804294
17173,39.7,-89.0,0.0014114605780398883
17173,39.7,-88.9,0.0014080611135525005
17173,39.7,-88.8,0.0005921249520131324
17173,39.6,-89.0,0.03584151779397032
17173,39.6,-88.9,0.04794307465288258
17173,39.6,-88.8,0.0278826894594783
17173,39.6,-88.7,0.004634369313490083
17173,39.5,-89.0,0.03587070065109805
17173,39.5,-88.9,0.04801112009379362
17173,39.5,-88.8,0.048011120093797204
17173,39.5,-88.7,0.03868021619531403
17173,39.5,-88.6,0.014391617337033974
17173,39.4,-89.0,0.036285379558270714
17173,39.4,-88.9,0.048079016894353635
17173,39.4,-88.8,0.04807901689435327
17173,39.4,-88.7,0.04807901689435385
17173,39.4,-88.6,0.04768471176493676
17173,39.4,-88.5,0.03713771770853024
17173,39.3,-89.1,0.04211258417182433
17173,39.3,-89.0,0.04769002716738943
17173,39.3,-88.9,0.04814676487122223
17173,39.3,-88.8,0.0481467648712238
17173,39.3,-88.7,0.04814676487122174
17173,39.3,-88.6,0.048146764871222075
17173,39.3,-88.5,0.03798374796373704
17173,39.2,-89.1,0.014345083272990592
17173,39.2,-89.0,0.016432576750669604
17173,39.2,-88.9,0.016166514449720452
17173,39.2,-88.8,0.016295073951774153
17173,39.2,-88.7,0.0164427295631892
17173,39.2,-88.6,0.016625017070105275
17173,39.2,-88.5,0.013296654204447906
39065,40.8,-83.9,0.016107584312606022
39065,40.8,-83.8,0.0534492199667609
39065,40.8,-83.7,0.053433808790816495
39065,40.8,-83.6,0.05311477241865549
39065,40.8,-83.5,0.027993189807648124
39065,40.7,-83.9,0.023089632802811032
39065,40.7,-83.8,0.07701897696969588
39065,40.7,-83.7,0.07701897696969774
39065,40.7,-83.6,0.07701897696969605
39065,40.7,-83.5,0.05986316147261047
39065,40.7,-83.4,0.009797842907658338
39065,40.6,-83.9,0.023334055339609257
39065,40.6,-83.8,0.07713269525609356
39065,40.6,-83.7,0.07713269525609152
39065,40.6,-83.6,0.07713269525609134
39065,40.6,-83.5,0.07713269525608552
39065,40.6,-83.4,0.023503874406322553
39065,40.5,-83.9,0.0044101002042207646
39065,40.5,-83.8,0.01764533362726792
39065,40.5,-83.7,0.0222973258587796
39065,40.5,-83.6,0.027088457520771592
39065,40.5,-83.5,0.033734044776501965
39065,40.5,-83.4,0.011549883853507952
18009,40.6,-85.4,0.03600002803102498
18009,40.6,-85.3,0.037845502440037586
18009,40.6,-85.2,0.018434769073027168
18009,40.5,-85.4,0.2107903060538469
18009,40.5,-85.3,0.2195091622472725
18009,40.5,-85.2,0.10396564297346009
18009,40.4,-85.4,0.148697073983242
18009,40.4,-85.3,0.1571945517032983
18009,40.4,-85.2,0.06756296349479049
18075,40.6,-85.2,0.008386609741438235
18075,40.6,-85.1,0.016947947871716582
18075,40.6,-85.0,0.018351739694636583
18075,40.6,-84.9,0.01990507720696839
18075,40.6,-84.8,0.009894989070540504
18075,40.5,-85.2,0.04982106555145502
18075,40.5,-85.1,0.09464988110280789
18075,40.5,-85.0,0.09464988110280118
18075,40.5,-84.9,0.09464988110279451
18075,40.5,-84.8,0.04451748169324869
18075,40.4,-85.2,0.05732413804284964
18075,40.4,-85.1,0.09478863358090796
18075,40.4,-85.0,0.09478863358091089
18075,40.4,-84.9,0.09478863358090558
18075,40.4,-84.8,0.04332183461615172
18075,40.3,-85.2,0.028245355543540622
18075,40.3,-85.1,0.04000066159606011
18075,40.3,-85.0,0.038956165051315175
18075,40.3,-84.9,0.038502989937785156
18075,40.3,-84.8,0.01750840033116552
18085,41.4,-86.1,0.004797923040159229
18085,41.4,-86.0,0.05532232614730073
18085,41.4,-85.9,0.05533892080043215
18085,41.4,-85.8,0.055182878984335215
18085,41.4,-85.7,0.054021506426319144
18085,41.3,-86.1,0.004648283265756738
18085,41.3,-86.0,0.06477393725610438
18085,41.3,-85.9,0.06477393725609996
18085,41.3,-85.8,0.06477393725609594
18085,41.3,-85.7,0.06342634803384181
18085,41.2,-86.1,0.0065071171180870685
18085,41.2,-86.0,0.06487164968354321
18085,41.2,-85.9,0.0648716496835461
18085,41.2,-85.8,0.06487164968354375
18085,41.2,-85.7,0.057240390112865476
18085,41.1,-86.1,0.011131331281981379
18085,41.1,-86.0,0.05764871911054468
18085,41.1,-85.9,0.06496916065005505
18085,41.1,-85.8,0.06496916065005717
18085,41.1,-85.7,0.041881497177618604
18085,41.0,-86.0,0.0034141076079815123
18085,41.0,-85.9,0.00459426489822976
18085,41.0,-85.8,0.004033782680274594
18085,41.0,-85.7,0.001935521195226294
18103,41.0,-86.2,0.008210511469712524
18103,41.0,-86.1,0.044716192175319525
18103,41.0,-86.0,0.04645574757404034
18103,41.0,-85.9,0.0020170658290497748
18103,40.9,-86.2,0.01758839191990571
18103,40.9,-86.1,0.09574084777784876
18103,40.9,-86.0,0.09574084777785107
18103,40.9,-85.9,0.005914914303936116
18103,40.8,-86.2,0.017382840530756834
18103,40.8,-86.1,0.09588322433731317
18103,40.8,-86.0,0.09588322433730856
18103,40.8,-85.9,0.0077753691839267695
18103,40.7,-86.2,0.01570137233464145
18103,40.7,-86.1,0.09602530334516812
18103,40.7,-86.0,0.09602530334516851
18103,40.7,-85.9,0.010174963611322663
18103,40.6,-86.2,0.012870873081185357
18103,40.6,-86.1,0.08334861443709693
18103,40.6,-86.0,0.08247736120180343
18103,40.6,-85.9,0.07006703142664437
19035,42.9,-95.9,0.003240635006432794
19035,42.9,-95.8,0.036102857747014376
19035,42.9,-95.7,0.03635062701988486
19035,42.9,-95.6,0.03654129269329865
19035,42.9,-95.5,0.0364379332475626
19035,42.9,-95.4,0.022508714470030833
19035,42.8,-95.9,0.00554520584576299
19035,42.8,-95.8,0.06079357555638917
19035,42.8,-95.7,0.06079357555639039
19035,42.8,-95.6,0.06079357555639314
19035,42.8,-95.5,0.06079357555639237
19035,42.8,-95.4,0.0378556520139963
19035,42.7,-95.9,0.006249986584797785
19035,42.7,-95.8,0.06089031415046758
19035,42.7,-95.7,0.06089031415046727
19035,42.7,-95.6,0.060890314150465044
19035,42.7,-95.5,0.060890314150466
19035,42.7,-95.4,0.03787871091945217
19035,42.6,-95.9,0.0052877658645822745
19035,42.6,-95.8,0.05431346226749267
19035,42.6,-95.7,0.054056557933604574
19035,42.6,-95.6,0.05383169948927166
19035,42.6,-95.5,0.0537637485403644
19035,42.6,-95.4,0.03329959152902005
17015,42.2,-90.3,0.006796503167236124
17015,42.2,-90.2,0.03101052904820708
17015,42.2,-90.1,0.03568860316674222
17015,42.2,-90.0,0.03566538801168988
17015,42.2,-89.9,0.035623970394905266
17015,42.2,-89.8,0.03634620041229487
17015,42.2,-89.7,0.022897728906733906
17015,42.1,-90.2,0.01826704236770503
17015,42.1,-90.1,0.07597073670696616
17015,42.1,-90.0,0.07597073670696511
17015,42.1,-89.9,0.07597073670696859
17015,42.1,-89.8,0.07597073670696951
17015,42.1,-89.7,0.048550390968200824
17015,42.0,-90.2,0.0036174790861406474
17015,42.0,-90.1,0.07393816603629168
17015,42.0,-90.0,0.07608865481194144
17015,42.0,-89.9,0.07608865481193963
17015,42.0,-89.8,0.07608865481194226
17015,42.0,-89.7,0.0490061654987468
17015,41.9,-90.2,0.0013662997326613186
17015,41.9,-90.1,0.015522660994527404
17015,41.9,-90.0,0.014645228195570589
17015,41.9,-89.9,0.0144963607792722
17015,41.9,-89.8,0.01496061016915207
17015,41.9,-89.7,0.009451761800229476
17119,39.0,-90.3,0.006029468632688401
17119,39.0,-90.2,0.02464948200316727
17119,39.0,-90.1,0.024504154556018988
17119,39.0,-90.0,0.024459932782264736
17119,39.0,-89.9,0.02442351063739356
17119,39.0,-89.8,0.024335126671390102
17119,39.0,-89.7,0.02457293643040198
17119,39.0,-89.6,0.0027572080080516333
17119,38.9,-90.3,0.0036667622078036975
17119,38.9,-90.2,0.028714934387753768
17119,38.9,-90.1,0.048790514060366365
17119,38.9,-90.0,0.05024403787760079
17119,38.9,-89.9,0.050244037877602434
17119,38.9,-89.8,0.05024403787760292
17119,38.9,-89.7,0.05024403787760102
17119,38.9,-89.6,0.010909034336885864
17119,38.8,-90.2,0.0030586160857254082
17119,38.8,-90.1,0.039646587374839073
17119,38.8,-90.0,0.050313568378967624
17119,38.8,-89.9,0.05031356837896794
17119,38.8,-89.8,0.05031356837896535
17119,38.8,-89.7,0.050313568378963974
17119,38.8,-89.6,0.02591119768943095
17119,38.7,-90.2,0.021962503013400626
17119,38.7,-90.1,0.04558257545730343
17119,38.7,-90.0,0.046220959832994256
17119,38.7,-89.9,0.04675110525387479
17119,38.7,-89.8,0.04751992936875805
17119,38.7,-89.7,0.047792296534800376
17119,38.7,-89.6,0.025510739648414597
27131,44.5,-93.5,0.04609150286687155
27131,44.5,-93.4,0.06207064677440259
27131,44.5,-93.3,0.047068394407128206
27131,44.5,-93.2,0.01417775705846978
27131,44.5,-93.1,0.01428884808630119
27131,44.5,-93.0,0.0015188648999125123
27131,44.4,-93.5,0.04943638763096467
27131,44.4,-93.4,0.06624383567530204
27131,44.4,-93.3,0.06624383567529894
27131,44.4,-93.2,0.06624383567529735
27131,44.4,-93.1,0.06624383567529835
27131,44.4,-93.0,0.006655123150479995
27131,44.3,-93.5,0.04983794720974033
27131,44.3,-93.4,0.06635540026812284
27131,44.3,-93.3,0.0663554002681258
27131,44.3,-93.2,0.06635540026812826
27131,44.3,-93.1,0.06635540026812832
27131,44.3,-93.0,0.006247419984862581
27131,44.2,-93.5,0.0268433022389797
27131,44.2,-93.4,0.035635256005626795
27131,44.2,-93.3,0.03561495799441915
27131,44.2,-93.2,0.035507848205261205
27131,44.2,-93.1,0.03543717326849838
27131,44.2,-93.0,0.003171626444379539
27055,43.8,-91.7,0.04734393221393441
27055,43.8,-91.6,0.05886573202448218
27055,43.8,-91.5,0.05884317533637402
27055,43.8,-91.4,0.05884490362702083
27055,43.8,-91.3,0.050747481064215984
27055,43.8,-91.2,0.00043077444317174136
27055,43.7,-91.7,0.04895207005451504
27055,43.7,-91.6,0.060796513530872044
27055,43.7,-91.5,0.06079651353087929
27055,43.7,-91.4,0.06079651353087239
27055,43.7,-91.3,0.051256062378966745
27055,43.6,-91.7,0.04907080461953811
27055,43.6,-91.6,0.0608963957384831
27055,43.6,-91.5,0.06089639573848973
27055,43.6,-91.4,0.06089639573848124
27055,43.6,-91.3,0.056379896918804524
27055,43.6,-91.2,0.003925646647736856
27055,43.5,-91.7,0.024255368425738357
27055,43.5,-91.6,0.030137377809157467
27055,43.5,-91.5,0.030102385710584337
27055,43.5,-91.4,0.030019966633234405
27055,43.5,-91.3,0.029935455439623667
27055,43.5,-91.2,0.005810238844823615
27045,43.8,-92.4,0.03892335376088887
27045,43.8,-92.3,0.039232769205865575
27045,43.8,-92.2,0.038941618402367706
27045,43.8,-92.1,0.03890099565898014
27045,43.8,-92.0,0.03889421117698422
27045,43.8,-91.9,0.038830402492459774
27045,43.8,-91.8,0.03884205364340381
27045,43.8,-91.7,0.007586313955866703
27045,43.7,-92.4,0.039867662337884587
27045,43.7,-92.3,0.040113827797321366
27045,43.7,-92.2,0.04011382779732303
27045,43.7,-92.1,0.040113827797324024
27045,43.7,-92.0,0.04011382779732473
27045,43.7,-91.9,0.04011382779732374
27045,43.7,-91.8,0.04011382779732099
27045,43.7,-91.7,0.007815019947228387
27045,43.6,-92.4,0.03997605576927954
27045,43.6,-92.3,0.04017973055133517
27045,43.6,-92.2,0.04017973055133659
27045,43.6,-92.1,0.04017973055133489
27045,43.6,-92.0,0.04017973055133289
27045,43.6,-91.9,0.04017973055133325
27045,43.6,-91.8,0.04017973055133504
27045,43.6,-91.7,0.00780258107244827
27045,43.5,-92.4,0.019743573931798358
27045,43.5,-92.3,0.019887631344046745
27045,43.5,-92.2,0.019839018772932777
27045,43.5,-92.1,0.01981647446943096
27045,43.5,-92.0,0.019840237053044996
27045,43.5,-91.9,0.019831620061722663
27045,43.5,-91.8,0.019811183688122028
27045,43.5,-91.7,0.0038558731632980982
19139,41.6,-91.4,0.006413173555920291
19139,41.6,-91.3,0.03830859364719813
19139,41.6,-91.2,0.03808117592876467
19139,41.6,-91.1,0.03781900951166949
19139,41.6,-91.0,0.03771017290922407
19139,41.6,-90.9,0.03745360135320281
19139,41.6,-90.8,0.02447871254940644
19139,41.5,-91.4,0.014077256713725375
19139,41.5,-91.3,0.07971913123823363
19139,41.5,-91.2,0.07971913123822943
19139,41.5,-91.1,0.07971913123823086
19139,41.5,-91.0,0.07971913123823231
19139,41.5,-90.9,0.07942825280370001
19139,41.5,-90.8,0.04928797737793275
19139,41.4,-91.4,0.014936321480454906
19139,41.4,-91.3,0.07984025015749217
19139,41.4,-91.2,0.07984025015749749
19139,41.4,-91.1,0.07599245042237944
19139,41.4,-91.0,0.01901590148938041
19139,41.4,-90.9,0.012773914523389128
19139,41.3,-91.4,0.002144781329791072
19139,41.3,-91.3,0.011409998533834419
19139,41.3,-91.2,0.01206293947928563
19139,41.3,-91.1,0.010048741122825071
19161,42.6,-95.4,0.002653086070781135
19161,42.6,-95.3,0.00664498037124867
19161,42.6,-95.2,0.006705582656096464
19161,42.6,-95.1,0.006738652251948621
19161,42.6,-95.0,0.0065830255144942885
19161,42.6,-94.9,0.002234570557153464
19161,42.5,-95.4,0.017338028187712715
19161,42.5,-95.3,0.056791503880332536
19161,42.5,-95.2,0.06095942246435826
19161,42.5,-95.1,0.060959422464357635
19161,42.5,-95.0,0.06095942246435896
19161,42.5,-94.9,0.03011642408516128
19161,42.4,-95.3,0.044354371289698456
19161,42.4,-95.2,0.061055396505367385
19161,42.4,-95.1,0.06105539650536769
19161,42.4,-95.0,0.06105539650536658
19161,42.4,-94.9,0.056713816568015475
19161,42.3,-95.3,0.04464787458772684
19161,42.3,-95.2,0.06115118052096149
19161,42.3,-95.1,0.06115118052095771
19161,42.3,-95.0,0.0611511805209555
19161,42.3,-94.9,0.05622615875663574
19161,42.2,-95.3,0.017572062262731336
19161,42.2,-95.2,0.023987317191139317
19161,42.2,-95.1,0.0241941998745419
19161,42.2,-95.0,0.024448426839413923
19161,42.2,-94.9,0.02255192058311666
19083,42.6,-93.5,0.002330780609639871
19083,42.6,-93.4,0.0046631153748749
19083,42.6,-93.3,0.004495678366034934
19083,42.6,-93.2,0.004294494326375277
19083,42.6,-93.1,0.004176613478343458
19083,42.6,-93.0,0.00096596452943446
19083,42.5,-93.5,0.02575471380501516
19083,42.5,-93.4,0.06185309689053169
19083,42.5,-93.3,0.061853096890531756
19083,42.5,-93.2,0.061853096890533386
19083,42.5,-93.1,0.061853096890533
19083,42.5,-93.0,0.01735669153118648
19083,42.4,-93.5,0.007997113201584232
19083,42.4,-93.4,0.06195047792561857
19083,42.4,-93.3,0.061950477925617614
19083,42.4,-93.2,0.06195047792561491
19083,42.4,-93.1,0.06195047792561591
19083,42.4,-93.0,0.02941833686148986
19083,42.3,-93.5,0.008035570896771264
19083,42.3,-93.4,0.06204766614947117
19083,42.3,-93.3,0.06204766614947117
19083,42.3,-93.2,0.062047666149471534
19083,42.3,-93.1,0.06204766614947295
19083,42.3,-93.0,0.02974273593170058
19083,42.2,-93.5,0.003304330280296042
19083,42.2,-93.4,0.025318421841203642
19083,42.2,-93.3,0.02540016600840131
19083,42.2,-93.2,0.025566767596362568
19083,42.2,-93.1,0.025548809101203714
19083,42.2,-93.0,0.012224732397598503
27019,45.0,-94.0,0.015934527060789693
27019,45.0,-93.9,0.025357473930865716
27019,45.0,-93.8,0.020877477481471528
27019,44.9,-94.0,0.05524887978791673
27019,44.9,-93.9,0.09015670293909309
27019,44.9,-93.8,0.08059334314151981
27019,44.9,-93.7,0.03689940823510577
27019,44.9,-93.6,0.03723009057579323
27019,44.9,-93.5,0.010885994933231063
27019,44.8,-94.0,0.054260456306756986
27019,44.8,-93.9,0.09031125294664147
27019,44.8,-93.8,0.09031125294665387
27019,44.8,-93.7,0.09031125294664043
27019,44.8,-93.6,0.06928221904041584
27019,44.8,-93.5,0.012588708612116075
27019,44.7,-94.0,0.017820019156837598
27019,44.7,-93.9,0.04497795298469621
27019,44.7,-93.8,0.07296741468622128
27019,44.7,-93.7,0.07028904664273782
27019,44.7,-93.6,0.0115503887411014
27019,44.6,-93.8,0.001580906274410287
27019,44.6,-93.7,0.0005652306289840363
19133,42.2,-96.4,0.0005355116362209681
19133,42.2,-96.3,0.03160898868606911
19133,42.2,-96.2,0.03256328387276525
19133,42.2,-96.1,0.03195297245575292
19133,42.2,-96.0,0.0313256053510207
19133,42.2,-95.9,0.031174940003917524
19133,42.2,-95.8,0.031189286545072203
19133,42.2,-95.7,0.024701876412830694
19133,42.1,-96.3,0.01684881361681073
19133,42.1,-96.2,0.05075495418391448
19133,42.1,-96.1,0.050754954183916394
19133,42.1,-96.0,0.05075495418392089
19133,42.1,-95.9,0.0507549541839164
19133,42.1,-95.8,0.05075495418391447
19133,42.1,-95.7,0.03990967066272208
19133,42.0,-96.3,0.001104042246873306
19133,42.0,-96.2,0.02482607517004826
19133,42.0,-96.1,0.048271053581460166
19133,42.0,-96.0,0.050833733570234636
19133,42.0,-95.9,0.05083373357022898
19133,42.0,-95.8,0.05083373357022991
19133,42.0,-95.7,0.039657850565333226
19133,41.9,-96.2,0.0009487296531606343
19133,41.9,-96.1,0.04074376255482494
19133,41.9,-96.0,0.043911356308993565
19133,41.9,-95.9,0.04405654480558049
19133,41.9,-95.8,0.044120034119226284
19133,41.9,-95.7,0.034273630121040816
29079,40.3,-93.8,0.0015510058087285087
29079,40.3,-93.7,0.011619965368807385
29079,40.3,-93.6,0.012216782049757973
29079,40.3,-93.5,0.01253297468420124
29079,40.3,-93.4,0.010917075063689021
29079,40.2,-93.8,0.011305383753243836
29079,40.2,-93.7,0.0833286857241184
29079,40.2,-93.6,0.08332868572411961
29079,40.2,-93.5,0.0833286857241175
29079,40.2,-93.4,0.06930424390106966
29079,40.1,-93.8,0.011982348738772039
29079,40.1,-93.7,0.08344953415073392
29079,40.1,-93.6,0.08344953415073825
29079,40.1,-93.5,0.08344953415074124
29079,40.1,-93.4,0.0694907927319479
29079,40.0,-93.8,0.00995476605556725
29079,40.0,-93.7,0.07467918970105221
29079,40.0,-93.6,0.07258468316450649
29079,40.0,-93.5,0.070876565392559
29079,40.0,-93.4,0.060649563961528465
27105,43.8,-96.1,0.0011966696726241868
27105,43.8,-96.0,0.04727350416495203
27105,43.8,-95.9,0.0471270603574205
27105,43.8,-95.8,0.046934255180808966
27105,43.8,-95.7,0.046866211270419116
27105,43.8,-95.6,0.04680457729773974
27105,43.8,-95.5,0.045695252028749786
27105,43.7,-96.1,0.001440315478053354
27105,43.7,-96.0,0.0478628055767072
27105,43.7,-95.9,0.047862805576700654
27105,43.7,-95.8,0.047862805576697934
27105,43.7,-95.7,0.04786280557669885
27105,43.7,-95.6,0.047862805576703485
27105,43.7,-95.5,0.04641037104135813
27105,43.6,-96.1,0.0016747940278884171
27105,43.6,-96.0,0.04794143907730732
27105,43.6,-95.9,0.04794143907730097
27105,43.6,-95.8,0.0479414390773028
27105,43.6,-95.7,0.04794143907730361
27105,43.6,-95.6,0.04794143907730145
27105,43.6,-95.5,0.045895718088104005
27105,43.5,-96.1,0.0007409154754193288
27105,43.5,-96.0,0.02396340443675814
27105,43.5,-95.9,0.023974691511506416
27105,43.5,-95.8,0.02401122488827584
27105,43.5,-95.7,0.02404491014328307
27105,43.5,-95.6,0.02404105685859341
27105,43.5,-95.5,0.02288384480802124
27157,44.5,-92.4,0.002566472292257655
27157,44.5,-92.3,0.0028689930046095807
27157,44.5,-92.2,0.0002667126304441738
27157,44.4,-92.6,8.600163402074219e-05
27157,44.4,-92.5,0.01141438460870753
27157,44.4,-92.4,0.05227720000799393
27157,44.4,-92.3,0.0622000742895025
27157,44.4,-92.2,0.05369766076381687
27157,44.4,-92.1,0.03912001810729024
27157,44.4,-92.0,0.015534147786581042
27157,44.3,-92.6,0.0005326635900827993
27157,44.3,-92.5,0.062304828579332804
27157,44.3,-92.4,0.062304828579336
27157,44.3,-92.3,0.06230482857933629
27157,44.3,-92.2,0.062304828579334615
27157,44.3,-92.1,0.06230482857933655
27157,44.3,-92.0,0.062303711578937986
27157,44.3,-91.9,0.021882671612069166
27157,44.2,-92.6,0.00029289411538020027
27157,44.2,-92.5,0.034504484397436176
27157,44.2,-92.4,0.034720350543352416
27157,44.2,-92.3,0.05385643049446148
27157,44.2,-92.2,0.062409388279650924
27157,44.2,-92.1,0.05454288462061188
27157,44.2,-92.0,0.03551055210308571
27157,44.2,-91.9,0.023973402438417914
27157,44.1,-92.3,0.018247715964071317
27157,44.1,-92.2,0.02662883957440181
27157,44.1,-92.1,0.019038202666139762
19003,41.2,-94.9,0.005547156163608597
19003,41.2,-94.8,0.007042201134304271
19003,41.2,-94.7,0.006798990388852584
19003,41.2,-94.6,0.0066610680182800225
19003,41.2,-94.5,0.00514435241480661
19003,41.1,-94.9,0.065693856500395
19003,41.1,-94.8,0.0846460817821469
19003,41.1,-94.7,0.08464608178214954
19003,41.1,-94.6,0.08464608178214895
19003,41.1,-94.5,0.06718995736641095
19003,41.0,-94.9,0.06611468976920393
19003,41.0,-94.8,0.08477286263884652
19003,41.0,-94.7,0.0847728626388415
19003,41.0,-94.6,0.08477286263883896
19003,41.0,-94.5,0.06718840542936635
19003,40.9,-94.9,0.032879133027386626
19003,40.9,-94.8,0.042014376283295095
19003,40.9,-94.7,0.0425360148427525
19003,40.9,-94.6,0.04282471979622195
19003,40.9,-94.5,0.034108245602143185
19043,43.1,-91.6,0.007732932617875435
19043,43.1,-91.5,0.013904783795361465
19043,43.1,-91.4,0.013814215262831043
19043,43.1,-91.3,0.013703493400033623
19043,43.1,-91.2,0.009697832208752415
19043,43.0,-91.6,0.024668858834519605
19043,43.0,-91.5,0.04412265873470721
19043,43.0,-91.4,0.04412265873469914
19043,43.0,-91.3,0.04412265873470299
19043,43.0,-91.2,0.03889667747130758
19043,43.0,-91.1,0.00026667287367159186
19043,42.9,-91.6,0.02505569084930346
19043,42.9,-91.5,0.04419336986562216
19043,42.9,-91.4,0.0441933698656176
19043,42.9,-91.3,0.044193369865614486
19043,42.9,-91.2,0.04419336986561809
19043,42.9,-91.1,0.011504456519586558
19043,42.8,-91.6,0.025377303844259992
19043,42.8,-91.5,0.044263943325771535
19043,42.8,-91.4,0.04426394332576531
19043,42.8,-91.3,0.04426394332576789
19043,42.8,-91.2,0.04426394332576524
19043,42.8,-91.1,0.03235866866651446
19043,42.7,-91.6,0.025049541761961946
19043,42.7,-91.5,0.044334378920423606
19043,42.7,-91.4,0.04433437892041768
19043,42.7,-91.3,0.0443343789204175
19043,42.7,-91.2,0.04433437892041958
19043,42.7,-91.1,0.04403332252323974
19043,42.7,-91.0,0.0279150690244774
19043,42.7,-90.9,0.007660038845448442
19043,42.6,-91.6,0.0015035853573345489
19043,42.6,-91.5,0.0025922644593075563
19043,42.6,-91.4,0.0024209250414969686
19043,42.6,-91.3,0.002101313697045007
19043,42.6,-91.2,0.0018944536005223575
19043,42.6,-91.1,0.0017264634627783791
19043,42.6,-91.0,0.0016338922859069267
19043,42.6,-90.9,0.000952798945133534
27067,45.4,-95.3,0.0013012711691845356
27067,45.4,-95.2,0.024409448298425614
27067,45.4,-95.1,0.02432193860049307
27067,45.4,-95.0,0.02431165481235699
27067,45.4,-94.9,0.024494636995086864
27067,45.4,-94.8,0.021314466128626513
27067,45.3,-95.3,0.0020056327333728727
27067,45.3,-95.2,0.039028869007112166
27067,45.3,-95.1,0.03902886900711161
27067,45.3,-95.0,0.03902886900711345
27067,45.3,-94.9,0.039028869007114636
27067,45.3,-94.8,0.033861425795162194
27067,45.2,-95.3,0.0002277755994418086
27067,45.2,-95.2,0.037965437912624106
27067,45.2,-95.1,0.03909672817430722
27067,45.2,-95.0,0.039096728174306705
27067,45.2,-94.9,0.03909672817430813
27067,45.2,-94.8,0.035969712007958794
27067,45.1,-95.2,0.037928998181609934
27067,45.1,-95.1,0.03916446503381372
27067,45.1,-95.0,0.03916446503381253
27067,45.1,-94.9,0.039164465033810235
27067,45.1,-94.8,0.03639735592300681
27067,45.0,-95.2,0.038387590900005014
27067,45.0,-95.1,0.03923207939613354
27067,45.0,-95.0,0.039232079396136064
27067,45.0,-94.9,0.039232079396135974
27067,45.0,-94.8,0.036288482651522236
27067,44.9,-95.2,0.022740857796351262
27067,44.9,-95.1,0.022987008647743758
27067,44.9,-95.0,0.022875734439935694
27067,44.9,-94.9,0.022701918155848162
27067,44.9,-94.8,0.020913359410027803
19071,40.9,-95.8,0.02828903766287906
19071,40.9,-95.7,0.036041761958058596
19071,40.9,-95.6,0.036091164249260614
19071,40.9,-95.5,0.03610485321927014
19071,40.9,-95.4,0.023537067679462145
19071,40.8,-95.9,0.0023057753776291445
19071,40.8,-95.8,0.0642687540186091
19071,40.8,-95.7,0.07002554920237031
19071,40.8,-95.6,0.07002554920236721
19071,40.8,-95.5,0.07002554920236567
19071,40.8,-95.4,0.04563356181254935
19071,40.7,-95.9,0.010027395927031025
19071,40.7,-95.8,0.061470397205294305
19071,40.7,-95.7,0.07012931251053574
19071,40.7,-95.6,0.07012931251053607
19071,40.7,-95.5,0.07012931251053692
19071,40.7,-95.4,0.052468485589524494
19071,40.6,-95.8,0.005875660748064285
19071,40.6,-95.7,0.04590247207509709
19071,40.6,-95.6,0.04677270269723451
19071,40.6,-95.5,0.04784308905303597
19071,40.6,-95.4,0.03690323558828813
18005,39.4,-85.8,0.00010352985773543435
18005,39.4,-85.7,5.2067370895720774e-05
18005,39.3,-86.1,0.029126474791316838
18005,39.3,-86.0,0.0869106399856531
18005,39.3,-85.9,0.0889729221195972
18005,39.3,-85.8,0.09021873922330813
18005,39.3,-85.7,0.05794731798379052
18005,39.2,-86.1,0.028320502635383136
18005,39.2,-86.0,0.090410838866042
18005,39.2,-85.9,0.09041083886604177
18005,39.2,-85.8,0.090410838866044
18005,39.2,-85.7,0.05686961855133247
18005,39.1,-86.1,0.027071159840339386
18005,39.1,-86.0,0.09053731966677266
18005,39.1,-85.9,0.0902782643331646
18005,39.1,-85.8,0.04791812237285351
18005,39.1,-85.7,0.011075755249664504
18005,39.0,-86.1,0.003803588434149896
18005,39.0,-86.0,0.011465407148083166
18005,39.0,-85.9,0.008096053837831987
18079,39.2,-85.5,0.016354772527204683
18079,39.2,-85.4,0.003917472011986757
18079,39.1,-85.8,0.03814779579368438
18079,39.1,-85.7,0.0791765038679446
18079,39.1,-85.6,0.08105601930061919
18079,39.1,-85.5,0.09717422559209093
18079,39.1,-85.4,0.007652873637589013
18079,39.0,-85.8,0.04681140600621563
18079,39.0,-85.7,0.09813002286009129
18079,39.0,-85.6,0.0981300228600956
18079,39.0,-85.5,0.09813002286009713
18079,39.0,-85.4,0.005632822890056843
18079,38.9,-85.8,0.04553747656216465
18079,38.9,-85.7,0.0982663131627468
18079,38.9,-85.6,0.08922560498176815
18079,38.9,-85.5,0.040264777505190814
18079,38.9,-85.4,0.0018737602839299316
18079,38.8,-85.8,0.016759925090599974
18079,38.8,-85.7,0.027168834823641533
18079,38.8,-85.6,0.01058934738228204
29101,38.9,-94.1,0.019471519801139096
29101,38.9,-94.0,0.028635552896569366
29101,38.9,-93.9,0.0271626926956708
29101,38.9,-93.8,0.03677169322356154
29101,38.9,-93.7,0.03748906705200721
29101,38.9,-93.6,0.036406227669226486
29101,38.9,-93.5,0.01915794494828973
29101,38.8,-94.1,0.03174142029899643
29101,38.8,-94.0,0.044693453381204125
29101,38.8,-93.9,0.044693453381207005
29101,38.8,-93.8,0.04469345338121076
29101,38.8,-93.7,0.04469345338120405
29101,38.8,-93.6,0.04469345338120688
29101,38.8,-93.5,0.022819739821363788
29101,38.7,-94.1,0.03421691592153786
29101,38.7,-94.0,0.0447550790076741
29101,38.7,-93.9,0.044755079007670916
29101,38.7,-93.8,0.04475507900767804
29101,38.7,-93.7,0.044755079007671526
29101,38.7,-93.6,0.044755079007670305
29101,38.7,-93.5,0.020045688602496274
29101,38.6,-94.1,0.02508075346373406
29101,38.6,-94.0,0.0376786219380223
29101,38.6,-93.9,0.038599362820021486
29101,38.6,-93.8,0.03934524028464291
29101,38.6,-93.7,0.04007223043258176
29101,38.6,-93.6,0.04102064364480131
29101,38.6,-93.5,0.01704202254093985
29141,38.7,-93.1,0.0028925758122725245
29141,38.7,-93.0,0.023856801163397987
29141,38.7,-92.9,0.021132426407403305
29141,38.7,-92.8,0.0020430654107256065
29141,38.6,-93.1,0.008702467531950324
29141,38.6,-93.0,0.060808337576177304
29141,38.6,-92.9,0.06080833757617974
29141,38.6,-92.8,0.013864546593930523
29141,38.5,-93.1,0.011522745835305758
29141,38.5,-93.0,0.06089157721926243
29141,38.5,-92.9,0.060891577219262166
29141,38.5,-92.8,0.058724739390755
29141,38.5,-92.7,0.023329565774830002
29141,38.4,-93.1,0.012902655497304306
29141,38.4,-93.0,0.06097462868426028
29141,38.4,-92.9,0.06097462868426099
29141,38.4,-92.8,0.06097462868426506
29141,38.4,-92.7,0.0609745746713733
29141,38.4,-92.6,0.010323956538339629
29141,38.3,-93.1,0.01247986385713708
29141,38.3,-93.0,0.05948878879019444
29141,38.3,-92.9,0.06105749174841969
29141,38.3,-92.8,0.06105749174841637
29141,38.3,-92.7,0.03587415120293466
29141,38.3,-92.6,0.00018540131639852147
29141,38.2,-93.0,0.017251027740611182
29141,38.2,-92.9,0.031823695372936486
29141,38.2,-92.8,0.0344405612913129
29141,38.2,-92.7,0.009747690660382372
29217,38.1,-94.6,0.0027120993692839514
29217,38.1,-94.5,0.0034031126492795037
29217,38.1,-94.4,0.0023282491429841073
29217,38.1,-94.3,0.0011262172313757826
29217,38.1,-94.2,0.0006340440804434319
29217,38.1,-94.1,0.0007012299160347099
29217,38.0,-94.6,0.028906013602563216
29217,38.0,-94.5,0.044981060912096214
29217,38.0,-94.4,0.044981060912096756
29217,38.0,-94.3,0.044981060912099094
29217,38.0,-94.2,0.04210511194015632
29217,38.0,-94.1,0.03705766358468285
29217,37.9,-94.6,0.029476183562682137
29217,37.9,-94.5,0.045041305168307864
29217,37.9,-94.4,0.04504130516830778
29217,37.9,-94.3,0.04504130516830797
29217,37.9,-94.2,0.045041305168308864
29217,37.9,-94.1,0.03792295635571554
29217,37.8,-94.6,0.030295113580064127
29217,37.8,-94.5,0.04510141037951541
29217,37.8,-94.4,0.04510141037951665
29217,37.8,-94.3,0.045101410379516677
29217,37.8,-94.2,0.045101410379516496
29217,37.8,-94.1,0.03559394314140797
29217,37.7,-94.6,0.029693599072932664
29217,37.7,-94.5,0.04449917813663426
29217,37.7,-94.4,0.04513940233964676
29217,37.7,-94.3,0.045161376385181036
29217,37.7,-94.2,0.045161376385180745
29217,37.7,-94.1,0.0356083701015174
29217,37.6,-94.4,0.00031431818171175264
29217,37.6,-94.3,0.00125032636553953
29217,37.6,-94.2,0.002400827412560351
29217,37.6,-94.1,0.0029952425348320415
29145,37.1,-94.6,0.0025692561829096655
29145,37.1,-94.5,0.0030559020427015264
29145,37.1,-94.4,0.002527697962567217
29145,37.1,-94.3,0.0019797040886455715
29145,37.1,-94.2,0.0008985506629882353
29145,37.1,-94.1,1.2281797591482648e-05
29145,37.0,-94.6,0.04138923325713562
29145,37.0,-94.5,0.06086710296755475
29145,37.0,-94.4,0.06086710296755795
29145,37.0,-94.3,0.060867102967556035
29145,37.0,-94.2,0.060867102967554425
29145,37.0,-94.1,0.05387588222128087
29145,36.9,-94.6,0.041657287585682844
29145,36.9,-94.5,0.060945690989720136
29145,36.9,-94.4,0.06094569098971783
29145,36.9,-94.3,0.060945690989720476
29145,36.9,-94.2,0.060945690989725285
29145,36.9,-94.1,0.05240338075163324
29145,36.8,-94.6,0.035258950905235925
29145,36.8,-94.5,0.053268998173586934
29145,36.8,-94.4,0.05546817018623385
29145,36.8,-94.3,0.05759020118637483
29145,36.8,-94.2,0.05959557270857896
29145,36.8,-94.1,0.050798623197775776
29145,36.7,-94.1,0.0003991312599705681
18137,39.3,-85.3,0.01420961810751616
18137,39.3,-85.2,0.04651113733026207
18137,39.3,-85.1,0.03931925403839988
18137,39.2,-85.4,0.05107371066359562
18137,39.2,-85.3,0.08199317126611225
18137,39.2,-85.2,0.08265410476717684
18137,39.2,-85.1,0.052910687165567134
18137,39.1,-85.4,0.07630576697468863
18137,39.1,-85.3,0.08276973423690251
18137,39.1,-85.2,0.08276973423690596
18137,39.1,-85.1,0.03792744250945003
18137,39.0,-85.4,0.07812736767479643
18137,39.0,-85.3,0.08288510764012219
18137,39.0,-85.2,0.08288510764012531
18137,39.0,-85.1,0.022666103555274864
18137,38.9,-85.4,0.02889399527828788
18137,38.9,-85.3,0.03002234208018985
18137,38.9,-85.2,0.023349852518107932
18137,38.9,-85.1,0.0027257623165185046
18113,41.5,-85.7,0.0024383817171676698
18113,41.5,-85.6,0.06358711145423226
18113,41.5,-85.5,0.06447078486103869
18113,41.5,-85.4,0.0650059118939917
18113,41.5,-85.3,0.0654070566948068
18113,41.5,-85.2,0.03681930423447451
18113,41.4,-85.7,0.0029645446427162847
18113,41.4,-85.6,0.08590911280668813
18113,41.4,-85.5,0.08590911280668737
18113,41.4,-85.4,0.08590911280668527
18113,41.4,-85.3,0.08590911280668573
18113,41.4,-85.2,0.04881899900463474
18113,41.3,-85.7,0.0012366192715343406
18113,41.3,-85.6,0.04713309113591478
18113,41.3,-85.5,0.0692313713146257
18113,41.3,-85.4,0.07322060026559765
18113,41.3,-85.3,0.07386782610504503
18113,41.3,-85.2,0.04216194617747336
19135,41.2,-93.1,0.004379137292014753
19135,41.2,-93.0,0.008950110791978827
19135,41.2,-92.9,0.009066922275785446
19135,41.2,-92.8,0.00928877845365806
19135,41.2,-92.7,0.009430786302313247
19135,41.2,-92.6,0.0009220813694713854
19135,41.1,-93.1,0.040320895008382686
19135,41.1,-93.0,0.08294224088241943
19135,41.1,-92.9,0.08294224088241717
19135,41.1,-92.8,0.08294224088242359
19135,41.1,-92.7,0.08294224088242884
19135,41.1,-92.6,0.008324891136618693
19135,41.0,-93.1,0.04013198509568575
19135,41.0,-93.0,0.08306646976737457
19135,41.0,-92.9,0.08306646976738209
19135,41.0,-92.8,0.0830664697673795
19135,41.0,-92.7,0.08306646976737049
19135,41.0,-92.6,0.00871498117954549
19135,40.9,-93.1,0.020573167005200965
19135,40.9,-93.0,0.04294165512912461
19135,40.9,-92.9,0.04280448203437182
19135,40.9,-92.8,0.04283331278175512
19135,40.9,-92.7,0.04269511617165874
19135,40.9,-92.6,0.004586855373238767
18097,39.9,-86.3,0.05195481447279778
18097,39.9,-86.2,0.06964688454042522
18097,39.9,-86.1,0.0700116567029023
18097,39.9,-86.0,0.06943339196065162
18097,39.9,-85.9,0.00623442486150166
18097,39.8,-86.3,0.07016291224022558
18097,39.8,-86.2,0.09109803469343258
18097,39.8,-86.1,0.09109803469343239
18097,39.8,-86.0,0.08858958148361178
18097,39.7,-86.3,0.0698148567412254
18097,39.7,-86.2,0.0912282645225718
18097,39.7,-86.1,0.09122826452257178
18097,39.7,-86.0,0.08954110747637722
18097,39.6,-86.3,0.01196351478016504
18097,39.6,-86.2,0.014265465984401092
18097,39.6,-86.1,0.012744519945391424
18097,39.6,-86.0,0.01098427037831529
19121,41.5,-94.2,0.031166429549724456
19121,41.5,-94.1,0.03386326353113205
19121,41.5,-94.0,0.033902381524103825
19121,41.5,-93.9,0.03447788961010269
19121,41.5,-93.8,0.022502572582663267
19121,41.4,-94.2,0.05834335536403887
19121,41.4,-94.1,0.06378631029733907
19121,41.4,-94.0,0.06378631029733875
19121,41.4,-93.9,0.0637863102973416
19121,41.4,-93.8,0.03788001858300636
19121,41.3,-94.2,0.058481034050801725
19121,41.3,-94.1,0.06388287697384214
19121,41.3,-94.0,0.06388287697384498
19121,41.3,-93.9,0.06388287697384218
19121,41.3,-93.8,0.038435483385774585
19121,41.2,-94.2,0.05452596230980205
19121,41.2,-94.1,0.059642934072503796
19121,41.2,-94.0,0.05966474024352283
19121,41.2,-93.9,0.0593812029674779
19121,41.2,-93.8,0.03472517041179695
29045,40.6,-91.9,0.0380041642860798
29045,40.6,-91.8,0.043242173654442016
29045,40.6,-91.7,0.022803552181210204
29045,40.5,-91.9,0.06719702045867491
29045,40.5,-91.8,0.07100156875008835
29045,40.5,-91.7,0.07093914852224377
29045,40.5,-91.6,0.03563654670157365
29045,40.5,-91.5,0.0015934395033239228
29045,40.4,-91.9,0.06860423506028217
29045,40.4,-91.8,0.07110565386353555
29045,40.4,-91.7,0.07110565386353852
29045,40.4,-91.6,0.07110565386354004
29045,40.4,-91.5,0.0400869721756858
29045,40.4,-91.4,0.0031452969099867506
29045,40.3,-92.0,9.334594707012597e-05
29045,40.3,-91.9,0.06637992040156449
29045,40.3,-91.8,0.06758029950651144
29045,40.3,-91.7,0.06929536350414735
29045,40.3,-91.6,0.07081085276316845
29045,40.3,-91.5,0.049865919911396064
29045,40.2,-91.6,6.91236771397223e-05
29045,40.2,-91.5,0.00033409449479683486
29083,38.6,-94.1,0.0012869499947140148
29083,38.6,-94.0,0.008120528837678467
29083,38.6,-93.9,0.007073041979823158
29083,38.6,-93.8,0.006224489627007098
29083,38.6,-93.7,0.005397424552944043
29083,38.6,-93.6,0.004318456088479592
29083,38.6,-93.5,0.001312548561526626
29083,38.5,-94.1,0.008325231042710253
29083,38.5,-94.0,0.05105565214492905
29083,38.5,-93.9,0.05105565214492848
29083,38.5,-93.8,0.05105565214493285
29083,38.5,-93.7,0.05105565214492764
29083,38.5,-93.6,0.0510556521449284
29083,38.5,-93.5,0.01884466904389426
29083,38.4,-94.1,0.008965527585649186
29083,38.4,-94.0,0.05112528815865698
29083,38.4,-93.9,0.051125288158658244
29083,38.4,-93.8,0.051125288158665405
29083,38.4,-93.7,0.05112528815865692
29083,38.4,-93.6,0.05112528815866069
29083,38.4,-93.5,0.01825964098027266
29083,38.3,-94.1,0.01118395855568221
29083,38.3,-94.0,0.05119476620426471
29083,38.3,-93.9,0.05119476620426489
29083,38.3,-93.8,0.05119476620427143
29083,38.3,-93.7,0.05119476620426624
29083,38.3,-93.6,0.051194766204263886
29083,38.3,-93.5,0.015715158495033
29083,38.2,-94.1,0.004509528602132416
29083,38.2,-94.0,0.019067687975626975
29083,38.2,-93.9,0.02042304862415805
29083,38.2,-93.8,0.021852990246820417
29083,38.2,-93.7,0.023194987747409083
29083,38.2,-93.6,0.023167263020683157
29083,38.2,-93.5,0.005878335898479507
17147,40.3,-88.6,0.00974752827902333
17147,40.3,-88.5,0.02331665062363446
17147,40.2,-88.7,0.005208957103940806
17147,40.2,-88.6,0.07049696059417941
17147,40.2,-88.5,0.07253135813824763
17147,40.1,-88.7,0.05467371422414513
17147,40.1,-88.6,0.08318038883857203
17147,40.1,-88.5,0.07221676341306353
17147,40.0,-88.7,0.07935883549668724
17147,40.0,-88.6,0.0833005896961616
17147,40.0,-88.5,0.07262723058683253
17147,39.9,-88.7,0.07966902382548624
17147,39.9,-88.6,0.083420532425091
17147,39.9,-88.5,0.07314150682565321
17147,39.8,-88.7,0.04621285170578095
17147,39.8,-88.6,0.04831839343910783
17147,39.8,-88.5,0.042578714784393
39125,41.3,-84.8,0.0011526183095498306
39125,41.3,-84.7,0.00213088930790238
39125,41.3,-84.6,0.0023528670564757874
39125,41.3,-84.5,0.002437605076509279
39125,41.2,-84.8,0.04593496554326608
39125,41.2,-84.7,0.08587556434112577
39125,41.2,-84.6,0.08587556434111838
39125,41.2,-84.5,0.08342129306417002
39125,41.2,-84.4,0.050894405028870264
39125,41.2,-84.3,0.004259883694037639
39125,41.1,-84.8,0.04592981288651994
39125,41.1,-84.7,0.08600464706554806
39125,41.1,-84.6,0.08600464706554795
39125,41.1,-84.5,0.08600464706554656
39125,41.1,-84.4,0.08600464706554413
39125,41.1,-84.3,0.0069877454338830355
39125,41.0,-84.8,0.027790496471225876
39125,41.0,-84.7,0.05202478935906726
39125,41.0,-84.6,0.0518767746393751
39125,41.0,-84.5,0.05164984248476178
39125,41.0,-84.4,0.051360786334641514
39125,41.0,-84.3,0.004025508365313423
19037,43.2,-92.6,0.0019087954305750646
19037,43.2,-92.5,0.04333312880970228
19037,43.2,-92.4,0.0434098600630578
19037,43.2,-92.3,0.043540513286113296
19037,43.2,-92.2,0.04352781602682515
19037,43.2,-92.1,0.029933873709166413
19037,43.1,-92.6,0.0028394534526363846
19037,43.1,-92.5,0.06905536512026826
19037,43.1,-92.4,0.06905536512026687
19037,43.1,-92.3,0.06905536512026143
19037,43.1,-92.2,0.06905536512026562
19037,43.1,-92.1,0.047556423034442616
19037,43.0,-92.6,0.0028642560204385666
19037,43.0,-92.5,0.06916642698985968
19037,43.0,-92.4,0.06916642698986335
19037,43.0,-92.3,0.0691664269898669
19037,43.0,-92.2,0.0691664269898668
19037,43.0,-92.1,0.04741848554719441
19037,42.9,-92.6,0.0012462714285606997
19037,42.9,-92.5,0.029704948159868273
19037,42.9,-92.4,0.029752260278377653
19037,42.9,-92.3,0.02976919577696338
19037,42.9,-92.2,0.029850095048210238
19037,42.9,-92.1,0.020457455487348824
18069,41.0,-85.6,0.04590966414191713
18069,41.0,-85.5,0.05040198605098025
18069,41.0,-85.4,0.051388356530057945
18069,41.0,-85.3,0.0074161141652117814
18069,40.9,-85.6,0.08566690457316635
18069,40.9,-85.5,0.09317626635654393
18069,40.9,-85.4,0.09317626635653577
18069,40.9,-85.3,0.013263315856018372
18069,40.8,-85.6,0.08486260829823021
18069,40.8,-85.5,0.09331482911772973
18069,40.8,-85.4,0.09331482911773381
18069,40.8,-85.3,0.013654241783895238
18069,40.7,-85.6,0.080948782186694
18069,40.7,-85.5,0.0902925608686736
18069,40.7,-85.4,0.08974658777430608
18069,40.7,-85.3,0.013466686822305767
18099,41.5,-86.5,0.003562428763726671
18099,41.5,-86.4,0.021630887537897343
18099,41.5,-86.3,0.02239259590529587
18099,41.5,-86.2,0.0230349657316871
18099,41.5,-86.1,0.021060012596382238
18099,41.4,-86.5,0.0130925652113869
18099,41.4,-86.4,0.07973478861916007
18099,41.4,-86.3,0.07973478861915632
18099,41.4,-86.2,0.07973478861916049
18099,41.4,-86.1,0.07278121379809459
18099,41.3,-86.5,0.01318722709173184
18099,41.3,-86.4,0.0798554998423453
18099,41.3,-86.3,0.07985549984234397
18099,41.3,-86.2,0.07985549984234468
18099,41.3,-86.1,0.07412493907485795
18099,41.2,-86.5,0.010611374303157195
18099,41.2,-86.4,0.06254824220459664
18099,41.2,-86.3,0.062182547787234956
18099,41.2,-86.2,0.06219651326705265
18099,41.2,-86.1,0.05882362134238719
18073,41.3,-87.2,0.006935532151672964
18073,41.3,-87.1,0.0182606159552976
18073,41.3,-87.0,0.001042223414683983
18073,41.2,-87.3,0.01204575185559721
18073,41.2,-87.2,0.060488468951179646
18073,41.2,-87.1,0.06406287574636459
18073,41.2,-87.0,0.055002361977195144
18073,41.2,-86.9,0.010273080264904364
18073,41.1,-87.3,0.016582766259024016
18073,41.1,-87.2,0.06415917101497094
18073,41.1,-87.1,0.06415917101497563
18073,41.1,-87.0,0.06415917101498216
18073,41.1,-86.9,0.012511830297539234
18073,41.0,-87.3,0.016820027435520062
18073,41.0,-87.2,0.06425526707157439
18073,41.0,-87.1,0.06425526707157214
18073,41.0,-87.0,0.0642552670715844
18073,41.0,-86.9,0.01230231061151124
18073,40.9,-87.3,0.013808578332614892
18073,40.9,-87.2,0.06435116365410606
18073,40.9,-87.1,0.06435116365410432
18073,40.9,-87.0,0.04946825288530047
18073,40.9,-86.9,0.004633412116045082
18073,40.8,-87.3,0.011343166481210754
18073,40.8,-87.2,0.06444686050128513
18073,40.8,-87.1,0.03654717244042904
18073,40.8,-87.0,0.004930300341927169
18073,40.7,-87.3,0.0014974183108396224
18073,40.7,-87.2,0.008599906198875372
18073,40.7,-87.1,0.004451445903112416
19143,43.5,-95.9,0.00471397367457222
19143,43.5,-95.8,0.043429645280644184
19143,43.5,-95.7,0.0433687115862393
19143,43.5,-95.6,0.04337568184285961
19143,43.5,-95.5,0.04355115582656439
19143,43.5,-95.4,0.027227097190041863
19143,43.4,-95.9,0.00918949620680627
19143,43.4,-95.8,0.08700556097032584
19143,43.4,-95.7,0.08700556097033182
19143,43.4,-95.6,0.0870055609703306
19143,43.4,-95.5,0.08700556097032397
19143,43.4,-95.4,0.0542987735407681
19143,43.3,-95.9,0.008967585770314462
19143,43.3,-95.8,0.0803059073436852
19143,43.3,-95.7,0.07994718667048253
19143,43.3,-95.6,0.08035792699605114
19143,43.3,-95.5,0.08202293827512867
19143,43.3,-95.4,0.05122167591452982
18087,41.8,-85.7,0.0008150093065331499
18087,41.8,-85.6,0.008459052268542004
18087,41.8,-85.5,0.008723368139376178
18087,41.8,-85.4,0.009021134062663994
18087,41.8,-85.3,0.009177676525041938
18087,41.8,-85.2,0.004821611844342095
18087,41.7,-85.7,0.007936984778613468
18087,41.7,-85.6,0.09227613949472811
18087,41.7,-85.5,0.09227613949472059
18087,41.7,-85.4,0.09227613949472008
18087,41.7,-85.3,0.09227613949472142
18087,41.7,-85.2,0.05019735564174381
18087,41.6,-85.7,0.005907653424994453
18087,41.6,-85.6,0.09241733997090164
18087,41.6,-85.5,0.09241733997090804
18087,41.6,-85.4,0.09241733997090185
18087,41.6,-85.3,0.09241733997089883
18087,41.6,-85.2,0.05137327462436442
18087,41.5,-85.7,0.001234281137897887
18087,41.5,-85.6,0.023945579310402025
18087,41.5,-85.5,0.022992065399671184
18087,41.5,-85.4,0.02241464497940589
18087,41.5,-85.3,0.02198179598243015
18087,41.5,-85.2,0.012224594711476846
18007,40.7,-87.5,0.05897087353299932
18007,40.7,-87.4,0.0771928625383585
18007,40.7,-87.3,0.07716963886695807
18007,40.7,-87.2,0.07726968731705663
18007,40.7,-87.1,0.04080842385480208
18007,40.6,-87.5,0.06805112002852978
18007,40.6,-87.4,0.08927980820395913
18007,40.6,-87.3,0.08927980820396529
18007,40.6,-87.2,0.08927980820396283
18007,40.6,-87.1,0.048011683973091066
18007,40.5,-87.5,0.04995822170768511
18007,40.5,-87.4,0.06546263613110881
18007,40.5,-87.3,0.0658354431946898
18007,40.5,-87.2,0.06640385918373952
18007,40.5,-87.1,0.03702612505909409
19069,42.9,-93.5,0.017083288168422105
19069,42.9,-93.4,0.034954226667997516
19069,42.9,-93.3,0.03475804047228168
19069,42.9,-93.2,0.034685613027760534
19069,42.9,-93.1,0.03462620740274512
19069,42.9,-93.0,0.008546663147450445
19069,42.8,-93.5,0.029337272485664784
19069,42.8,-93.4,0.06023431940535919
19069,42.8,-93.3,0.060234319405355265
19069,42.8,-93.2,0.06023431940535609
19069,42.8,-93.1,0.0602343194053556
19069,42.8,-93.0,0.014653239635658056
19069,42.7,-93.5,0.02955675048677505
19069,42.7,-93.4,0.06033016807555925
19069,42.7,-93.3,0.06033016807556339
19069,42.7,-93.2,0.06033016807556341
19069,42.7,-93.1,0.06033016807556104
19069,42.7,-93.0,0.014372521417447416
19069,42.6,-93.5,0.02758742366278263
19069,42.6,-93.4,0.055863117775241465
19069,42.6,-93.3,0.05602694959951561
19069,42.6,-93.2,0.05622380182747915
19069,42.6,-93.1,0.05633914451374811
19069,42.6,-93.0,0.013127789785357148
19013,42.6,-92.6,0.0025357287213560605
19013,42.6,-92.5,0.056720477499812905
19013,42.6,-92.4,0.05672776870541376
19013,42.6,-92.3,0.05669472580764241
19013,42.6,-92.2,0.05665278605874181
19013,42.6,-92.1,0.038496388431900556
19013,42.5,-92.6,0.002142290137138416
19013,42.5,-92.5,0.05964560076356282
19013,42.5,-92.4,0.06156950509361591
19013,42.5,-92.3,0.0615695050936158
19013,42.5,-92.2,0.06156950509361323
19013,42.5,-92.1,0.04386046129561345
19013,42.4,-92.5,0.05172921844468835
19013,42.4,-92.4,0.06166643964398096
19013,42.4,-92.3,0.061666439643979214
19013,42.4,-92.2,0.061666439643979734
19013,42.4,-92.1,0.05269235315978956
19013,42.3,-92.5,0.027282396066364362
19013,42.3,-92.4,0.03252490235026367
19013,42.3,-92.3,0.03242409185801767
19013,42.3,-92.2,0.03244775797362071
19013,42.3,-92.1,0.02771521851328858
19109,43.5,-94.4,0.01659356518766684
19109,43.5,-94.3,0.01787207301087521
19109,43.5,-94.2,0.017838769702208962
19109,43.5,-94.1,0.017828080182163596
19109,43.5,-94.0,0.014111364827725147
19109,43.4,-94.4,0.032980240515454555
19109,43.4,-94.3,0.035662028027804514
19109,43.4,-94.2,0.03566202802780195
19109,43.4,-94.1,0.03566202802780275
19109,43.4,-94.0,0.02831921272698114
19109,43.3,-94.4,0.03317806920707048
19109,43.3,-94.3,0.03571999703775369
19109,43.3,-94.2,0.03571999703775423
19109,43.3,-94.1,0.035719997037755455
19109,43.3,-94.0,0.02842174629288672
19109,43.2,-94.4,0.033235638935730207
19109,43.2,-94.3,0.03577785469163535
19109,43.2,-94.2,0.03577785469163542
19109,43.2,-94.1,0.03577785469163406
19109,43.2,-94.0,0.02852154845137583
19109,43.1,-94.4,0.03322544350463633
19109,43.1,-94.3,0.035835600829442205
19109,43.1,-94.2,0.03583560082944357
19109,43.1,-94.1,0.035835600829444036
19109,43.1,-94.0,0.02851225283858567
19109,43.0,-94.4,0.03330483824821633
19109,43.0,-94.3,0.03589323529157837
19109,43.0,-94.2,0.03589323529157974
19109,43.0,-94.1,0.03589323529157767
19109,43.0,-94.0,0.0283246249647723
19109,42.9,-94.4,0.014026837237913202
19109,42.9,-94.3,0.015068755946064308
19109,42.9,-94.2,0.01501937620177384
19109,42.9,-94.1,0.015021214454460821
19109,42.9,-94.0,0.011930199928795408
17197,41.7,-88.3,0.003323693230460837
17197,41.7,-88.2,0.0316797853927863
17197,41.7,-88.1,0.0324776938101578
17197,41.7,-88.0,0.006904196727679405
17197,41.6,-88.3,0.0031702347370179368
17197,41.6,-88.2,0.042096915647533394
17197,41.6,-88.1,0.042096915647534455
17197,41.6,-88.0,0.0395670063138573
17197,41.6,-87.9,0.01735613221797149
17197,41.6,-87.8,0.001968793894463807
17197,41.5,-88.3,0.0014854838840346644
17197,41.5,-88.2,0.04216110288440854
17197,41.5,-88.1,0.042161102884407595
17197,41.5,-88.0,0.042161102884405915
17197,41.5,-87.9,0.04216110288440705
17197,41.5,-87.8,0.028425042532344926
17197,41.5,-87.7,0.008330085688845412
17197,41.5,-87.6,0.008398230094906155
17197,41.5,-87.5,0.0020673390410914567
17197,41.4,-88.3,0.00018335476676588746
17197,41.4,-88.2,0.04205758801636593
17197,41.4,-88.1,0.042225159117048376
17197,41.4,-88.0,0.04222515911704965
17197,41.4,-87.9,0.042225159117045885
17197,41.4,-87.8,0.04222515911704687
17197,41.4,-87.7,0.04222515911704926
17197,41.4,-87.6,0.0422251591170466
17197,41.4,-87.5,0.010082835190829182
17197,41.3,-88.2,0.04111170079314308
17197,41.3,-88.1,0.04228908417026733
17197,41.3,-88.0,0.03077387573644073
17197,41.3,-87.9,0.023565411882732003
17197,41.3,-87.8,0.022993808437580407
17197,41.3,-87.7,0.022603587050697413
17197,41.3,-87.6,0.022252020817069958
17197,41.3,-87.5,0.0051503202959315795
17197,41.2,-88.2,0.01911527938518659
17197,41.2,-88.1,0.01935627279901061
17197,41.2,-88.0,0.0071219455573781655
17099,41.6,-89.2,0.004083987348419129
17099,41.6,-89.1,0.02412385961670907
17099,41.6,-89.0,0.02411326451493467
17099,41.6,-88.9,0.02470955319573096
17099,41.6,-88.8,0.0252416175360093
17099,41.6,-88.7,0.025138624061675132
17099,41.6,-88.6,0.012456728124979883
17099,41.5,-89.2,0.005113219833893097
17099,41.5,-89.1,0.031183413948341697
17099,41.5,-89.0,0.031183413948342176
17099,41.5,-88.9,0.03118341394834494
17099,41.5,-88.8,0.03118341394834624
17099,41.5,-88.7,0.0311834139483433
17099,41.5,-88.6,0.01639166447130819
17099,41.4,-89.2,0.00474747708919084
17099,41.4,-89.1,0.031230791551909724
17099,41.4,-89.0,0.03123079155190829
17099,41.4,-88.9,0.031230791551906566
17099,41.4,-88.8,0.031230791551907847
17099,41.4,-88.7,0.031230791551910123
17099,41.4,-88.6,0.017339868831050386
17099,41.3,-89.2,0.004245864518191446
17099,41.3,-89.1,0.031278072131873585
17099,41.3,-89.0,0.03127807213187461
17099,41.3,-88.9,0.031278072131874037
17099,41.3,-88.8,0.03127807213187303
17099,41.3,-88.7,0.031278072131873044
17099,41.3,-88.6,0.018770074880954984
17099,41.2,-89.2,0.003985651936446263
17099,41.2,-89.1,0.03132525555908676
17099,41.2,-89.0,0.031325255559088216
17099,41.2,-88.9,0.03132525555908625
17099,41.2,-88.8,0.031325255559085975
17099,41.2,-88.7,0.03132525555908575
17099,41.2,-88.6,0.01971213045639137
17099,41.1,-89.2,0.00177927499284058
17099,41.1,-89.1,0.014314861689052985
17099,41.1,-89.0,0.030944970781493993
17099,41.1,-88.9,0.017166213904763757
17099,41.1,-88.8,0.013629150430362185
17099,41.1,-88.7,0.013410655604933411
17099,41.1,-88.6,0.00837916352060537
17099,41.0,-89.0,0.03058304144836704
17099,41.0,-88.9,0.006034891627221779
17099,40.9,-89.0,0.007176569339139557
17099,40.9,-88.9,0.0013199542892723991
17143,41.0,-90.0,0.005021666243596821
17143,41.0,-89.9,0.014273933837495355
17143,41.0,-89.8,0.014024327756367236
17143,41.0,-89.7,0.013633174616683397
17143,41.0,-89.6,0.01340287193022232
17143,41.0,-89.5,0.013225413332657601
17143,41.0,-89.4,0.00013955230432168223
17143,40.9,-90.0,0.02029430268361002
17143,40.9,-89.9,0.057297587531569626
17143,40.9,-89.8,0.05729758753157105
17143,40.9,-89.7,0.05729758753156632
17143,40.9,-89.6,0.05729758753156524
17143,40.9,-89.5,0.03719646432245163
17143,40.8,-90.0,0.020312664156233253
17143,40.8,-89.9,0.057382794980295825
17143,40.8,-89.8,0.05738279498029356
17143,40.8,-89.7,0.0573827949802924
17143,40.8,-89.6,0.05427003934937639
17143,40.8,-89.5,0.0036340722058345286
17143,40.7,-90.0,0.021114453229410662
17143,40.7,-89.9,0.057467824354669586
17143,40.7,-89.8,0.05746782435467435
17143,40.7,-89.7,0.05746782435467505
17143,40.7,-89.6,0.04309040110529573
17143,40.7,-89.5,0.00020086260955270597
17143,40.6,-90.0,0.005424931978281738
17143,40.6,-89.9,0.024341755157226815
17143,40.6,-89.8,0.05716645071941985
17143,40.6,-89.7,0.051835524801989975
17143,40.6,-89.6,0.004945444588926927
17143,40.5,-89.9,0.004019247631044958
17143,40.5,-89.8,0.00469023730882733
17141,42.2,-89.7,0.008692029553480491
17141,42.2,-89.6,0.023505213161383258
17141,42.2,-89.5,0.023579773820777864
17141,42.2,-89.4,0.023999812126555827
17141,42.2,-89.3,0.0245306023720401
17141,42.2,-89.2,0.019326230838651183
17141,42.2,-89.1,0.00028708148222511234
17141,42.2,-89.0,0.0007610928441835241
17141,42.2,-88.9,0.00010759935574669555
17141,42.1,-89.7,0.016772072014537676
17141,42.1,-89.6,0.046468657951507696
17141,42.1,-89.5,0.046468657951509805
17141,42.1,-89.4,0.04646865795150722
17141,42.1,-89.3,0.04646865795151314
17141,42.1,-89.2,0.046468657951510506
17141,42.1,-89.1,0.04646865795150647
17141,42.1,-89.0,0.046468657951503664
17141,42.1,-88.9,0.00475136896952916
17141,42.0,-89.7,0.016565416987127688
17141,42.0,-89.6,0.046540784356011465
17141,42.0,-89.5,0.04654078435601131
17141,42.0,-89.4,0.046540784356011555
17141,42.0,-89.3,0.04654078435601877
17141,42.0,-89.2,0.046540784356012395
17141,42.0,-89.1,0.04654078435601394
17141,42.0,-89.0,0.04654078435601695
17141,42.0,-88.9,0.0037661077901295697
17141,41.9,-89.7,0.003330951080302607
17141,41.9,-89.6,0.019648247221372105
17141,41.9,-89.5,0.021086055977445242
17141,41.9,-89.4,0.0233452907016735
17141,41.9,-89.3,0.028855055002813147
17141,41.9,-89.2,0.028381467149991166
17141,41.9,-89.1,0.02790560118441122
17141,41.9,-89.0,0.027440687908016164
17141,41.9,-88.9,0.0022961463049518457
17181,37.6,-89.5,0.01354826087552687
17181,37.6,-89.4,0.044532881888794486
17181,37.6,-89.3,0.04421463550350595
17181,37.6,-89.2,0.04424004093122532
17181,37.6,-89.1,0.04336183004624577
17181,37.6,-89.0,0.003441750258899475
17181,37.5,-89.5,0.038063741623360056
17181,37.5,-89.4,0.08977097068008554
17181,37.5,-89.3,0.08977097068009834
17181,37.5,-89.2,0.08977097068008855
17181,37.5,-89.1,0.08977097068009086
17181,37.5,-89.0,0.006027556265807282
17181,37.4,-89.5,3.899754751645255e-06
17181,37.4,-89.4,0.07138803375122225
17181,37.4,-89.3,0.08988902557133983
17181,37.4,-89.2,0.08988902557132583
17181,37.4,-89.1,0.08988902557132646
17181,37.4,-89.0,0.004950996342274051
17181,37.3,-89.5,0.0011623418842153527
17181,37.3,-89.4,0.01274971190113114
17181,37.3,-89.3,0.013480184684395055
17181,37.3,-89.2,0.013678112159320502
17181,37.3,-89.1,0.015453437272987251
17181,37.3,-89.0,0.0009516254219820691
17105,41.1,-88.9,0.015594810823363841
17105,41.1,-88.8,0.01947763072546376
17105,41.1,-88.7,0.019717483943486096
17105,41.1,-88.6,0.02002663898886546
17105,41.1,-88.5,0.02020577170232124
17105,41.1,-88.4,0.02089790151110389
17105,41.1,-88.3,0.02163281502349088
17105,41.1,-88.2,3.0483462234185064e-05
17105,41.0,-88.9,0.027865828515826984
17105,41.0,-88.8,0.03449064525626011
17105,41.0,-88.7,0.03449064525625832
17105,41.0,-88.6,0.034490645256259674
17105,41.0,-88.5,0.03449064525626112
17105,41.0,-88.4,0.03449064525626279
17105,41.0,-88.3,0.034490645256261374
17105,41.0,-88.2,0.0008651409174477146
17105,40.9,-88.9,0.028059586609658
17105,40.9,-88.8,0.03454212018057971
17105,40.9,-88.7,0.03454212018057875
17105,40.9,-88.6,0.03454212018057942
17105,40.9,-88.5,0.03454212018058038
17105,40.9,-88.4,0.03454212018057944
17105,40.9,-88.3,0.0345421201805783
17105,40.9,-88.2,0.0020652894091059875
17105,40.8,-88.9,0.02660799931475448
17105,40.8,-88.8,0.032796950135027446
17105,40.8,-88.7,0.03238369162059078
17105,40.8,-88.6,0.03294391444103776
17105,40.8,-88.5,0.034593487891869376
17105,40.8,-88.4,0.03459348789187042
17105,40.8,-88.3,0.034593487891871784
17105,40.8,-88.2,0.0032215680984060404
17105,40.7,-88.6,0.010945806758588238
17105,40.7,-88.5,0.03464474825020946
17105,40.7,-88.4,0.03464474825020981
17105,40.7,-88.3,0.034644748250210924
17105,40.7,-88.2,0.004294687901594529
17105,40.6,-88.6,0.002856314443392605
17105,40.6,-88.5,0.011422300874549932
17105,40.6,-88.4,0.011331203222872586
17105,40.6,-88.3,0.011223320206597847
17105,40.6,-88.2,0.0016215603029385104
17203,40.9,-89.5,0.02166287423548927
17203,40.9,-89.4,0.047885661392553985
17203,40.9,-89.3,0.04921612927907374
17203,40.9,-89.2,0.05075728618628688
17203,40.9,-89.1,0.050904015707635565
17203,40.9,-89.0,0.051023716823497794
17203,40.9,-88.9,0.009703946847244302
17203,40.8,-89.6,0.0036176925281292335
17203,40.8,-89.5,0.06246759329460828
17203,40.8,-89.4,0.06669116797395051
17203,40.8,-89.3,0.06669116797395923
17203,40.8,-89.2,0.06669116797395218
17203,40.8,-89.1,0.06669116797395364
17203,40.8,-89.0,0.06604200895623939
17203,40.8,-88.9,0.012838337485294745
17203,40.7,-89.6,8.96096023481906e-05
17203,40.7,-89.5,0.0016001782533892354
17203,40.7,-89.4,0.0013777452216723453
17203,40.7,-89.3,0.05348267292920888
17203,40.7,-89.2,0.06678999042224561
17203,40.7,-89.1,0.06678999042223999
17203,40.7,-89.0,0.03711431860891754
17203,40.6,-89.3,0.020628813676868828
17203,40.6,-89.2,0.03638506597427723
17203,40.6,-89.1,0.02205395384930685
17203,40.6,-89.0,0.0008037264076566136
17057,40.7,-90.4,0.02508086924490254
17057,40.7,-90.3,0.02624450029244232
17057,40.7,-90.2,0.026100625437737803
17057,40.7,-90.1,0.025945977776572246
17057,40.7,-90.0,0.016149946990213028
17057,40.6,-90.4,0.03950048820476837
17057,40.6,-90.3,0.04111644857407011
17057,40.6,-90.2,0.0411164485740706
17057,40.6,-90.1,0.04111644857407178
17057,40.6,-90.0,0.03724080013441507
17057,40.6,-89.9,0.02372635303530713
17057,40.5,-90.4,0.0400364653754775
17057,40.5,-90.3,0.041176939833426324
17057,40.5,-90.2,0.04117693983342558
17057,40.5,-90.1,0.04117693983342264
17057,40.5,-90.0,0.041176939833420266
17057,40.5,-89.9,0.027357219841919845
17057,40.4,-90.4,0.04041177518738994
17057,40.4,-90.3,0.04123730337932274
17057,40.4,-90.2,0.04123730337932125
17057,40.4,-90.1,0.04120658474431089
17057,40.4,-90.0,0.024331228816268823
17057,40.4,-89.9,0.002753439989164139
17057,40.3,-90.5,5.63638169645493e-05
17057,40.3,-90.4,0.041113031036669995
17057,40.3,-90.3,0.041297539047803845
17057,40.3,-90.2,0.041297539047803415
17057,40.3,-90.1,0.031222010866042475
17057,40.3,-90.0,7.753946935180142e-07
17057,40.2,-90.5,0.00033204357490668635
17057,40.2,-90.4,0.025501859425793014
17057,40.2,-90.3,0.026271897731607784
17057,40.2,-90.2,0.02293532050260094
17057,40.2,-90.1,0.00335363266967278
17049,39.2,-88.8,0.028282991730357063
17049,39.2,-88.7,0.05083279824751165
17049,39.2,-88.6,0.05054114865904616
17049,39.2,-88.5,0.04316915688831314
17049,39.2,-88.4,0.014675678965448002
17049,39.1,-88.8,0.043032474566308404
17049,39.1,-88.7,0.07724814120137188
17049,39.1,-88.6,0.0772481412013735
17049,39.1,-88.5,0.07724814120136886
17049,39.1,-88.4,0.06896391692725168
17049,39.0,-88.8,0.04341499296275198
17049,39.0,-88.7,0.07735581801132005
17049,39.0,-88.6,0.07735581801131955
17049,39.0,-88.5,0.07735581801131908
17049,39.0,-88.4,0.06782978631259598
17049,38.9,-88.8,0.01650510618960494
17049,38.9,-88.7,0.027647603098884147
17049,38.9,-88.6,0.026946736089022722
17049,38.9,-88.5,0.028217541032327896
17049,38.9,-88.4,0.026128190692503293
17033,39.2,-88.0,3.27837974032931e-05
17033,39.2,-87.9,0.021528212801886756
17033,39.2,-87.8,0.023450082895136507
17033,39.2,-87.7,0.017844081464010616
17033,39.2,-87.6,0.0005770695944591811
17033,39.1,-87.9,0.0817238017500424
17033,39.1,-87.8,0.0831823123150691
17033,39.1,-87.7,0.08202791142295834
17033,39.1,-87.6,0.025178860412163096
17033,39.0,-87.9,0.07998738699152141
17033,39.0,-87.8,0.08329826081421075
17033,39.0,-87.7,0.0832982608142135
17033,39.0,-87.6,0.0697688599631021
17033,39.0,-87.5,0.005939420247772549
17033,38.9,-87.9,0.07945270182036748
17033,38.9,-87.8,0.08337200078112537
17033,38.9,-87.7,0.08241277897387371
17033,38.9,-87.6,0.0816330121987371
17033,38.9,-87.5,0.015059310107057699
17033,38.8,-87.8,0.00021894623858144965
17033,38.8,-87.7,1.3944596307592016e-05
39165,39.6,-84.4,0.005255471625643386
39165,39.6,-84.3,0.03534475105882059
39165,39.6,-84.2,0.030632998840904535
39165,39.6,-84.1,0.024725608390032676
39165,39.6,-84.0,0.014247175301223571
39165,39.5,-84.4,0.0008419013186556708
39165,39.5,-84.3,0.07844517954374965
39165,39.5,-84.2,0.09049057763331067
39165,39.5,-84.1,0.09049057763331442
39165,39.5,-84.0,0.06030072386795659
39165,39.4,-84.3,0.08409947133463773
39165,39.4,-84.2,0.0906185484178055
39165,39.4,-84.1,0.09061854841780483
39165,39.4,-84.0,0.05183190542393434
39165,39.3,-84.4,0.0005324187510367462
39165,39.3,-84.3,0.05499461892563672
39165,39.3,-84.2,0.07525876353673312
39165,39.3,-84.1,0.08095279915343755
39165,39.3,-84.0,0.040317960825361765
39149,40.5,-84.3,0.024830170675533544
39149,40.5,-84.2,0.02855583460380154
39149,40.5,-84.1,0.02919659733942676
39149,40.5,-84.0,0.014016742087275783
39149,40.4,-84.4,0.021216070783501274
39149,40.4,-84.3,0.08154255783851344
39149,40.4,-84.2,0.08862117184757054
39149,40.4,-84.1,0.08862117184757394
39149,40.4,-84.0,0.041635099745280256
39149,40.3,-84.4,0.07477176024038895
39149,40.3,-84.3,0.08875062152275145
39149,40.3,-84.2,0.08875062152275343
39149,40.3,-84.1,0.0887506215227524
39149,40.3,-84.0,0.035127237951598715
39149,40.2,-84.4,0.03886989675713684
39149,40.2,-84.3,0.04591140245598318
39149,40.2,-84.2,0.048527550622597296
39149,40.2,-84.1,0.054828225158427224
39149,40.2,-84.0,0.01747664547713347
27111,46.7,-96.2,0.0023873333701209913
27111,46.7,-96.1,0.01003007474936272
27111,46.7,-96.0,0.00994730802762971
27111,46.7,-95.9,0.009857159268262236
27111,46.7,-95.8,0.009803502962549
27111,46.7,-95.7,0.00968602554204575
27111,46.7,-95.6,0.009696348852171365
27111,46.7,-95.5,0.009889728428034313
27111,46.7,-95.4,0.009780519995382236
27111,46.7,-95.3,0.009816140064664773
27111,46.7,-95.2,0.008544427212361896
27111,46.6,-96.3,0.003725387595706876
27111,46.6,-96.2,0.012585546083343842
27111,46.6,-96.1,0.014784254342069285
27111,46.6,-96.0,0.014784254342071423
27111,46.6,-95.9,0.01478425434206929
27111,46.6,-95.8,0.014784254342069088
27111,46.6,-95.7,0.014784254342069402
27111,46.6,-95.6,0.014784254342069673
27111,46.6,-95.5,0.014784254342068854
27111,46.6,-95.4,0.014784254342069342
27111,46.6,-95.3,0.014784254342069864
27111,46.6,-95.2,0.013717367952942103
27111,46.5,-96.3,0.004570489328562702
27111,46.5,-96.2,0.01481117130691501
27111,46.5,-96.1,0.014811171306914695
27111,46.5,-96.0,0.014811171306916456
27111,46.5,-95.9,0.0148111713069147
27111,46.5,-95.8,0.014811171306915005
27111,46.5,-95.7,0.014811171306915647
27111,46.5,-95.6,0.014811171306915732
27111,46.5,-95.5,0.014811171306915123
27111,46.5,-95.4,0.014811171306914948
27111,46.5,-95.3,0.01481117130691517
27111,46.5,-95.2,0.014004704178766784
27111,46.4,-96.3,0.0045363203064131144
27111,46.4,-96.2,0.014838041827246566
27111,46.4,-96.1,0.014838041827246691
27111,46.4,-96.0,0.014838041827248604
27111,46.4,-95.9,0.014838041827246693
27111,46.4,-95.8,0.01483804182724656
27111,46.4,-95.7,0.014838041827245838
27111,46.4,-95.6,0.014838041827246722
27111,46.4,-95.5,0.01483804182724754
27111,46.4,-95.4,0.01483804182724623
27111,46.4,-95.3,0.014838041827246167
27111,46.4,-95.2,0.014018190469259204
27111,46.3,-96.3,0.0037384433579679584
27111,46.3,-96.2,0.014864865827290944
27111,46.3,-96.1,0.014864865827290989
27111,46.3,-96.0,0.014864865827292467
27111,46.3,-95.9,0.014864865827290994
27111,46.3,-95.8,0.014864865827290944
27111,46.3,-95.7,0.014864865827290536
27111,46.3,-95.6,0.0148648658272898
27111,46.3,-95.5,0.014864865827290456
27111,46.3,-95.4,0.014864865827292325
27111,46.3,-95.3,0.014864865827291523
27111,46.3,-95.2,0.014371873531110283
27111,46.3,-95.1,0.0002035365863520062
27111,46.2,-96.3,0.002281707649867318
27111,46.2,-96.2,0.014891643231449994
27111,46.2,-96.1,0.014891643231449857
27111,46.2,-96.0,0.014891643231452005
27111,46.2,-95.9,0.014891643231449862
27111,46.2,-95.8,0.014891643231449992
27111,46.2,-95.7,0.014891643231449701
27111,46.2,-95.6,0.014891643231449269
27111,46.2,-95.5,0.01489164323144915
27111,46.2,-95.4,0.014891643231447949
27111,46.2,-95.3,0.014891643231448549
27111,46.2,-95.2,0.014891643231449566
27111,46.2,-95.1,0.0005739375951020093
27111,46.1,-96.3,0.0009473096857841034
27111,46.1,-96.2,0.006181336046050479
27111,46.1,-96.1,0.006199641788935642
27111,46.1,-96.0,0.006196765721068763
27111,46.1,-95.9,0.00622387178272546
27111,46.1,-95.8,0.006311554415278935
27111,46.1,-95.7,0.006350228548791006
27111,46.1,-95.6,0.0063108691695190865
27111,46.1,-95.5,0.006250725302812882
27111,46.1,-95.4,0.006268627030164437
27111,46.1,-95.3,0.00632769498036037
27111,46.1,-95.2,0.006403713503366471
27111,46.1,-95.1,0.00025443467806004333
27043,43.8,-94.2,0.04562847406044727
27043,43.8,-94.1,0.04688236951554516
27043,43.8,-94.0,0.04692250254402886
27043,43.8,-93.9,0.04692006781185806
27043,43.8,-93.8,0.04684721308681364
27043,43.8,-93.7,0.046833872748713805
27043,43.8,-93.6,0.000844596958048672
27043,43.7,-94.2,0.046874003377239716
27043,43.7,-94.1,0.04789971526759078
27043,43.7,-94.0,0.04789971526759019
27043,43.7,-93.9,0.047899715267591826
27043,43.7,-93.8,0.04789971526759801
27043,43.7,-93.7,0.04789971526759146
27043,43.7,-93.6,0.0007598000799688013
27043,43.6,-94.2,0.04696891849353179
27043,43.6,-94.1,0.04797840940688934
27043,43.6,-94.0,0.047978409406888904
27043,43.6,-93.9,0.04797840940688786
27043,43.6,-93.8,0.04797840940689474
27043,43.6,-93.7,0.047978409406887426
27043,43.6,-93.6,0.000740906572205286
27043,43.5,-94.2,0.0234990279622973
27043,43.5,-94.1,0.023993239621671346
27043,43.5,-94.0,0.02405613018888457
27043,43.5,-93.9,0.02412309392409117
27043,43.5,-93.8,0.024164480529921366
27043,43.5,-93.7,0.024176260812984858
27043,43.5,-93.6,0.0003744183393378327
27083,44.6,-96.1,0.016386058032334037
27083,44.6,-96.0,0.03795689928112059
27083,44.6,-95.9,0.038116443198297975
27083,44.6,-95.8,0.03802957860326668
27083,44.6,-95.7,0.037870728347328055
27083,44.6,-95.6,0.017339255654171166
27083,44.5,-96.1,0.014580173546831209
27083,44.5,-96.0,0.047287451801420896
27083,44.5,-95.9,0.04728745180141643
27083,44.5,-95.8,0.047287451801417746
27083,44.5,-95.7,0.047287451801414936
27083,44.5,-95.6,0.025927914810317577
27083,44.4,-96.1,0.013922095320492895
27083,44.4,-96.0,0.04736737355430636
27083,44.4,-95.9,0.04736737355429826
27083,44.4,-95.8,0.04736737355429568
27083,44.4,-95.7,0.04736737355429557
27083,44.4,-95.6,0.026543174319005
27083,44.3,-96.1,0.013854145311119054
27083,44.3,-96.0,0.047447147342911306
27083,44.3,-95.9,0.04744714734290813
27083,44.3,-95.8,0.047447147342912374
27083,44.3,-95.7,0.04744714734291208
27083,44.3,-95.6,0.026792847026842453
27083,44.2,-96.1,0.007312239979145036
27083,44.2,-96.0,0.02544063860679604
27083,44.2,-95.9,0.025500777512142615
27083,44.2,-95.8,0.025567799278814484
27083,44.2,-95.7,0.02577511755992532
27083,44.2,-95.6,0.014676222817539967
27087,47.5,-96.1,0.004761034986952659
27087,47.5,-96.0,0.027286621843155678
27087,47.5,-95.9,0.027302464294798053
27087,47.5,-95.8,0.02739729499438107
27087,47.5,-95.7,0.02738363778775418
27087,47.5,-95.6,0.027280063505267665
27087,47.4,-96.1,0.009600333541288482
27087,47.4,-96.0,0.05558917194237651
27087,47.4,-95.9,0.05558917194236826
27087,47.4,-95.8,0.055589171942365796
27087,47.4,-95.7,0.05558917194236412
27087,47.4,-95.6,0.054993520303716056
27087,47.3,-96.1,0.00931057803000603
27087,47.3,-96.0,0.05569329542929416
27087,47.3,-95.9,0.05569329542928439
27087,47.3,-95.8,0.05569329542928318
27087,47.3,-95.7,0.055693295429286735
27087,47.3,-95.6,0.054909142063263645
27087,47.2,-96.1,0.009340274984419741
27087,47.2,-96.0,0.05487163177077843
27087,47.2,-95.9,0.05531713448857962
27087,47.2,-95.8,0.055576302499804955
27087,47.2,-95.7,0.05531121050251346
27087,47.2,-95.6,0.054228884916697105
27085,45.0,-94.5,0.010273046954999343
27085,45.0,-94.4,0.019408901912488133
27085,45.0,-94.3,0.019626590327278353
27085,45.0,-94.2,0.019530625485978798
27085,45.0,-94.1,0.01925930329191644
27085,45.0,-94.0,0.007234744898168911
27085,44.9,-94.5,0.03376256971863311
27085,44.9,-94.4,0.0670328644864286
27085,44.9,-94.3,0.06703286448642753
27085,44.9,-94.2,0.06703286448642697
27085,44.9,-94.1,0.06703286448642612
27085,44.9,-94.0,0.025954491485670646
27085,44.8,-94.5,0.03215441909008971
27085,44.8,-94.4,0.06714777474128678
27085,44.8,-94.3,0.06714777474128183
27085,44.8,-94.2,0.06714777474128608
27085,44.8,-94.1,0.06714777474128987
27085,44.8,-94.0,0.026804309463507793
27085,44.7,-94.5,0.032225544557605686
27085,44.7,-94.4,0.06726247508907869
27085,44.7,-94.3,0.06526306763209092
27085,44.7,-94.2,0.021673373327199215
27085,44.7,-94.1,0.02190889790353178
27085,44.7,-94.0,0.008676375689799242
27085,44.6,-94.5,0.006465823409855151
27085,44.6,-94.4,0.013250348810980885
27085,44.6,-94.3,0.012542534040273388
27091,43.8,-94.9,0.002085529799670549
27091,43.8,-94.8,0.04645631125729986
27091,43.8,-94.7,0.04644266478300986
27091,43.8,-94.6,0.04644339076272968
27091,43.8,-94.5,0.046410463603710546
27091,43.8,-94.4,0.04639146158441364
27091,43.8,-94.3,0.046377658373402394
27091,43.8,-94.2,0.0012045486696447764
27091,43.7,-94.9,0.002185032029625612
27091,43.7,-94.8,0.047395846110154155
27091,43.7,-94.7,0.04739584611015111
27091,43.7,-94.6,0.04739584611015327
27091,43.7,-94.5,0.04739584611015541
27091,43.7,-94.4,0.04739584611015678
27091,43.7,-94.3,0.047395846110154
27091,43.7,-94.2,0.0010149221688864156
27091,43.6,-94.9,0.00219738644110191
27091,43.6,-94.8,0.047473712446000314
27091,43.6,-94.7,0.04747371244600529
27091,43.6,-94.6,0.047473712446004214
27091,43.6,-94.5,0.0474737124459986
27091,43.6,-94.4,0.04747371244599805
27091,43.6,-94.3,0.047473712445999544
27091,43.6,-94.2,0.0009988718244317452
27091,43.5,-94.9,0.0010670196131475657
27091,43.5,-94.8,0.02331218768363737
27091,43.5,-94.7,0.023368396709444305
27091,43.5,-94.6,0.023485162066040705
27091,43.5,-94.5,0.023568078069945556
27091,43.5,-94.4,0.023616733502339213
27091,43.5,-94.3,0.023682093360100426
27091,43.5,-94.2,0.00047473636048710985
19051,40.9,-92.6,0.031174706899949483
19051,40.9,-92.5,0.03517774715651775
19051,40.9,-92.4,0.035156138025841416
19051,40.9,-92.3,0.035282277847258965
19051,40.9,-92.2,0.025214293343494384
19051,40.8,-92.6,0.06368644576173342
19051,40.8,-92.5,0.07167369922690645
19051,40.8,-92.4,0.07167369922690602
19051,40.8,-92.3,0.07167369922691152
19051,40.8,-92.2,0.05130967774637722
19051,40.7,-92.6,0.06331112174353948
19051,40.7,-92.5,0.07177990475083103
19051,40.7,-92.4,0.07177990475083047
19051,40.7,-92.3,0.07177990475082884
19051,40.7,-92.2,0.05137102042807777
19051,40.6,-92.6,0.03679365242459394
19051,40.6,-92.5,0.039963580803954825
19051,40.6,-92.4,0.03865291540149941
19051,40.6,-92.3,0.03709654161204395
19051,40.6,-92.2,0.025449068871903693
19125,41.5,-93.3,0.028569821471749607
19125,41.5,-93.2,0.03644448077825404
19125,41.5,-93.1,0.03655598474938307
19125,41.5,-93.0,0.036606423639755796
19125,41.5,-92.9,0.02882443680143254
19125,41.4,-93.3,0.049178070776765656
19125,41.4,-93.2,0.0628553869865464
19125,41.4,-93.1,0.06285538698654515
19125,41.4,-93.0,0.0628553869865485
19125,41.4,-92.9,0.0497146310437979
19125,41.3,-93.3,0.04930394591124839
19125,41.3,-93.2,0.06295054432976235
19125,41.3,-93.1,0.06295054432976091
19125,41.3,-93.0,0.06295054432976135
19125,41.3,-92.9,0.04988692684787664
19125,41.2,-93.3,0.04392955737189221
19125,41.2,-93.2,0.056217802505225276
19125,41.2,-93.1,0.05622454421295749
19125,41.2,-93.0,0.05623218128765227
19125,41.2,-92.9,0.04489339865308449
18033,41.5,-85.2,0.03303759578567456
18033,41.5,-85.1,0.07569453820409631
18033,41.5,-85.0,0.0764129099545137
18033,41.5,-84.9,0.07748787524728498
18033,41.5,-84.8,0.03583782934903546
18033,41.4,-85.2,0.04254558806706275
18033,41.4,-85.1,0.09854522809466511
18033,41.4,-85.0,0.09854522809466834
18033,41.4,-84.9,0.09854522809466436
18033,41.4,-84.8,0.04534565610578093
18033,41.3,-85.2,0.03630722132612941
18033,41.3,-85.1,0.08344636746306897
18033,41.3,-85.0,0.08197344940824902
18033,41.3,-84.9,0.07996087282968425
18033,41.3,-84.8,0.03631441197542188
39129,39.8,-83.2,0.04200761701081916
39129,39.8,-83.1,0.04133772612868356
39129,39.8,-83.0,0.0389802969642067
39129,39.8,-82.9,0.03551792236631665
39129,39.8,-82.8,0.007842883539688508
39129,39.7,-83.3,0.0017096765474559925
39129,39.7,-83.2,0.07243369487575207
39129,39.7,-83.1,0.07258044170253028
39129,39.7,-83.0,0.07258044170253193
39129,39.7,-82.9,0.07258044170253375
39129,39.7,-82.8,0.012289762223667303
39129,39.6,-83.3,0.00716142727978518
39129,39.6,-83.2,0.07268382667448349
39129,39.6,-83.1,0.0726838266744818
39129,39.6,-83.0,0.07268382667448034
39129,39.6,-82.9,0.07268382667448296
39129,39.6,-82.8,0.013693119953942503
39129,39.6,-82.7,0.0006614483370626906
39129,39.5,-83.3,0.0037677090140726113
39129,39.5,-83.2,0.026507884056840153
39129,39.5,-83.1,0.029194993890841868
39129,39.5,-83.0,0.038712671628838485
39129,39.5,-82.9,0.053986718210692834
39129,39.5,-82.8,0.057698500401595715
39129,39.5,-82.7,0.008019315764213556
27081,44.6,-96.5,0.0009078123222217649
27081,44.6,-96.4,0.05035140193014317
27081,44.6,-96.3,0.0502193910557334
27081,44.6,-96.2,0.050441634791303674
27081,44.6,-96.1,0.028482832581166743
27081,44.5,-96.5,0.0012633877358753593
27081,44.5,-96.4,0.062210966989889385
27081,44.5,-96.3,0.062210966989890294
27081,44.5,-96.2,0.062210966989894007
27081,44.5,-96.1,0.04302941542230249
27081,44.4,-96.5,0.001286786268387513
27081,44.4,-96.4,0.06231611136415454
27081,44.4,-96.3,0.06231611136415497
27081,44.4,-96.2,0.06231611136415516
27081,44.4,-96.1,0.04400032188050146
27081,44.3,-96.5,0.0014802349587758488
27081,44.3,-96.4,0.0624210610779003
27081,44.3,-96.3,0.0624210610778998
27081,44.3,-96.2,0.062421061077900214
27081,44.3,-96.1,0.044194666045177376
27081,44.2,-96.5,0.0009053906363360849
27081,44.2,-96.4,0.03305799757729911
27081,44.2,-96.3,0.032856635034461755
27081,44.2,-96.2,0.0329757372334572
27081,44.2,-96.1,0.023701936231018326
27121,45.8,-95.8,0.0003925562993470879
27121,45.8,-95.7,0.0045306114725768955
27121,45.8,-95.6,0.00433475807092681
27121,45.8,-95.5,0.004233160812447115
27121,45.8,-95.4,0.00436785370870005
27121,45.8,-95.3,0.0041233587593928304
27121,45.8,-95.2,0.004116105136842715
27121,45.8,-95.1,0.00042868597955016276
27121,45.7,-95.8,0.004010100981051602
27121,45.7,-95.7,0.04660446896779577
27121,45.7,-95.6,0.04660446896779941
27121,45.7,-95.5,0.046604468967800024
27121,45.7,-95.4,0.046604468967799774
27121,45.7,-95.3,0.04660446896779768
27121,45.7,-95.2,0.04660446896779636
27121,45.7,-95.1,0.004875369484925299
27121,45.6,-95.8,0.002501736803429227
27121,45.6,-95.7,0.046294209732621584
27121,45.6,-95.6,0.04668665584328236
27121,45.6,-95.5,0.04668665584328281
27121,45.6,-95.4,0.04668665584328374
27121,45.6,-95.3,0.0466866558432832
27121,45.6,-95.2,0.04668665584328473
27121,45.6,-95.1,0.006200442085737214
27121,45.5,-95.7,0.045639552127825785
27121,45.5,-95.6,0.04676869656033369
27121,45.5,-95.5,0.046768696560334944
27121,45.5,-95.4,0.04676869656033189
27121,45.5,-95.3,0.046768696560334284
27121,45.5,-95.2,0.04676869656033475
27121,45.5,-95.1,0.008656853323744345
27121,45.4,-95.7,0.01714838999654688
27121,45.4,-95.6,0.017656589966321034
27121,45.4,-95.5,0.017771660960399612
27121,45.4,-95.4,0.017605101634512992
27121,45.4,-95.3,0.017484971833786198
27121,45.4,-95.2,0.01749815199659183
27121,45.4,-95.1,0.003226203007847303
19187,42.6,-94.4,0.04343292712031714
19187,42.6,-94.3,0.0465159322427015
19187,42.6,-94.2,0.0463579365007931
19187,42.6,-94.1,0.04643138655227181
19187,42.6,-94.0,0.03636456404379809
19187,42.5,-94.4,0.04044899495427058
19187,42.5,-94.3,0.049071093240982466
19187,42.5,-94.2,0.049071093240980065
19187,42.5,-94.1,0.04907109324097798
19187,42.5,-94.0,0.040836899000897514
19187,42.5,-93.9,0.0019742364257628216
19187,42.4,-94.4,0.023246704743229176
19187,42.4,-94.3,0.049148350388844846
19187,42.4,-94.2,0.04914835038884871
19187,42.4,-94.1,0.04914835038884892
19187,42.4,-94.0,0.04914835038884772
19187,42.4,-93.9,0.008898304148169148
19187,42.3,-94.4,0.023388660876930586
19187,42.3,-94.3,0.04922545457012011
19187,42.3,-94.2,0.04922545457011987
19187,42.3,-94.1,0.04922545457012184
19187,42.3,-94.0,0.04922545457011866
19187,42.3,-93.9,0.008968050861067096
19187,42.2,-94.4,0.009592507982099945
19187,42.2,-94.3,0.019939944810858774
19187,42.2,-94.2,0.0197801497577502
19187,42.2,-94.1,0.019723786225431895
19187,42.2,-94.0,0.01976968094239937
19187,42.2,-93.9,0.003620833252440029
19173,40.9,-94.9,0.026977035396323346
19173,40.9,-94.8,0.03412833794602516
19173,40.9,-94.7,0.033713212485738664
19173,40.9,-94.6,0.03348345804270215
19173,40.9,-94.5,0.02627526884521835
19173,40.8,-94.9,0.053234934705444666
19173,40.8,-94.8,0.0676642955515668
19173,40.8,-94.7,0.06766429555156786
19173,40.8,-94.6,0.06766429555156463
19173,40.8,-94.5,0.05304826973057197
19173,40.7,-94.9,0.04560143184290763
19173,40.7,-94.8,0.06776455997264723
19173,40.7,-94.7,0.06776455997265096
19173,40.7,-94.6,0.06776455997264912
19173,40.7,-94.5,0.053322476478239664
19173,40.6,-94.9,0.0331439684080594
19173,40.6,-94.8,0.05196494658635275
19173,40.6,-94.7,0.052922414669167535
19173,40.6,-94.6,0.05358347758701933
19173,40.6,-94.5,0.042314200703582806
27151,45.4,-96.1,0.018819887378566366
27151,45.4,-96.0,0.02786404621785421
27151,45.4,-95.9,0.027869436439474288
27151,45.4,-95.8,0.027847535893887148
27151,45.4,-95.7,0.02789485359707336
27151,45.4,-95.6,0.02783803082968303
27151,45.4,-95.5,0.02772830452360945
27151,45.4,-95.4,0.02788712768941502
27151,45.4,-95.3,0.026509574399426947
27151,45.3,-96.1,0.03030406986121097
27151,45.3,-96.0,0.044752478165125203
27151,45.3,-95.9,0.04475247816512
27151,45.3,-95.8,0.04475247816512026
27151,45.3,-95.7,0.04475247816512236
27151,45.3,-95.6,0.0447524781651222
27151,45.3,-95.5,0.044752478165119666
27151,45.3,-95.4,0.04475247816512025
27151,45.3,-95.3,0.042452718080064386
27151,45.2,-96.1,0.02108935676745916
27151,45.2,-96.0,0.04368368873584064
27151,45.2,-95.9,0.044017091618371085
27151,45.2,-95.8,0.04406865649927187
27151,45.2,-95.7,0.04417480654696241
27151,45.2,-95.6,0.044204707121056404
27151,45.2,-95.5,0.044068962751471055
27151,45.2,-95.4,0.043730775206084
27151,45.2,-95.3,0.04342006485702181
27151,45.2,-95.2,0.0012589578303464205
19095,41.9,-92.3,0.003766858948833316
19095,41.9,-92.2,0.007714643397469643
19095,41.9,-92.1,0.007762745564321021
19095,41.9,-92.0,0.007463686919690163
19095,41.9,-91.9,0.007082365275169128
19095,41.9,-91.8,0.001330719442906147
19095,41.8,-92.3,0.029674952424982033
19095,41.8,-92.2,0.06066834699456666
19095,41.8,-92.1,0.06066834699456555
19095,41.8,-92.0,0.06066834699456822
19095,41.8,-91.9,0.06066834699456943
19095,41.8,-91.8,0.011260718179274664
19095,41.7,-92.3,0.030334284985042377
19095,41.7,-92.2,0.0607615128193488
19095,41.7,-92.1,0.060761512819347774
19095,41.7,-92.0,0.06076151281934444
19095,41.7,-91.9,0.06076151281934761
19095,41.7,-91.8,0.010037868899657333
19095,41.6,-92.3,0.02960787642908391
19095,41.6,-92.2,0.06085448977515084
19095,41.6,-92.1,0.06085448977514999
19095,41.6,-92.0,0.0608544897751493
19095,41.6,-91.9,0.06085448977514897
19095,41.6,-91.8,0.011959776172385967
19095,41.5,-92.3,0.011635042229132253
19095,41.5,-92.2,0.024359827735488025
19095,41.5,-92.1,0.024183907563956334
19095,41.5,-92.0,0.024002248466374533
19095,41.5,-91.9,0.023707906757448768
19095,41.5,-91.8,0.0049771722525268495
19091,42.9,-94.4,0.043356447106573645
19091,42.9,-94.3,0.04669869320612054
19091,42.9,-94.2,0.04680912177193402
19091,42.9,-94.1,0.046805010863489906
19091,42.9,-94.0,0.03656380397393453
19091,42.8,-94.4,0.07488550181656231
19091,42.8,-94.3,0.08052553669654572
19091,42.8,-94.2,0.08052553669654455
19091,42.8,-94.1,0.08052553669654483
19091,42.8,-94.0,0.06321361725109736
19091,42.7,-94.4,0.07509268933728562
19091,42.7,-94.3,0.08065367403894452
19091,42.7,-94.2,0.08065367403894994
19091,42.7,-94.1,0.08065367403895049
19091,42.7,-94.0,0.06335382457485982
19091,42.6,-94.4,0.0036901484157425535
19091,42.6,-94.3,0.004085355208440202
19091,42.6,-94.2,0.004345861087354615
19091,42.6,-94.1,0.004224755480421353
19091,42.6,-94.0,0.003337537699703369
18159,40.4,-86.2,0.06933645025676283
18159,40.4,-86.1,0.07637617430706417
18159,40.4,-86.0,0.07813616398079529
18159,40.4,-85.9,0.06944773031326616
18159,40.3,-86.2,0.1296989913829857
18159,40.3,-86.1,0.13988232418032903
18159,40.3,-86.0,0.1398823241803277
18159,40.3,-85.9,0.12442570784193241
18159,40.2,-86.2,0.0434984459185399
18159,40.2,-86.1,0.04563862979088779
18159,40.2,-86.0,0.04468553303589091
18159,40.2,-85.9,0.03899152481121811
18039,41.8,-86.1,0.001002459083597026
18039,41.8,-86.0,0.007687162990537467
18039,41.8,-85.9,0.007225126448679452
18039,41.8,-85.8,0.006964047488836661
18039,41.8,-85.7,0.00625207826999115
18039,41.7,-86.1,0.008952185271830065
18039,41.7,-86.0,0.07628646551347698
18039,41.7,-85.9,0.07628646551347652
18039,41.7,-85.8,0.07628646551348224
18039,41.7,-85.7,0.06972480700771692
18039,41.6,-86.1,0.008054535434122994
18039,41.6,-86.0,0.07640319867239823
18039,41.6,-85.9,0.07640319867239845
18039,41.6,-85.8,0.07640319867239959
18039,41.6,-85.7,0.0715192275641663
18039,41.5,-86.1,0.007292065743791593
18039,41.5,-86.0,0.0765196943855799
18039,41.5,-85.9,0.07651969438557947
18039,41.5,-85.8,0.0765196943855748
18039,41.5,-85.7,0.073324111265327
18039,41.4,-86.1,0.0009981712252013326
18039,41.4,-86.0,0.011083388781426149
18039,41.4,-85.9,0.011063725435184494
18039,41.4,-85.8,0.01124862259658806
18039,41.4,-85.7,0.009980209678637122
18021,39.6,-87.2,0.028534812126120985
18021,39.6,-87.1,0.056779620463854555
18021,39.6,-87.0,0.020561641817793637
18021,39.5,-87.2,0.07930051723708646
18021,39.5,-87.1,0.10233158528238243
18021,39.5,-87.0,0.052080657107335254
18021,39.5,-86.9,0.0023082716211014587
18021,39.4,-87.2,0.09187659095941761
18021,39.4,-87.1,0.10247630149030096
18021,39.4,-87.0,0.1024763014903081
18021,39.4,-86.9,0.008104629828649209
18021,39.3,-87.2,0.09247812381986316
18021,39.3,-87.1,0.098536977902579
18021,39.3,-87.0,0.007882118008584767
18021,39.3,-86.9,0.0006106142202184985
18021,39.2,-87.2,0.07384937475154545
18021,39.2,-87.1,0.07981186187285845
18105,39.4,-86.7,0.00023842584321352527
18105,39.4,-86.6,0.00022910056656107235
18105,39.3,-86.7,0.02698854436940739
18105,39.3,-86.6,0.08241520601012604
18105,39.3,-86.5,0.07978385094498346
18105,39.3,-86.4,0.055684035318805135
18105,39.2,-86.7,0.03019129819615244
18105,39.2,-86.6,0.09002263393090028
18105,39.2,-86.5,0.09002263393090028
18105,39.2,-86.4,0.07094168567024385
18105,39.1,-86.7,0.029274909808147762
18105,39.1,-86.6,0.09014857164994543
18105,39.1,-86.5,0.0901485716499419
18105,39.1,-86.4,0.07266306766546078
18105,39.0,-86.7,0.016720181034902745
18105,39.0,-86.6,0.05223058250047418
18105,39.0,-86.5,0.052524080516756465
18105,39.0,-86.4,0.0529445400572364
18105,39.0,-86.3,0.016828080335840868
19011,42.3,-92.3,0.011416372812044955
19011,42.3,-92.2,0.02336609748624423
19011,42.3,-92.1,0.023313787078982958
19011,42.3,-92.0,0.0233555625376009
19011,42.3,-91.9,0.02367727255549706
19011,42.3,-91.8,0.004449451439822225
19011,42.2,-92.3,0.024167946164055706
19011,42.2,-92.2,0.049305803327478095
19011,42.2,-92.1,0.04930580332747742
19011,42.2,-92.0,0.049305803327478505
19011,42.2,-91.9,0.049305803327478345
19011,42.2,-91.8,0.008395276775385692
19011,42.1,-92.3,0.024222690427649025
19011,42.1,-92.2,0.049382606233013875
19011,42.1,-92.1,0.04938260623301533
19011,42.1,-92.0,0.04938260623301303
19011,42.1,-91.9,0.04938260623301434
19011,42.1,-91.8,0.0075740924037538985
19011,42.0,-92.3,0.023703315061704724
19011,42.0,-92.2,0.049459255527179495
19011,42.0,-92.1,0.04945925552718001
19011,42.0,-92.0,0.04945925552718004
19011,42.0,-91.9,0.04945925552717869
19011,42.0,-91.8,0.007692289242222976
19011,41.9,-92.3,0.020697849046635526
19011,41.9,-92.2,0.0432270312085385
19011,41.9,-92.1,0.04318769522418162
19011,41.9,-92.0,0.04343225315031012
19011,41.9,-91.9,0.04374408239265353
19011,41.9,-91.8,0.0077862746420291175
39015,39.3,-84.0,0.0009008296773154628
39015,39.3,-83.9,0.00025005495996901036
39015,39.2,-84.0,0.03500945537835451
39015,39.2,-83.9,0.06217665659233888
39015,39.1,-84.0,0.0446733809737336
39015,39.1,-83.9,0.06113419814230495
39015,39.0,-84.0,0.055152554898721666
39015,39.0,-83.9,0.0706451632270937
39015,39.0,-83.8,0.05300639069516134
39015,39.0,-83.7,0.039392946936237835
39015,38.9,-84.0,0.06493029227839897
39015,38.9,-83.9,0.0754278092203871
39015,38.9,-83.8,0.07542780922039068
39015,38.9,-83.7,0.050101115822295206
39015,38.8,-84.1,0.0001921374615488702
39015,38.8,-84.0,0.050863877636361146
39015,38.8,-83.9,0.06197321841935401
39015,38.8,-83.8,0.07553219042886489
39015,38.8,-83.7,0.04334562635138929
39015,38.7,-83.9,4.390760584280079e-06
39015,38.7,-83.8,0.041705737976594257
39015,38.7,-83.7,0.03675121758218972
39015,38.6,-83.8,2.626301256288257e-06
39015,38.6,-83.7,0.0014003190591543907
39057,39.9,-84.1,1.1623661275809301e-05
39057,39.9,-84.0,4.540557978853488e-06
39057,39.8,-84.1,0.036649392726428996
39057,39.8,-84.0,0.08576564941113148
39057,39.8,-83.9,0.06888086727805205
39057,39.8,-83.8,0.04414366361877227
39057,39.8,-83.7,0.026092114940010597
39057,39.8,-83.6,0.0003016817023405201
39057,39.7,-84.1,0.04924986001710123
39057,39.7,-84.0,0.08834463482883399
39057,39.7,-83.9,0.08834463482883251
39057,39.7,-83.8,0.08834463482883159
39057,39.7,-83.7,0.08386664304663502
39057,39.6,-84.1,0.04031247829125286
39057,39.6,-84.0,0.06998699033845873
39057,39.6,-83.9,0.07557796505935102
39057,39.6,-83.8,0.08111635322679926
39057,39.6,-83.7,0.07300627163791314
19005,43.5,-91.6,0.016211222249839084
19005,43.5,-91.5,0.02667255477398089
19005,43.5,-91.4,0.026743712556701608
19005,43.5,-91.3,0.026816676600292983
19005,43.5,-91.2,0.007370766905620393
19005,43.4,-91.6,0.03208581206162689
19005,43.4,-91.5,0.05274782078486001
19005,43.4,-91.4,0.0527478207848511
19005,43.4,-91.3,0.0527478207848518
19005,43.4,-91.2,0.022029584673996704
19005,43.3,-91.6,0.029050330484380806
19005,43.3,-91.5,0.052833562934619015
19005,43.3,-91.4,0.052833562934612166
19005,43.3,-91.3,0.05283356293461834
19005,43.3,-91.2,0.05079852995488134
19005,43.3,-91.1,0.025937622633850636
19005,43.2,-91.6,0.028831627166173646
19005,43.2,-91.5,0.052919140377261996
19005,43.2,-91.4,0.05291914037725488
19005,43.2,-91.3,0.052919140377252795
19005,43.2,-91.2,0.052919140377253024
19005,43.2,-91.1,0.02150591184198639
19005,43.1,-91.6,0.019938756976874125
19005,43.1,-91.5,0.03627387039638163
19005,43.1,-91.4,0.03638284536374691
19005,43.1,-91.3,0.03651606946541059
19005,43.1,-91.2,0.028409431118108692
19005,43.1,-91.1,3.962108711581026e-06
18107,40.2,-87.1,0.01969397266191665
18107,40.2,-87.0,0.046806897914464
18107,40.2,-86.9,0.04691536533264252
18107,40.2,-86.8,0.04678020702379042
18107,40.2,-86.7,0.025250010799548434
18107,40.1,-87.1,0.030342718899095934
18107,40.1,-87.0,0.07231851808226894
18107,40.1,-86.9,0.07231851808225952
18107,40.1,-86.8,0.0723185180822615
18107,40.1,-86.7,0.039246402007791885
18107,40.0,-87.1,0.02967917384578358
18107,40.0,-87.0,0.07242302285814306
18107,40.0,-86.9,0.07242302285813543
18107,40.0,-86.8,0.07242302285813731
18107,40.0,-86.7,0.039462999670412634
18107,39.9,-87.1,0.024781234899729204
18107,39.9,-87.0,0.06048030744544211
18107,39.9,-86.9,0.06097639450386161
18107,39.9,-86.8,0.06150970534248924
18107,39.9,-86.7,0.03384998683182607
18047,39.5,-85.3,0.034256401418491934
18047,39.5,-85.2,0.07170597123992868
18047,39.5,-85.1,0.07215238738426394
18047,39.5,-85.0,0.07044810145406148
18047,39.5,-84.9,0.06961820178597433
18047,39.5,-84.8,0.023424938819113214
18047,39.4,-85.3,0.04413815585587644
18047,39.4,-85.2,0.09438550995396178
18047,39.4,-85.1,0.09438550995396497
18047,39.4,-85.0,0.09438550995396579
18047,39.4,-84.9,0.0943855099539633
18047,39.4,-84.8,0.030847524431320904
18047,39.3,-85.3,0.0308779757624324
18047,39.3,-85.2,0.04125635476749589
18047,39.3,-85.1,0.03808477050843983
18047,39.3,-85.0,0.04085848526613764
18047,39.3,-84.9,0.04169972967158423
18047,39.3,-84.8,0.013088961819023236
19097,42.4,-90.7,0.0026535632581730297
19097,42.4,-90.6,0.017480505996629054
19097,42.4,-90.5,0.015568628010428713
19097,42.4,-90.4,0.0002891904968880309
19097,42.3,-90.9,0.01180314820972062
19097,42.3,-90.8,0.024435035258748346
19097,42.3,-90.7,0.02901216556720932
19097,42.3,-90.6,0.054441481902061155
19097,42.3,-90.5,0.054441481902061814
19097,42.3,-90.4,0.0137000087804626
19097,42.2,-90.9,0.02633480927112089
19097,42.2,-90.8,0.054526586786605
19097,42.2,-90.7,0.0545265867866061
19097,42.2,-90.6,0.054526586786604825
19097,42.2,-90.5,0.05452658678660603
19097,42.2,-90.4,0.04502024275550679
19097,42.2,-90.3,0.020522315720599562
19097,42.2,-90.2,0.0028096570255909613
19097,42.1,-90.9,0.02640752313044168
19097,42.1,-90.8,0.05461152202772191
19097,42.1,-90.7,0.05461152202772595
19097,42.1,-90.6,0.05461152202773051
19097,42.1,-90.5,0.0546115220277266
19097,42.1,-90.4,0.05461152202772279
19097,42.1,-90.3,0.0546115220277241
19097,42.1,-90.2,0.041480268733539424
19097,42.0,-90.9,0.004376043082151713
19097,42.0,-90.8,0.009280148951533862
19097,42.0,-90.7,0.009367002396167763
19097,42.0,-90.6,0.009402630018292417
19097,42.0,-90.5,0.00923228288804083
19097,42.0,-90.4,0.009058586810048386
19097,42.0,-90.3,0.009023741139027654
19097,42.0,-90.2,0.008084059382781608
19021,42.9,-95.4,0.013808682305646875
19021,42.9,-95.3,0.03623690095995018
19021,42.9,-95.2,0.03615125909881463
19021,42.9,-95.1,0.03612063913578486
19021,42.9,-95.0,0.03605432018068182
19021,42.9,-94.9,0.013027528365119357
19021,42.8,-95.4,0.022815115163503933
19021,42.8,-95.3,0.06046809010226196
19021,42.8,-95.2,0.06046809010226097
19021,42.8,-95.1,0.060468090102257566
19021,42.8,-95.0,0.060468090102257906
19021,42.8,-94.9,0.021855482292698944
19021,42.7,-95.4,0.022888400375129972
19021,42.7,-95.3,0.06056431076322924
19021,42.7,-95.2,0.060564310763233195
19021,42.7,-95.1,0.06056431076323719
19021,42.7,-95.0,0.06056431076323489
19021,42.7,-94.9,0.021405326742842637
19021,42.6,-95.4,0.020466751947911265
19021,42.6,-95.3,0.05403751656980628
19021,42.6,-95.2,0.053977116330717494
19021,42.6,-95.1,0.0539441569876666
19021,42.6,-95.0,0.0540992648713726
19021,42.6,-94.9,0.01898193521037964
18151,41.8,-85.2,0.004986644187307258
18151,41.8,-85.1,0.010818303710492218
18151,41.8,-85.0,0.010624434563758845
18151,41.8,-84.9,0.010803159663768738
18151,41.8,-84.8,0.004877825557221914
18151,41.7,-85.2,0.05048119537664462
18151,41.7,-85.1,0.11070210210236243
18151,41.7,-85.0,0.11070210210236037
18151,41.7,-84.9,0.11070210210235457
18151,41.7,-84.8,0.04864369822809581
18151,41.6,-85.2,0.04923986132891289
18151,41.6,-85.1,0.11087149789217288
18151,41.6,-85.0,0.11087149789217281
18151,41.6,-84.9,0.11087149789217735
18151,41.6,-84.8,0.04929843133129873
18151,41.5,-85.2,0.01142911174409582
18151,41.5,-85.1,0.02561852120500983
18151,41.5,-85.0,0.024807831647070625
18151,41.5,-84.9,0.023594722783197086
18151,41.5,-84.8,0.01005545868952522
19085,41.9,-96.1,0.005738711928560762
19085,41.9,-96.0,0.006976553283646654
19085,41.9,-95.9,0.006831871739253159
19085,41.9,-95.8,0.006768604110162587
19085,41.9,-95.7,0.00670063800248071
19085,41.9,-95.6,0.00626118579777527
19085,41.8,-96.1,0.019021834614026546
19085,41.8,-96.0,0.05081277406675704
19085,41.8,-95.9,0.05081277406675338
19085,41.8,-95.8,0.05081277406675334
19085,41.8,-95.7,0.050812774066750624
19085,41.8,-95.6,0.04711486522382526
19085,41.7,-96.1,0.025855112923098174
19085,41.7,-96.0,0.05089080510336763
19085,41.7,-95.9,0.050890805103357424
19085,41.7,-95.8,0.050890805103356855
19085,41.7,-95.7,0.050890805103358534
19085,41.7,-95.6,0.046968326649626926
19085,41.6,-96.1,0.025480245742810225
19085,41.6,-96.0,0.05096867795276125
19085,41.6,-95.9,0.05096867795275634
19085,41.6,-95.8,0.05096867795275575
19085,41.6,-95.7,0.050968677952755816
19085,41.6,-95.6,0.049037756173494214
19085,41.6,-95.5,0.013881064428695154
19085,41.5,-96.1,0.006602392443312147
19085,41.5,-96.0,0.015361765025439702
19085,41.5,-95.9,0.02216784870273082
19085,41.5,-95.8,0.022192289710564837
19085,41.5,-95.7,0.02230623583823411
19085,41.5,-95.6,0.02240903636104496
19085,41.5,-95.5,0.011634632809733763
19007,40.9,-93.1,0.016155569375039598
19007,40.9,-93.0,0.03386145306287686
19007,40.9,-92.9,0.03397685729766381
19007,40.9,-92.8,0.03395260188265955
19007,40.9,-92.7,0.03406886720471865
19007,40.9,-92.6,0.0037787342145935597
19007,40.8,-93.1,0.033326144923636954
19007,40.8,-93.0,0.07009250727467844
19007,40.8,-92.9,0.07009250727468333
19007,40.8,-92.8,0.07009250727468692
19007,40.8,-92.7,0.07009250727468697
19007,40.8,-92.6,0.007811046836587978
19007,40.7,-93.1,0.033246623423572784
19007,40.7,-93.0,0.0701963698007974
19007,40.7,-92.9,0.07019636980079745
19007,40.7,-92.8,0.07019636980079964
19007,40.7,-92.7,0.07019636980079846
19007,40.7,-92.6,0.00828195336572286
19007,40.6,-93.1,0.021731168015540724
19007,40.6,-93.0,0.044681851105644904
19007,40.6,-92.9,0.043582264829741195
19007,40.6,-92.8,0.04308300832262927
19007,40.6,-92.7,0.042337860642274745
19007,40.6,-92.6,0.004968487195167968
18055,39.2,-87.2,0.012740131624834866
18055,39.2,-87.1,0.012627616705883615
18055,39.2,-87.0,0.012290974124579123
18055,39.2,-86.9,0.012020134344720598
18055,39.2,-86.8,0.01140987898741309
18055,39.2,-86.7,0.0072948928022621914
18055,39.1,-87.2,0.06173505970374859
18055,39.1,-87.1,0.06791536263981988
18055,39.1,-87.0,0.06791536263982917
18055,39.1,-86.9,0.06791536263981957
18055,39.1,-86.8,0.067915362639822
18055,39.1,-86.7,0.0458604805770342
18055,39.0,-87.2,0.06175456405125751
18055,39.0,-87.1,0.06801003041411428
18055,39.0,-87.0,0.06801003041412135
18055,39.0,-86.9,0.06801003041411244
18055,39.0,-86.8,0.06801003041411083
18055,39.0,-86.7,0.046078296127488046
18055,38.9,-87.2,0.026200406478143822
18055,38.9,-87.1,0.030985446074972275
18055,38.9,-87.0,0.03212944602055689
18055,38.9,-86.9,0.03129111288540765
18055,38.9,-86.8,0.0310676437817169
18055,38.9,-86.7,0.02081234349423118
18095,40.4,-85.9,0.0027662378979309457
18095,40.4,-85.8,0.02310384078729262
18095,40.4,-85.7,0.02321385444682145
18095,40.4,-85.6,0.017023662457904834
18095,40.3,-85.9,0.008893409971080605
18095,40.3,-85.8,0.08048532935071313
18095,40.3,-85.7,0.08048532935071562
18095,40.3,-85.6,0.058739113427597564
18095,40.2,-85.9,0.00986654637903365
18095,40.2,-85.8,0.08060247391449667
18095,40.2,-85.7,0.08060247391449467
18095,40.2,-85.6,0.0598681210622824
18095,40.1,-85.9,0.01062679665140259
18095,40.1,-85.8,0.08071936861972223
18095,40.1,-85.7,0.08071936861972252
18095,40.1,-85.6,0.059651798545787796
18095,40.0,-85.9,0.009951440950612827
18095,40.0,-85.8,0.08083601314937058
18095,40.0,-85.7,0.08083601314936753
18095,40.0,-85.6,0.05961998315460048
18095,39.9,-85.9,0.000634923062869177
18095,39.9,-85.8,0.0044526631131517605
18095,39.9,-85.7,0.00375909515651343
18095,39.9,-85.6,0.00254214286651494
18031,39.5,-85.6,0.002346622315992887
18031,39.5,-85.5,0.0027166041660472515
18031,39.5,-85.4,0.003067476181303315
18031,39.5,-85.3,0.0016209743108632094
18031,39.4,-85.7,3.271636437219565e-05
18031,39.4,-85.6,0.07929487465191931
18031,39.4,-85.5,0.09890389319922237
18031,39.4,-85.4,0.09890389319922166
18031,39.4,-85.3,0.0526527741989668
18031,39.3,-85.7,0.035474007893262105
18031,39.3,-85.6,0.09904325833397189
18031,39.3,-85.5,0.09904325833397042
18031,39.3,-85.4,0.09904325833397581
18031,39.3,-85.3,0.04963601192769645
18031,39.2,-85.7,0.03679532217296112
18031,39.2,-85.6,0.09918231694584921
18031,39.2,-85.5,0.08260596584507904
18031,39.2,-85.4,0.03392492925780131
18031,39.2,-85.3,0.0007930993405285787
18031,39.1,-85.7,0.006921558805831643
18031,39.1,-85.6,0.01716688201365678
18031,39.1,-85.5,0.0008303022075066228
17115,40.1,-89.0,0.0005261875966428291
17115,40.1,-88.9,0.0021581028265113657
17115,40.1,-88.8,0.0031568781155051095
17115,40.1,-88.7,0.00015710564126780434
17115,40.0,-89.1,0.0584253024964414
17115,40.0,-89.0,0.06246162208464551
17115,40.0,-88.9,0.06249997121664082
17115,40.0,-88.8,0.06249997121664627
17115,40.0,-88.7,0.0029574763505179156
17115,39.9,-89.2,0.02851878633609865
17115,39.9,-89.1,0.06129685258463981
17115,39.9,-89.0,0.06258996358203417
17115,39.9,-88.9,0.06258996358203102
17115,39.9,-88.8,0.06258996358203125
17115,39.9,-88.7,0.0028147361303112253
17115,39.8,-89.2,0.01601561357032665
17115,39.8,-89.1,0.05992735468884413
17115,39.8,-89.0,0.06267976203110334
17115,39.8,-88.9,0.06267976203110143
17115,39.8,-88.8,0.06049733424174531
17115,39.8,-88.7,0.0015314049088977356
17115,39.7,-89.1,0.05370882123856299
17115,39.7,-89.0,0.06020509830851131
17115,39.7,-88.9,0.06092323944925716
17115,39.7,-88.8,0.026588726189684726
17051,39.2,-89.3,0.00020424239105977228
17051,39.2,-89.2,0.03452833764525117
17051,39.2,-89.1,0.034142974900398367
17051,39.2,-89.0,0.03365059976671383
17051,39.2,-88.9,0.033932306895910466
17051,39.2,-88.8,0.015079225034870974
17051,39.1,-89.3,0.0002986917890774626
17051,39.1,-89.2,0.051120850492135356
17051,39.1,-89.1,0.05112085049213509
17051,39.1,-89.0,0.05112085049213489
17051,39.1,-88.9,0.051120850492133336
17051,39.1,-88.8,0.022643055888945433
17051,39.0,-89.3,0.001911677036058639
17051,39.0,-89.2,0.05119210825986028
17051,39.0,-89.1,0.05119210825986078
17051,39.0,-89.0,0.05119210825986157
17051,39.0,-88.9,0.051192108259860584
17051,39.0,-88.8,0.022461172733782304
17051,38.9,-89.3,0.0033063170249183703
17051,38.9,-89.2,0.051263207682093706
17051,38.9,-89.1,0.05126320768208916
17051,38.9,-89.0,0.05126320768209065
17051,38.9,-88.9,0.05126320768209304
17051,38.9,-88.8,0.04034054918503066
17051,38.9,-88.7,0.018300418430508354
17051,38.8,-89.3,0.0025057433294696035
17051,38.8,-89.2,0.05133414856746308
17051,38.8,-89.1,0.017989660292516047
17051,38.8,-89.0,0.013691461635751835
17051,38.8,-88.9,0.01318555545026692
17051,38.8,-88.8,0.01297848734376245
17051,38.8,-88.7,0.006820953802768225
17051,38.7,-89.3,0.00017337134269471415
17051,38.7,-89.2,0.005416735501063892
17051,38.7,-89.1,0.0007996482753689715
17139,39.8,-88.8,0.0037107895031237037
17139,39.8,-88.7,0.0450157215374227
17139,39.8,-88.6,0.04493347548701666
17139,39.8,-88.5,0.034410706433304385
17139,39.7,-88.8,0.06019804934301509
17139,39.7,-88.7,0.10672697021056189
17139,39.7,-88.6,0.10672697021056815
17139,39.7,-88.5,0.08283492582806119
17139,39.6,-88.8,0.044720406592543664
17139,39.6,-88.7,0.09654764318339158
17139,39.6,-88.6,0.10687899415203822
17139,39.6,-88.5,0.08374320431810245
17139,39.5,-88.7,0.020801286325920723
17139,39.5,-88.6,0.07494760535385282
17139,39.5,-88.5,0.08468638304394956
17139,39.4,-88.6,0.0008790202949327963
17139,39.4,-88.5,0.0022378481821943453
17193,38.3,-88.4,0.0008408463699349518
17193,38.3,-88.3,0.004660428063351854
17193,38.3,-88.2,0.004932530557720737
17193,38.3,-88.1,0.004427552079701037
17193,38.3,-88.0,0.0038909975109882662
17193,38.2,-88.4,0.01577320705243414
17193,38.2,-88.3,0.07479827531892519
17193,38.2,-88.2,0.07479827531892343
17193,38.2,-88.1,0.07479827531892073
17193,38.2,-88.0,0.06012711860209535
17193,38.2,-87.9,0.005094092879907135
17193,38.1,-88.4,0.01697223559480908
17193,38.1,-88.3,0.07489918738290235
17193,38.1,-88.2,0.07489918738290637
17193,38.1,-88.1,0.07489918738290076
17193,38.1,-88.0,0.05578701694047936
17193,38.1,-87.9,0.002656086654816579
17193,38.0,-88.4,0.018182501461738457
17193,38.0,-88.3,0.07499986814621581
17193,38.0,-88.2,0.07499986814621105
17193,38.0,-88.1,0.07499986814621715
17193,38.0,-88.0,0.019976471879952905
17193,37.9,-88.4,0.00761471785810998
17193,37.9,-88.3,0.03096793403202521
17193,37.9,-88.2,0.03149198516130171
17193,37.9,-88.1,0.03375924826959128
17193,37.9,-88.0,0.008753036486919176
39113,39.9,-84.5,0.018929936411961487
39113,39.9,-84.4,0.055295480086242056
39113,39.9,-84.3,0.05640676024788609
39113,39.9,-84.2,0.0534818017374767
39113,39.9,-84.1,0.025240191691503183
39113,39.8,-84.5,0.026049985751140255
39113,39.8,-84.4,0.07908138746231207
39113,39.8,-84.3,0.07908138746231036
39113,39.8,-84.2,0.07908138746230518
39113,39.8,-84.1,0.046227914296520775
39113,39.7,-84.5,0.024536559026097367
39113,39.7,-84.4,0.07919443880980946
39113,39.7,-84.3,0.07919443880981387
39113,39.7,-84.2,0.07919443880981566
39113,39.7,-84.1,0.03504557755669026
39113,39.6,-84.5,0.014081809840479612
39113,39.6,-84.4,0.04769848274225132
39113,39.6,-84.3,0.04828663120533975
39113,39.6,-84.2,0.05242193958727459
39113,39.6,-84.1,0.021469451002769945
39045,39.9,-82.8,0.03362668553815599
39045,39.9,-82.7,0.06161656414145543
39045,39.9,-82.6,0.058254544952388174
39045,39.9,-82.5,0.046046855456274446
39045,39.8,-82.8,0.04967025774642187
39045,39.8,-82.7,0.07219328527496725
39045,39.8,-82.6,0.07219328527497544
39045,39.8,-82.5,0.07005270623534689
39045,39.8,-82.4,0.030617705015894683
39045,39.7,-82.8,0.06005480794806621
39045,39.7,-82.7,0.07229648968808117
39045,39.7,-82.6,0.07229648968808922
39045,39.7,-82.5,0.06920011010481672
39045,39.7,-82.4,0.052124866725520615
39045,39.6,-82.8,0.05875992099349973
39045,39.6,-82.7,0.06175564327533631
39045,39.6,-82.6,0.040592138823852014
39045,39.6,-82.5,0.018647643116857956
39143,41.5,-83.4,0.028587526819962572
39143,41.5,-83.3,0.011119090534829103
39143,41.5,-83.2,0.007031549308148179
39143,41.5,-83.1,0.00639293164260292
39143,41.5,-83.0,0.0013363432550269278
39143,41.4,-83.4,0.05756201506097421
39143,41.4,-83.3,0.08712026892994634
39143,41.4,-83.2,0.08712026892994101
39143,41.4,-83.1,0.08712026892994153
39143,41.4,-83.0,0.0806845738820912
39143,41.4,-82.9,0.06652201846303785
39143,41.4,-82.8,0.0029120666112567467
39143,41.3,-83.4,0.05699702877613974
39143,41.3,-83.3,0.08369446973305755
39143,41.3,-83.2,0.08354047834561162
39143,41.3,-83.1,0.08148449505070832
39143,41.3,-83.0,0.08190713475427482
39143,41.3,-82.9,0.0822721532159151
39143,41.3,-82.8,0.006595317756534289
39147,41.3,-83.4,0.002038351357521548
39147,41.3,-83.3,0.0026490537465016
39147,41.3,-83.2,0.0027637155931483606
39147,41.3,-83.1,0.004294598879464567
39147,41.3,-83.0,0.003979901741637337
39147,41.3,-82.9,0.003708109328003082
39147,41.3,-82.8,0.0003493713502492843
39147,41.2,-83.4,0.045961241112550906
39147,41.2,-83.3,0.06506588457203345
39147,41.2,-83.2,0.06506588457203122
39147,41.2,-83.1,0.06506588457203238
39147,41.2,-83.0,0.06506588457203395
39147,41.2,-82.9,0.06506588457203587
39147,41.2,-82.8,0.007931781875808435
39147,41.1,-83.4,0.04627896882841454
39147,41.1,-83.3,0.065163687500166
39147,41.1,-83.2,0.06516368750015956
39147,41.1,-83.1,0.06516368750015686
39147,41.1,-83.0,0.06516368750016048
39147,41.1,-82.9,0.06516368750016255
39147,41.1,-82.8,0.010718600749966934
39147,41.0,-83.4,0.026637852161364488
39147,41.0,-83.3,0.03737462144368735
39147,41.0,-83.2,0.03708910090197855
39147,41.0,-83.1,0.03686600325106611
39147,41.0,-83.0,0.036745934934283735
39147,41.0,-82.9,0.0366962394744399
39147,41.0,-82.8,0.0067686929089409
39003,40.9,-84.3,0.0076639780880293756
39003,40.9,-84.2,0.00872587531946345
39003,40.9,-84.1,0.032919670757064715
39003,40.9,-84.0,0.05481945091082886
39003,40.9,-83.9,0.043500853049106565
39003,40.8,-84.4,0.027704375806750798
39003,40.8,-84.3,0.08598726728789746
39003,40.8,-84.2,0.08891353110867993
39003,40.8,-84.1,0.08891353110868255
39003,40.8,-84.0,0.0889135311086821
39003,40.8,-83.9,0.06221519069098738
39003,40.7,-84.4,0.02716125192443351
39003,40.7,-84.3,0.05726883462273619
39003,40.7,-84.2,0.0757213663223321
39003,40.7,-84.1,0.0861792653996625
39003,40.7,-84.0,0.0890452824799151
39003,40.7,-83.9,0.06235026579470661
39003,40.6,-84.1,0.00336819359975827
39003,40.6,-84.0,0.0052533463321542935
39003,40.6,-83.9,0.0033749382881283017
39109,40.2,-84.4,0.03482924556664413
39109,40.2,-84.3,0.043083660309258504
39109,40.2,-84.2,0.04046049408052117
39109,40.2,-84.1,0.03414291739600401
39109,40.2,-84.0,0.00790377223823778
39109,40.1,-84.4,0.07147028628041724
39109,40.1,-84.3,0.08924746917056882
39109,40.1,-84.2,0.08924746917056697
39109,40.1,-84.1,0.0892474691705702
39109,40.1,-84.0,0.017196291527384083
39109,40.0,-84.4,0.06950640130041344
39109,40.0,-84.3,0.08937643733820784
39109,40.0,-84.2,0.08937643733820577
39109,40.0,-84.1,0.08937643733820284
39109,40.0,-84.0,0.009142037936139725
39109,39.9,-84.4,0.020339361665876497
39109,39.9,-84.3,0.025571782136111144
39109,39.9,-84.2,0.028887029898427577
39109,39.9,-84.1,0.060218618187021844
39109,39.9,-84.0,0.0013763819512204098
39023,40.0,-84.0,0.07230942287833049
39023,40.0,-83.9,0.07498755258125606
39023,40.0,-83.8,0.0698549276359608
39023,40.0,-83.7,0.06424872854989887
39023,40.0,-83.6,0.0588373881681644
39023,40.0,-83.5,0.01692471879845001
39023,39.9,-84.1,0.0006782371902886835
39023,39.9,-84.0,0.08966176784993692
39023,39.9,-83.9,0.09106685949766417
39023,39.9,-83.8,0.09106685949766215
39023,39.9,-83.7,0.09106685949765626
39023,39.9,-83.6,0.08815967953202064
39023,39.9,-83.5,0.005399740697465059
39023,39.8,-84.0,0.0025357014213664747
39023,39.8,-83.9,0.019990654538220184
39023,39.8,-83.8,0.04556319238393828
39023,39.8,-83.7,0.06422429421463145
39023,39.8,-83.6,0.05342341506708911
39083,40.6,-82.6,3.226436622616036e-06
39083,40.6,-82.5,0.00035159000556838076
39083,40.6,-82.4,0.0007999911431194154
39083,40.6,-82.3,0.0062404284693746296
39083,40.6,-82.2,0.009153851154914365
39083,40.5,-82.6,0.060379097209156116
39083,40.5,-82.5,0.06862302301430828
39083,40.5,-82.4,0.06862302301430752
39083,40.5,-82.3,0.06862302301430957
39083,40.5,-82.2,0.04651178201136351
39083,40.4,-82.6,0.06342963410793849
39083,40.4,-82.5,0.06872362128645443
39083,40.4,-82.4,0.06872362128645768
39083,40.4,-82.3,0.06872362128645249
39083,40.4,-82.2,0.04306375234509611
39083,40.3,-82.8,2.6566794885110644e-05
39083,40.3,-82.7,0.048860540460467124
39083,40.3,-82.6,0.05452787234001837
39083,40.3,-82.5,0.060516118629540774
39083,40.3,-82.4,0.06882400644574704
39083,40.3,-82.3,0.0688240064457481
39083,40.3,-82.2,0.03940943183795586
39083,40.2,-82.5,0.0009038000815238032
39083,40.2,-82.4,0.005218993656578532
39083,40.2,-82.3,0.007018195858919802
39083,40.2,-82.2,0.0038971816631718555
27101,44.2,-96.1,0.0030644626320881522
27101,44.2,-96.0,0.022145860091651436
27101,44.2,-95.9,0.022085558557501703
27101,44.2,-95.8,0.022018355549264124
27101,44.2,-95.7,0.02181047663403578
27101,44.2,-95.6,0.02165080507940923
27101,44.2,-95.5,0.019048501686909438
27101,44.1,-96.1,0.006745616542323368
27101,44.1,-96.0,0.047734987885448825
27101,44.1,-95.9,0.047734987885443426
27101,44.1,-95.8,0.04773498788544307
27101,44.1,-95.7,0.04773498788544067
27101,44.1,-95.6,0.047734987885443406
27101,44.1,-95.5,0.04184194976651361
27101,44.0,-96.1,0.006857570151278071
27101,44.0,-96.0,0.047814530973069834
27101,44.0,-95.9,0.04781453097306026
27101,44.0,-95.8,0.04781453097306034
27101,44.0,-95.7,0.04781453097306499
27101,44.0,-95.6,0.0478145309730624
27101,44.0,-95.5,0.04192094585800538
27101,43.9,-96.1,0.006821920662133724
27101,43.9,-96.0,0.047893924809036814
27101,43.9,-95.9,0.047893924809030645
27101,43.9,-95.8,0.047893924809032005
27101,43.9,-95.7,0.04789392480903177
27101,43.9,-95.6,0.04789392480903311
27101,43.9,-95.5,0.04189547908086933
27101,43.8,-96.1,6.623507698090938e-05
27101,43.8,-96.0,0.0005125394077404459
27101,43.8,-95.9,0.0006595628927400557
27101,43.8,-95.8,0.0008531312618643655
27101,43.8,-95.7,0.0009214445146199007
27101,43.8,-95.6,0.0009833224568173444
27101,43.8,-95.5,0.0008790437595520473
19093,42.6,-95.7,0.008481355827456141
19093,42.6,-95.6,0.009557506776982005
19093,42.6,-95.5,0.00964827222796632
19093,42.6,-95.4,0.005946593942165544
19093,42.5,-95.7,0.06007761931840571
19093,42.5,-95.6,0.08159188800922688
19093,42.5,-95.5,0.08159188800922858
19093,42.5,-95.4,0.05838559114806673
19093,42.5,-95.3,0.0055786018402374515
19093,42.4,-95.7,0.01612818014290132
19093,42.4,-95.6,0.08172034564365868
19093,42.4,-95.5,0.08172034564365883
19093,42.4,-95.4,0.08172034564365947
19093,42.4,-95.3,0.02235369240633601
19093,42.3,-95.7,0.016687048702050095
19093,42.3,-95.6,0.08184854893622304
19093,42.3,-95.5,0.08184854893622844
19093,42.3,-95.4,0.08184854893623218
19093,42.3,-95.3,0.02208905260337415
19093,42.2,-95.7,0.00647477258134868
19093,42.2,-95.6,0.03189735213740715
19093,42.2,-95.5,0.03208831361257224
19093,42.2,-95.4,0.0321395777690941
19093,42.2,-95.3,0.008576009205520183
39077,41.3,-82.8,0.02559441160635483
39077,41.3,-82.7,0.027047281329024665
39077,41.3,-82.6,0.02628830850194285
39077,41.3,-82.5,0.025333698659032025
39077,41.3,-82.4,0.024654633140932185
39077,41.3,-82.3,0.0020044560002371475
39077,41.2,-82.8,0.06373017697865899
39077,41.2,-82.7,0.07257767503755534
39077,41.2,-82.6,0.07257767503755941
39077,41.2,-82.5,0.07257767503755523
39077,41.2,-82.4,0.0725776750375582
39077,41.2,-82.3,0.006621347767630916
39077,41.1,-82.8,0.06073071686549088
39077,41.1,-82.7,0.07268676921466101
39077,41.1,-82.6,0.07268676921467401
39077,41.1,-82.5,0.07268676921466374
39077,41.1,-82.4,0.06288332268530318
39077,41.1,-82.3,0.007127660104385596
39077,41.0,-82.8,0.031578699797818494
39077,41.0,-82.7,0.03971565996329483
39077,41.0,-82.6,0.04050151835910636
39077,41.0,-82.5,0.04136849074192425
39077,41.0,-82.4,0.006448609704635783
29115,40.0,-93.4,0.005743069193219584
29115,40.0,-93.3,0.04956100022455649
29115,40.0,-93.2,0.05052415397773944
29115,40.0,-93.1,0.0512158310568741
29115,40.0,-93.0,0.051027426801548245
29115,40.0,-92.9,0.05111037938243027
29115,40.0,-92.8,0.0006288881145884164
29115,39.9,-93.4,0.007063847737399705
29115,39.9,-93.3,0.059011319346305977
29115,39.9,-93.2,0.05901131934630474
29115,39.9,-93.1,0.05901131934630453
29115,39.9,-93.0,0.059011319346306906
29115,39.9,-92.9,0.0576638723379246
29115,39.8,-93.4,0.008221129532869733
29115,39.8,-93.3,0.05909598347856336
29115,39.8,-93.2,0.059095983478564075
29115,39.8,-93.1,0.0590959834785618
29115,39.8,-93.0,0.0590959834785618
29115,39.8,-92.9,0.05575843534317542
29115,39.7,-93.4,0.004001450261623408
29115,39.7,-93.3,0.02746464447695926
29115,39.7,-93.2,0.02705992327216809
29115,39.7,-93.1,0.026198649618646784
29115,39.7,-93.0,0.027464662496723264
29115,39.7,-92.9,0.02686342487207997
29133,37.1,-89.3,0.008854933508659454
29133,37.1,-89.2,0.0005631477947761013
29133,37.0,-89.4,0.015351444002676672
29133,37.0,-89.3,0.05517481516463844
29133,37.0,-89.2,0.04909218878238477
29133,37.0,-89.1,0.012987549345989136
29133,36.9,-89.5,0.034226683395562625
29133,36.9,-89.4,0.08646374918568524
29133,36.9,-89.3,0.0890254266479482
29133,36.9,-89.2,0.08902542664793361
29133,36.9,-89.1,0.030467984608615724
29133,36.8,-89.5,0.0173611912559745
29133,36.8,-89.4,0.08540962153740939
29133,36.8,-89.3,0.08913994848601389
29133,36.8,-89.2,0.07478470814039681
29133,36.8,-89.1,0.009796348543389911
29133,36.7,-89.4,0.027957369254668078
29133,36.7,-89.3,0.08850926770187904
29133,36.7,-89.2,0.06020439096858266
29133,36.6,-89.3,0.040565144299455715
29133,36.6,-89.2,0.035038660727360026
18153,39.3,-87.6,0.0032396506011396547
18153,39.3,-87.5,0.00761634748257241
18153,39.3,-87.4,0.00743159567614958
18153,39.3,-87.3,0.0074428802893930866
18153,39.3,-87.2,0.0007071748106501553
18153,39.2,-87.7,1.5832186651091298e-05
18153,39.2,-87.6,0.04056440208950777
18153,39.2,-87.5,0.08152173038242211
18153,39.2,-87.4,0.08152173038241955
18153,39.2,-87.3,0.08152173038241771
18153,39.2,-87.2,0.007624228987274251
18153,39.1,-87.7,0.0011329381173092801
18153,39.1,-87.6,0.05692504401676615
18153,39.1,-87.5,0.08163577571000673
18153,39.1,-87.4,0.08163577571000691
18153,39.1,-87.3,0.08163577571001106
18153,39.1,-87.2,0.007428861522610512
18153,39.0,-87.6,0.013277860432504965
18153,39.0,-87.5,0.07592057472204786
18153,39.0,-87.4,0.08174956847925818
18153,39.0,-87.3,0.08174956847925456
18153,39.0,-87.2,0.007519209632551721
18153,38.9,-87.5,0.027727456884928853
18153,38.9,-87.4,0.03934989862118886
18153,38.9,-87.3,0.0395265341948313
18153,38.9,-87.2,0.0035778544961257495
27059,45.7,-93.5,0.03861954300654029
27059,45.7,-93.4,0.060187418137560005
27059,45.7,-93.3,0.059873020922690104
27059,45.7,-93.2,0.05972910147386132
27059,45.7,-93.1,0.004950696703510988
27059,45.6,-93.5,0.04582264987745979
27059,45.6,-93.4,0.07413855798435243
27059,45.6,-93.3,0.0741385579843522
27059,45.6,-93.2,0.07413855798435222
27059,45.6,-93.1,0.011432793492846623
27059,45.6,-93.0,0.0015377895771059478
27059,45.5,-93.5,0.04498579331305323
27059,45.5,-93.4,0.07426883890399766
27059,45.5,-93.3,0.07426883890399534
27059,45.5,-93.2,0.07426883890399737
27059,45.5,-93.1,0.07426883890399685
27059,45.5,-93.0,0.02090074194129335
27059,45.4,-93.5,0.0160197338210963
27059,45.4,-93.4,0.02699015687955224
27059,45.4,-93.3,0.02702067243991202
27059,45.4,-93.2,0.026793685592813605
27059,45.4,-93.1,0.027314532064183553
27059,45.4,-93.0,0.008330641187476496
27093,45.3,-94.8,0.005279105974058752
27093,45.3,-94.7,0.039615880691636914
27093,45.3,-94.6,0.03955274723306961
27093,45.3,-94.5,0.03968596529935055
27093,45.3,-94.4,0.03224162323513072
27093,45.3,-94.3,0.015391802641878087
27093,45.2,-94.8,0.004183253750366232
27093,45.2,-94.7,0.05230274679173087
27093,45.2,-94.6,0.05230274679173108
27093,45.2,-94.5,0.05230274679173038
27093,45.2,-94.4,0.05230274679173237
27093,45.2,-94.3,0.04890426923670571
27093,45.1,-94.8,0.0037017779728833406
27093,45.1,-94.7,0.05239336367904262
27093,45.1,-94.6,0.05239336367904373
27093,45.1,-94.5,0.05239336367904102
27093,45.1,-94.4,0.052393363679039774
27093,45.1,-94.3,0.049266991329059935
27093,45.0,-94.8,0.003937879264576547
27093,45.0,-94.7,0.05248381669230087
27093,45.0,-94.6,0.05248381669230081
27093,45.0,-94.5,0.044426630722954594
27093,45.0,-94.4,0.0372613483384869
27093,45.0,-94.3,0.03484779716748931
27093,44.9,-94.8,0.002412328220981366
27093,44.9,-94.7,0.030484148243093465
27093,44.9,-94.6,0.03051080782931195
27093,44.9,-94.5,0.01454356758127251
27117,44.2,-96.5,0.0009789501705634988
27117,44.2,-96.4,0.034690223621149194
27117,44.2,-96.3,0.0349272724443074
27117,44.2,-96.2,0.034787062474220386
27117,44.2,-96.1,0.02964632847380527
27117,44.1,-96.5,0.0022314037200781974
27117,44.1,-96.4,0.07372998256202962
27117,44.1,-96.3,0.07372998256202536
27117,44.1,-96.2,0.07372998256202913
27117,44.1,-96.1,0.06331091235656164
27117,44.0,-96.5,0.0024048111990170834
27117,44.0,-96.4,0.07385284234942818
27117,44.0,-96.3,0.07385284234943215
27117,44.0,-96.2,0.07385284234942503
27117,44.0,-96.1,0.0632608520699884
27117,43.9,-96.5,0.0024246721457373507
27117,43.9,-96.4,0.07397547160735736
27117,43.9,-96.3,0.07397547160735533
27117,43.9,-96.2,0.07397547160735575
27117,43.9,-96.1,0.06343854442375974
27117,43.8,-96.5,1.2110412371785855e-05
27117,43.8,-96.4,0.0005709376472393544
27117,43.8,-96.3,0.0008852847761372415
27117,43.8,-96.2,0.0010122100904011513
27117,43.8,-96.1,0.0007435344182243664
27143,44.7,-94.6,0.030024782695074897
27143,44.7,-94.5,0.019768082578865726
27143,44.7,-94.3,0.001683144227484163
27143,44.7,-94.2,0.03837788700762188
27143,44.7,-94.1,0.03817961735042817
27143,44.7,-94.0,0.038165365293892035
27143,44.7,-93.9,0.02847098524264695
27143,44.7,-93.8,0.01095218632280707
27143,44.6,-94.6,0.04496101772912881
27143,44.6,-94.5,0.05127631006431456
27143,44.6,-94.4,0.04556495056869088
27143,44.6,-94.3,0.04616080427588688
27143,44.6,-94.2,0.0567193793647519
27143,44.6,-94.1,0.05671937936475126
27143,44.6,-94.0,0.05671937936475404
27143,44.6,-93.9,0.04250130980392128
27143,44.6,-93.8,0.009779076845727961
27143,44.5,-94.6,0.03987980734618911
27143,44.5,-94.5,0.05323707723914887
27143,44.5,-94.4,0.053114586366021364
27143,44.5,-94.3,0.0530306971004759
27143,44.5,-94.2,0.05297345812482888
27143,44.5,-94.1,0.05298766277927913
27143,44.5,-94.0,0.05307759644963674
27143,44.5,-93.9,0.025675456493671606
29017,37.6,-90.1,0.027275021350133405
29017,37.6,-90.0,0.029400233866353716
29017,37.6,-89.9,0.02644478159964935
29017,37.5,-90.1,0.05599207555252662
29017,37.5,-90.0,0.0609993841696955
29017,37.5,-89.9,0.053708091662364475
29017,37.4,-90.1,0.058161833793402035
29017,37.4,-90.0,0.06107960248090979
29017,37.4,-89.9,0.05345003538134235
29017,37.3,-90.2,0.026460404385282386
29017,37.3,-90.1,0.060125566321832066
29017,37.3,-90.0,0.06115963240440355
29017,37.3,-89.9,0.05340590667566121
29017,37.2,-90.2,0.04288892157790899
29017,37.2,-90.1,0.06123947372689971
29017,37.2,-90.0,0.06123947372689824
29017,37.2,-89.9,0.05172125851647648
29017,37.1,-90.2,0.02814098549596947
29017,37.1,-90.1,0.05273678118188628
29017,37.1,-90.0,0.05586766866598422
29017,37.1,-89.9,0.01190922894773562
29017,37.0,-90.1,0.003404914008632102
29017,37.0,-90.0,0.003188724508052494
29219,39.0,-91.3,0.005197023682551451
29219,39.0,-91.2,0.02198719694194007
29219,38.9,-91.3,0.012559151055298508
29219,38.9,-91.2,0.0789298893452151
29219,38.9,-91.1,0.03895681600525348
29219,38.9,-91.0,0.01685706989610987
29219,38.8,-91.4,0.0538620186119186
29219,38.8,-91.3,0.08107252662617591
29219,38.8,-91.2,0.08504969943227238
29219,38.8,-91.1,0.08504969943227135
29219,38.8,-91.0,0.07538081783894697
29219,38.7,-91.4,0.026828830872436975
29219,38.7,-91.3,0.0506244811356427
29219,38.7,-91.2,0.08414311178849353
29219,38.7,-91.1,0.0851669703212184
29219,38.7,-91.0,0.07408208707791049
29219,38.6,-91.2,0.02591233982178918
29219,38.6,-91.1,0.03923774221822083
29219,38.6,-91.0,0.05903905052534122
29219,38.5,-91.0,6.34773709930896e-05
29175,39.6,-92.7,0.021774680594412493
29175,39.6,-92.6,0.044576535268769785
29175,39.6,-92.5,0.04365847782895788
29175,39.6,-92.4,0.042779119673016515
29175,39.6,-92.3,0.020279462910772723
29175,39.5,-92.7,0.03846645460424406
29175,39.5,-92.6,0.07558944853980759
29175,39.5,-92.5,0.07558944853980945
29175,39.5,-92.4,0.07558944853980532
29175,39.5,-92.3,0.034270371750301974
29175,39.4,-92.7,0.04105493367189862
29175,39.4,-92.6,0.07569634631061248
29175,39.4,-92.5,0.07569634631060665
29175,39.4,-92.4,0.07569634631061095
29175,39.4,-92.3,0.03176426647883479
29175,39.3,-92.7,0.015425612294327574
29175,39.3,-92.6,0.04276905485113625
29175,39.3,-92.5,0.06274609313090823
29175,39.3,-92.4,0.07557540424976027
29175,39.3,-92.3,0.028863768687895305
29175,39.2,-92.4,0.001265681486036209
29175,39.2,-92.3,0.0008726979674749715
29111,40.3,-92.0,4.540284834494554e-05
29111,40.3,-91.9,0.004412986374750681
29111,40.3,-91.8,0.003636569455022473
29111,40.3,-91.7,0.001918031831032678
29111,40.3,-91.6,0.0003994731568578753
29111,40.2,-92.0,0.00033726829346586456
29111,40.2,-91.9,0.07064992854537042
29111,40.2,-91.8,0.07145759731629986
29111,40.2,-91.7,0.07145759731629718
29111,40.2,-91.6,0.07138833363865336
29111,40.2,-91.5,0.030013840683659785
29111,40.1,-92.0,0.00024439711182255494
29111,40.1,-91.9,0.07149037612756215
29111,40.1,-91.8,0.07156122955448081
29111,40.1,-91.7,0.07156122955448123
29111,40.1,-91.6,0.07156122955448173
29111,40.1,-91.5,0.03391463456821075
29111,40.0,-92.0,0.0014405557594803194
29111,40.0,-91.9,0.07166464000112693
29111,40.0,-91.8,0.07166464000113139
29111,40.0,-91.7,0.07166464000113258
29111,40.0,-91.6,0.07166464000113106
29111,40.0,-91.5,0.05571608870808832
29111,40.0,-91.4,0.00047501111657006215
29111,39.9,-92.0,1.148269129182538e-05
29111,39.9,-91.9,0.0007870015284274556
29111,39.9,-91.8,0.0014746993354403776
29111,39.9,-91.7,0.001889450302420739
29111,39.9,-91.6,0.0022644856422639283
29111,39.9,-91.5,0.0028413614537534083
29111,39.9,-91.4,0.0003911775269472009
17169,40.3,-90.9,0.0166902002809413
17169,40.3,-90.8,0.026054186057570646
17169,40.3,-90.7,0.024398231203906263
17169,40.3,-90.6,0.023471766579955974
17169,40.3,-90.5,0.022504202681610956
17169,40.2,-90.9,0.05108358362369736
17169,40.2,-90.8,0.08270477452784178
17169,40.2,-90.7,0.08270477452784454
17169,40.2,-90.6,0.08270477452784178
17169,40.2,-90.5,0.08204077182934053
17169,40.2,-90.4,0.0317075417692001
17169,40.2,-90.3,0.029250083426301567
17169,40.2,-90.2,0.012828606168965013
17169,40.1,-90.9,0.02369328914350903
17169,40.1,-90.8,0.03701322807781454
17169,40.1,-90.7,0.05465690290910801
17169,40.1,-90.6,0.08282471811976512
17169,40.1,-90.5,0.08282471811976422
17169,40.1,-90.4,0.05341622119253264
17169,40.1,-90.3,0.005833456143265751
17169,40.0,-90.7,0.0015493453939984807
17169,40.0,-90.6,0.04034208196566704
17169,40.0,-90.5,0.04465958734738885
17169,40.0,-90.4,0.005042954382168451
17013,39.4,-90.9,0.03429482915911191
17013,39.4,-90.8,0.06442559503603344
17013,39.4,-90.7,0.06116620867215787
17013,39.4,-90.6,0.018053670506239714
17013,39.3,-90.9,0.00014481589253741473
17013,39.3,-90.8,0.05382309355247651
17013,39.3,-90.7,0.12729811365064875
17013,39.3,-90.6,0.052311982996822284
17013,39.2,-90.7,0.08661488128953451
17013,39.2,-90.6,0.06537832727291742
17013,39.1,-90.7,0.05827600393596435
17013,39.1,-90.6,0.06762881786176853
17013,39.0,-90.7,0.048758469108555365
17013,39.0,-90.6,0.1081343766505983
17013,39.0,-90.5,0.013249721276763219
17013,38.9,-90.7,0.005862935737816652
17013,38.9,-90.6,0.08934102782870862
17013,38.9,-90.5,0.04523712957134515
39173,41.6,-83.7,0.0003297674307700331
39173,41.6,-83.6,0.02213909365597235
39173,41.6,-83.5,0.03928739702633675
39173,41.6,-83.4,0.01371027725280325
39173,41.5,-83.8,0.002210576072183735
39173,41.5,-83.7,0.03981791863966481
39173,41.5,-83.6,0.05770062054500006
39173,41.5,-83.5,0.05770062054500561
39173,41.5,-83.4,0.02027998933708041
39173,41.4,-83.9,0.012564596105663376
39173,41.4,-83.8,0.051774447364646335
39173,41.4,-83.7,0.05778828628712888
39173,41.4,-83.6,0.057788286287123736
39173,41.4,-83.5,0.057788286287124756
39173,41.4,-83.4,0.019606468824163604
39173,41.3,-83.9,0.019060861310432102
39173,41.3,-83.8,0.05787577250040734
39173,41.3,-83.7,0.05787577250041286
39173,41.3,-83.6,0.0578757725004123
39173,41.3,-83.5,0.05787577250041236
39173,41.3,-83.4,0.018252881366867247
39173,41.2,-83.9,0.015088380009661553
39173,41.2,-83.8,0.0473703883153669
39173,41.2,-83.7,0.0474282285271102
39173,41.2,-83.6,0.0479739459871476
39173,41.2,-83.5,0.04860179798255976
39173,41.2,-83.4,0.01423379483854214
39089,40.3,-82.8,0.00025989555644760355
39089,40.3,-82.7,0.013225691819778989
39089,40.3,-82.6,0.010921022177506677
39089,40.3,-82.5,0.00640135031027356
39089,40.2,-82.8,0.003416524127940092
39089,40.2,-82.7,0.053107097663407904
39089,40.2,-82.6,0.0531070976634097
39089,40.2,-82.5,0.052410706347072775
39089,40.2,-82.4,0.049085785941106026
39089,40.2,-82.3,0.04769947406123835
39089,40.2,-82.2,0.030585204301370447
39089,40.1,-82.8,0.0072931006034208466
39089,40.1,-82.7,0.05318411686920488
39089,40.1,-82.6,0.053184116869215856
39089,40.1,-82.5,0.0531841168692076
39089,40.1,-82.4,0.05318411686921219
39089,40.1,-82.3,0.05318411686921019
39089,40.1,-82.2,0.03161233541640464
39089,40.0,-82.8,0.012378616251532188
39089,40.0,-82.7,0.053260971240140995
39089,40.0,-82.6,0.053260971240141765
39089,40.0,-82.5,0.05326097124013585
39089,40.0,-82.4,0.0532609712401361
39089,40.0,-82.3,0.05326097124013271
39089,40.0,-82.2,0.028691819008046824
39089,39.9,-82.8,0.00189032429558106
39089,39.9,-82.7,0.007748953505983184
39089,39.9,-82.6,0.010236435729034826
39089,39.9,-82.5,0.012036450188675225
39089,39.9,-82.4,0.014311801801257797
39089,39.9,-82.3,0.01803073619793682
39089,39.9,-82.2,0.003324136485836387
39017,39.6,-84.8,0.00888677104532645
39017,39.6,-84.7,0.01363041083295633
39017,39.6,-84.6,0.013731570294777121
39017,39.6,-84.5,0.01927404221767312
39017,39.6,-84.4,0.026669533161763098
39017,39.5,-84.8,0.05148452030998706
39017,39.5,-84.7,0.07845863133089294
39017,39.5,-84.6,0.07845863133088897
39017,39.5,-84.5,0.07845863133089115
39017,39.5,-84.4,0.07772867218039485
39017,39.5,-84.3,0.010443799483440078
39017,39.4,-84.8,0.05289109803724693
39017,39.4,-84.7,0.07856958666860431
39017,39.4,-84.6,0.0785695866686046
39017,39.4,-84.5,0.07856958666860925
39017,39.4,-84.4,0.07856958666860163
39017,39.4,-84.3,0.005652277605719595
39017,39.3,-84.8,0.024262646874382572
39017,39.3,-84.7,0.03558920188899042
39017,39.3,-84.6,0.03236171726513155
39017,39.3,-84.5,0.036381097371555385
39017,39.3,-84.4,0.041195622080627964
39017,39.3,-84.3,0.0001627786829345316
17071,41.1,-90.9,0.01729862244741874
17071,41.1,-90.8,0.011208401787519971
17071,41.0,-91.0,0.0018139009812913756
17071,41.0,-90.9,0.08863016398005319
17071,41.0,-90.8,0.05826937373480824
17071,40.9,-91.1,0.00022190181025819172
17071,40.9,-91.0,0.04856332920443229
17071,40.9,-90.9,0.09140615526757018
17071,40.9,-90.8,0.05736993032592992
17071,40.8,-91.1,0.03653418396924887
17071,40.8,-91.0,0.09154208569019032
17071,40.8,-90.9,0.09154208569018832
17071,40.8,-90.8,0.056416095953790026
17071,40.7,-91.2,0.0002983714593404897
17071,40.7,-91.1,0.063472475777098
17071,40.7,-91.0,0.09167773203294302
17071,40.7,-90.9,0.09167773203294491
17071,40.7,-90.8,0.05565856373223777
17071,40.6,-91.2,0.002692148046079174
17071,40.6,-91.1,0.012339629415246469
17071,40.6,-91.0,0.012923546577634762
17071,40.6,-90.9,0.01104502593828911
17071,40.6,-90.8,0.007398544145486723
19105,42.3,-91.4,0.003837333305377689
19105,42.3,-91.3,0.028371676377366897
19105,42.3,-91.2,0.028152444984435948
19105,42.3,-91.1,0.028064907669242332
19105,42.3,-91.0,0.027967174220921993
19105,42.3,-90.9,0.014392007426482775
19105,42.2,-91.4,0.008642355371113864
19105,42.2,-91.3,0.06138113486522853
19105,42.2,-91.2,0.06138113486522565
19105,42.2,-91.1,0.06138113486522511
19105,42.2,-91.0,0.06138113486522767
19105,42.2,-90.9,0.03173577147861155
19105,42.1,-91.4,0.009111858064671777
19105,42.1,-91.3,0.061476747332414275
19105,42.1,-91.2,0.06147674733241721
19105,42.1,-91.1,0.061476747332418404
19105,42.1,-91.0,0.06147674733241596
19105,42.1,-90.9,0.03174952921275099
19105,42.0,-91.4,0.009413348971674784
19105,42.0,-91.3,0.06157216856774748
19105,42.0,-91.2,0.06157216856774523
19105,42.0,-91.1,0.06157216856774369
19105,42.0,-91.0,0.061572168567743446
19105,42.0,-90.9,0.03177244609118163
19105,41.9,-91.4,0.00025916603911813204
19105,41.9,-91.3,0.0017162031222591999
19105,41.9,-91.2,0.0018214810536498237
19105,41.9,-91.1,0.0020246397287890026
19105,41.9,-91.0,0.002083817408362132
19105,41.9,-90.9,0.0011636364124368082
19165,41.9,-95.6,0.000587357244361028
19165,41.9,-95.5,0.00799957832973629
19165,41.9,-95.4,0.008149078948612514
19165,41.9,-95.3,0.00845671647228323
19165,41.9,-95.2,0.008238917171430169
19165,41.9,-95.1,0.004609573437479905
19165,41.8,-95.6,0.0043861953000020795
19165,41.8,-95.5,0.06027048265889161
19165,41.8,-95.4,0.06027048265889285
19165,41.8,-95.3,0.06027048265889427
19165,41.8,-95.2,0.060270482658896084
19165,41.8,-95.1,0.03428802790366373
19165,41.7,-95.6,0.004652563729642335
19165,41.7,-95.5,0.060363037500175895
19165,41.7,-95.4,0.06036303750017957
19165,41.7,-95.3,0.060363037500177914
19165,41.7,-95.2,0.06036303750017284
19165,41.7,-95.1,0.034357209211912335
19165,41.6,-95.6,0.002290321474280298
19165,41.6,-95.5,0.043990677714729476
19165,41.6,-95.4,0.060455404711082024
19165,41.6,-95.3,0.06045540471108125
19165,41.6,-95.2,0.060455404711085736
19165,41.6,-95.1,0.04812036000130628
19165,41.6,-95.0,0.002879594098106144
19165,41.5,-95.5,0.012786411294009117
19165,41.5,-95.4,0.026723502389099613
19165,41.5,-95.3,0.02680984530507005
19165,41.5,-95.2,0.02701076285959751
19165,41.5,-95.1,0.027240262043631367
19165,41.5,-95.0,0.0025227503015164336
18067,40.6,-86.4,0.0034360350604024825
18067,40.6,-86.3,0.014353835131603479
18067,40.6,-86.2,0.015256504990085625
18067,40.6,-86.1,0.01645934346781964
18067,40.6,-86.0,0.017578061713601597
18067,40.6,-85.9,0.01603565719081941
18067,40.5,-86.4,0.031240907400051792
18067,40.5,-86.3,0.12366341603436341
18067,40.5,-86.2,0.12366341603436916
18067,40.5,-86.1,0.12366341603437457
18067,40.5,-86.0,0.12366341603436189
18067,40.5,-85.9,0.10707121463771697
18067,40.4,-86.4,0.00577457093980552
18067,40.4,-86.3,0.06003807316181231
18067,40.4,-86.2,0.06031128912058296
18067,40.4,-86.1,0.05612634525286365
18067,40.4,-86.0,0.05456586375440545
18067,40.4,-85.9,0.04709863404096003
18139,39.8,-85.6,0.027327335926425153
18139,39.8,-85.5,0.03333227370395909
18139,39.8,-85.4,0.03357290345997032
18139,39.8,-85.3,0.0163207800471201
18139,39.7,-85.6,0.07450292082041146
18139,39.7,-85.5,0.0900071034606334
18139,39.7,-85.4,0.09000710346063756
18139,39.7,-85.3,0.04411923082827888
18139,39.6,-85.6,0.0740433272107449
18139,39.6,-85.5,0.0901353113035283
18139,39.6,-85.4,0.09013531130353064
18139,39.6,-85.3,0.04562359962376337
18139,39.5,-85.6,0.07030442127840206
18139,39.5,-85.5,0.0877804634929887
18139,39.5,-85.4,0.08745979225878958
18139,39.5,-85.3,0.04532812182081656
19141,43.3,-95.9,0.0005511846940429061
19141,43.3,-95.8,0.0047670219774493695
19141,43.3,-95.7,0.0050169867209730636
19141,43.3,-95.6,0.0047307734976878915
19141,43.3,-95.5,0.003570555677988261
19141,43.3,-95.4,0.0020174446117076405
19141,43.2,-95.9,0.0072837723607222975
19141,43.2,-95.8,0.06082437037567832
19141,43.2,-95.7,0.06082437037568207
19141,43.2,-95.6,0.060824370375680684
19141,43.2,-95.5,0.0608243703756807
19141,43.2,-95.4,0.037669225775717116
19141,43.1,-95.9,0.006490442530816125
19141,43.1,-95.8,0.06092254206607285
19141,43.1,-95.7,0.06092254206607093
19141,43.1,-95.6,0.060922542066071984
19141,43.1,-95.5,0.06092254206607106
19141,43.1,-95.4,0.03777406865488533
19141,43.0,-95.9,0.006057834341985838
19141,43.0,-95.8,0.0610205239015254
19141,43.0,-95.7,0.0610205239015287
19141,43.0,-95.6,0.061020523901531544
19141,43.0,-95.5,0.061020523901529976
19141,43.0,-95.4,0.037495544248216515
19141,42.9,-95.9,0.00236927461800717
19141,42.9,-95.8,0.0247646463229755
19141,42.9,-95.7,0.024515155762723773
19141,42.9,-95.6,0.024323165508523283
19141,42.9,-95.5,0.024427243006615255
19141,42.9,-95.4,0.015105914315838496
27099,43.8,-93.0,0.04756945573909903
27099,43.8,-92.9,0.04786689067847664
27099,43.8,-92.8,0.047879272853690646
27099,43.8,-92.7,0.04503615787698533
27099,43.8,-92.6,0.040737453471301414
27099,43.8,-92.5,0.0407608621463657
27099,43.8,-92.4,0.00041630635137118445
27099,43.7,-93.0,0.04827161376028497
27099,43.7,-92.9,0.04859560943437577
27099,43.7,-92.8,0.048595609434378885
27099,43.7,-92.7,0.048595609434377116
27099,43.7,-92.6,0.04859560943437452
27099,43.7,-92.5,0.04859560943437635
27099,43.7,-92.4,0.0002982153830718068
27099,43.6,-93.0,0.04835840802940002
27099,43.6,-92.9,0.048675446853804295
27099,43.6,-92.8,0.04867544685380321
27099,43.6,-92.7,0.04867544685380213
27099,43.6,-92.6,0.04867544685380482
27099,43.6,-92.5,0.048675446853806065
27099,43.6,-92.4,0.00024674035622765925
27099,43.5,-93.0,0.024336120374756416
27099,43.5,-92.9,0.024456962119202532
27099,43.5,-92.8,0.02438638469984879
27099,43.5,-92.7,0.024328286527910848
27099,43.5,-92.6,0.02427484892000397
27099,43.5,-92.5,0.02422661294341771
27099,43.5,-92.4,0.00019412632768221915
27153,46.4,-95.2,0.00035217313842090365
27153,46.4,-95.1,0.00633388030692986
27153,46.4,-95.0,0.0063070619984887935
27153,46.4,-94.9,0.006286873331187246
27153,46.4,-94.8,0.0062120624935600235
27153,46.4,-94.7,0.0018478564391112343
27153,46.3,-95.2,0.0011196595250236585
27153,46.3,-95.1,0.03329808003354483
27153,46.3,-95.0,0.03376034218118009
27153,46.3,-94.9,0.03376034218118025
27153,46.3,-94.8,0.03376034218118142
27153,46.3,-94.7,0.032998170072177514
27153,46.3,-94.6,0.00023769435391558872
27153,46.2,-95.1,0.032517659234102776
27153,46.2,-95.0,0.03382115768652152
27153,46.2,-94.9,0.0338211576865231
27153,46.2,-94.8,0.03382115768652128
27153,46.2,-94.7,0.03382115768651937
27153,46.2,-94.6,0.0007905028631391739
27153,46.1,-95.1,0.03254333135133578
27153,46.1,-95.0,0.033881867194364014
27153,46.1,-94.9,0.033881867194363036
27153,46.1,-94.8,0.033881867194366394
27153,46.1,-94.7,0.033881867194366484
27153,46.1,-94.6,0.0007472612024249311
27153,46.0,-95.1,0.03274975892843267
27153,46.0,-95.0,0.03394247053378767
27153,46.0,-94.9,0.0339424705337857
27153,46.0,-94.8,0.03394247053378453
27153,46.0,-94.7,0.0339424705337864
27153,46.0,-94.6,0.0006000566459730031
27153,45.9,-95.1,0.030864335145774406
27153,45.9,-95.0,0.03400296753435505
27153,45.9,-94.9,0.03400296753435567
27153,45.9,-94.8,0.03400296753435651
27153,45.9,-94.7,0.03400296753435545
27153,45.9,-94.6,0.0018616297852807658
27153,45.8,-95.1,0.023384939132815884
27153,45.8,-95.0,0.025865050857321572
27153,45.8,-94.9,0.025803093966769792
27153,45.8,-94.8,0.025845316744017317
27153,45.8,-94.7,0.02599489843936752
27153,45.8,-94.6,0.0015637756712308353
27063,43.8,-95.5,0.0010950699393749211
27063,43.8,-95.4,0.0470161656689102
27063,43.8,-95.3,0.047048060657578515
27063,43.8,-95.2,0.0469613618396395
27063,43.8,-95.1,0.04699971853074673
27063,43.8,-95.0,0.04697222981858241
27063,43.8,-94.9,0.04488219666918887
27063,43.7,-95.5,0.0014589356992839792
27063,43.7,-95.4,0.04807704170099542
27063,43.7,-95.3,0.04807704170099628
27063,43.7,-95.2,0.048077041700995755
27063,43.7,-95.1,0.04807704170099527
27063,43.7,-95.0,0.0480770417009963
27063,43.7,-94.9,0.04586060535418945
27063,43.6,-95.5,0.0020548777306520004
27063,43.6,-95.4,0.04815602716876842
27063,43.6,-95.3,0.04815602716877021
27063,43.6,-95.2,0.04815602716876976
27063,43.6,-95.1,0.0481560271687683
27063,43.6,-95.0,0.04815602716876536
27063,43.6,-94.9,0.04592705884701553
27063,43.5,-95.5,0.001064952374172302
27063,43.5,-95.4,0.023990016944866757
27063,43.5,-95.3,0.02389473367369169
27063,43.5,-95.2,0.023682735578792247
27063,43.5,-95.1,0.023683426879382064
27063,43.5,-95.0,0.02365439561843356
27063,43.5,-94.9,0.02258811382667819
39097,40.1,-83.5,0.027417743643993617
39097,40.1,-83.4,0.04739653015529386
39097,40.1,-83.3,0.046532387320109704
39097,40.1,-83.2,0.018567678586328757
39097,40.0,-83.5,0.052798176137323856
39097,40.0,-83.4,0.07845227022366957
39097,40.0,-83.3,0.07652239785189775
39097,40.0,-83.2,0.0017447571548580797
39097,39.9,-83.6,0.002508083287531843
39097,39.9,-83.5,0.07390676583274997
39097,39.9,-83.4,0.07856523196157959
39097,39.9,-83.3,0.07837943994255227
39097,39.9,-83.2,0.004747536257129971
39097,39.8,-83.7,1.5180187701665607e-08
39097,39.8,-83.6,0.03231942777170073
39097,39.8,-83.5,0.07867795028855136
39097,39.8,-83.4,0.07867795028854965
39097,39.8,-83.3,0.07867795028855372
39097,39.8,-83.2,0.0034217650250311354
39097,39.7,-83.7,0.0004345229860119473
39097,39.7,-83.6,0.028544886605952273
39097,39.7,-83.5,0.03332469540617437
39097,39.7,-83.4,0.037524211067938976
39097,39.7,-83.3,0.04069832424982501
39097,39.7,-83.2,0.00015930248650420048
19177,40.9,-92.2,0.010591024127288049
19177,40.9,-92.1,0.03671105529583038
19177,40.9,-92.0,0.03706906071813893
19177,40.9,-91.9,0.037629670129475996
19177,40.9,-91.8,0.03755221059037577
19177,40.9,-91.7,0.011827586843093908
19177,40.8,-92.2,0.02095341702207181
19177,40.8,-92.1,0.0737481499345129
19177,40.8,-92.0,0.07374814993450833
19177,40.8,-91.9,0.07374814993450698
19177,40.8,-91.8,0.07374814993451148
19177,40.8,-91.7,0.023100156597058524
19177,40.7,-92.2,0.02099957832879929
19177,40.7,-92.1,0.07385742936318009
19177,40.7,-92.0,0.07385742936318128
19177,40.7,-91.9,0.07385742936317773
19177,40.7,-91.8,0.07385742936317778
19177,40.7,-91.7,0.02330399826087366
19177,40.6,-92.2,0.010697693060179553
19177,40.6,-92.1,0.03554356237445299
19177,40.6,-92.0,0.03372872254243081
19177,40.6,-91.9,0.03163610401467859
19177,40.6,-91.8,0.028852307342194232
19177,40.6,-91.7,0.00938153556230088
17137,39.9,-90.6,0.0057936723668217446
17137,39.9,-90.5,0.01681380412679092
17137,39.9,-90.4,0.01620289010342958
17137,39.9,-90.3,0.015507279782397026
17137,39.9,-90.2,0.014858994540470917
17137,39.9,-90.1,0.014593312249750632
17137,39.9,-90.0,0.008113223782347335
17137,39.8,-90.6,0.011390906652289994
17137,39.8,-90.5,0.04650634071014606
17137,39.8,-90.4,0.06251904144691518
17137,39.8,-90.3,0.06413435904024943
17137,39.8,-90.2,0.06413435904025216
17137,39.8,-90.1,0.06413435904025121
17137,39.8,-90.0,0.03788848827026638
17137,39.7,-90.4,0.011984787487370805
17137,39.7,-90.3,0.0630166709990294
17137,39.7,-90.2,0.0642260427593119
17137,39.7,-90.1,0.0642260427593103
17137,39.7,-90.0,0.047539602139989416
17137,39.6,-90.3,0.03620391970326965
17137,39.6,-90.2,0.06431752756531729
17137,39.6,-90.1,0.06431752756531844
17137,39.6,-90.0,0.06366944800975835
17137,39.6,-89.9,0.007167959739361728
17137,39.5,-90.3,0.009974179040309287
17137,39.5,-90.2,0.01924190614435687
17137,39.5,-90.1,0.01879938231028882
17137,39.5,-90.0,0.01828310442783044
17137,39.5,-89.9,0.004440868196798806
17073,41.6,-90.2,0.004854054904853008
17073,41.6,-90.1,0.014887866135153409
17073,41.6,-90.0,0.014620095499743503
17073,41.6,-89.9,0.012980462816692668
17073,41.5,-90.4,0.009628019477014202
17073,41.5,-90.3,0.02889346791928321
17073,41.5,-90.2,0.039155625067751665
17073,41.5,-90.1,0.043367387043875445
17073,41.5,-90.0,0.04336738704387682
17073,41.5,-89.9,0.039900101509837395
17073,41.4,-90.4,0.03591955597067493
17073,41.4,-90.3,0.04343327600890338
17073,41.4,-90.2,0.04343327600890536
17073,41.4,-90.1,0.04343327600890145
17073,41.4,-90.0,0.04343327600890407
17073,41.4,-89.9,0.04043727866253325
17073,41.3,-90.4,0.03674382219817609
17073,41.3,-90.3,0.043499030041300187
17073,41.3,-90.2,0.04349903004129878
17073,41.3,-90.1,0.04349903004130124
17073,41.3,-90.0,0.04349903004129867
17073,41.3,-89.9,0.040478189403982
17073,41.2,-90.4,0.037297070435636584
17073,41.2,-90.3,0.04293604350124402
17073,41.2,-90.2,0.042817249398536865
17073,41.2,-90.1,0.043464843566116095
17073,41.2,-90.0,0.04356464896145379
17073,41.2,-89.9,0.036450029727015464
17073,41.1,-90.1,6.124891206583751e-05
17073,41.1,-90.0,0.000237907538001634
17073,41.1,-89.9,0.00020842010566902077
17035,39.4,-88.5,0.005383056754099391
17035,39.4,-88.4,0.02576998202600122
17035,39.4,-88.3,0.025969077881732874
17035,39.4,-88.2,0.02660462038859087
17035,39.4,-88.1,0.02823320069579039
17035,39.4,-88.0,0.01131471148431376
17035,39.3,-88.5,0.022495497806819635
17035,39.3,-88.4,0.10657125275156973
17035,39.3,-88.3,0.10657125275156942
17035,39.3,-88.2,0.10657125275156253
17035,39.3,-88.1,0.10657125275157063
17035,39.3,-88.0,0.0420251364901014
17035,39.2,-88.5,0.017566119947507598
17035,39.2,-88.4,0.08402236695156949
17035,39.2,-88.3,0.08405069704219137
17035,39.2,-88.2,0.08378526097132505
17035,39.2,-88.1,0.08276119259883144
17035,39.2,-88.0,0.03373406795485317
39155,41.5,-81.0,0.01542404963508118
39155,41.5,-80.9,0.028734511949046696
39155,41.5,-80.8,0.028412271191811896
39155,41.5,-80.7,0.02796535862997113
39155,41.5,-80.6,0.027898204686712582
39155,41.5,-80.5,0.008645102661490439
39155,41.4,-81.0,0.02997468524327966
39155,41.4,-80.9,0.056323313209958696
39155,41.4,-80.8,0.05632331320995852
39155,41.4,-80.7,0.056323313209954526
39155,41.4,-80.6,0.05632331320995762
39155,41.4,-80.5,0.017388153444472792
39155,41.3,-81.0,0.029955082514756707
39155,41.3,-80.9,0.056408581587148766
39155,41.3,-80.8,0.05640858158714694
39155,41.3,-80.7,0.0564085815871495
39155,41.3,-80.6,0.05640858158715262
39155,41.3,-80.5,0.01747607397346185
39155,41.2,-81.0,0.02974273835972931
39155,41.2,-80.9,0.05649367475377031
39155,41.2,-80.8,0.05649367475377107
39155,41.2,-80.7,0.056493674753771206
39155,41.2,-80.6,0.056493674753772344
39155,41.2,-80.5,0.017536921298105603
39155,41.1,-81.0,0.004685656791538855
39155,41.1,-80.9,0.008844852028182568
39155,41.1,-80.8,0.00894377416821261
39155,41.1,-80.7,0.009143447235229318
39155,41.1,-80.6,0.009398250110798749
39155,41.1,-80.5,0.0029285878746058928
39141,39.5,-83.3,0.014832329304417299
39141,39.5,-83.2,0.033825582462895534
39141,39.5,-83.1,0.031861563060572015
39141,39.5,-83.0,0.024905054061218287
39141,39.5,-82.9,0.013741191885148517
39141,39.5,-82.8,0.011028235329413166
39141,39.5,-82.7,0.0008530576842490018
39141,39.4,-83.4,0.00561176360893938
39141,39.4,-83.3,0.0495468992354016
39141,39.4,-83.2,0.05327553698780182
39141,39.4,-83.1,0.05327553698780174
39141,39.4,-83.0,0.05327553698779848
39141,39.4,-82.9,0.0532755369877999
39141,39.4,-82.8,0.053271980210816194
39141,39.4,-82.7,0.002050918273869469
39141,39.3,-83.4,0.017633936108451192
39141,39.3,-83.3,0.05329004334827418
39141,39.3,-83.2,0.0533506073632025
39141,39.3,-83.1,0.053350607363199784
39141,39.3,-83.0,0.0533506073632041
39141,39.3,-82.9,0.0533506073632073
39141,39.3,-82.8,0.05087102900188368
39141,39.2,-83.4,0.0007936644006618329
39141,39.2,-83.3,0.028454574065537128
39141,39.2,-83.2,0.03174910719195461
39141,39.2,-83.1,0.03461035984985376
39141,39.2,-83.0,0.03735167166820601
39141,39.2,-82.9,0.03995745496363716
39141,39.2,-82.8,0.03725500688058439
29071,38.7,-91.4,0.003514802997853393
29071,38.7,-91.3,0.01624851508353186
29071,38.7,-91.2,0.00048161499662097856
29071,38.6,-91.4,0.007381371065016211
29071,38.6,-91.3,0.04011691207683807
29071,38.6,-91.2,0.027927951339762197
29071,38.6,-91.1,0.02165978691567267
29071,38.6,-91.0,0.006752992088139995
29071,38.6,-90.9,0.0008014604187003135
29071,38.6,-90.8,0.015118402714097713
29071,38.6,-90.7,0.005808299274131216
29071,38.5,-91.4,0.0072247580719196096
29071,38.5,-91.3,0.0401718275304802
29071,38.5,-91.2,0.04017182753048019
29071,38.5,-91.1,0.04017182753048206
29071,38.5,-91.0,0.03976173024705531
29071,38.5,-90.9,0.036932624747389065
29071,38.5,-90.8,0.040171827530479105
29071,38.5,-90.7,0.00586088645927324
29071,38.4,-91.4,0.00687542887829365
29071,38.4,-91.3,0.04022661883792583
29071,38.4,-91.2,0.04022661883792452
29071,38.4,-91.1,0.04022661883792297
29071,38.4,-91.0,0.04022661883792487
29071,38.4,-90.9,0.040226618837925804
29071,38.4,-90.8,0.040210367783943865
29071,38.4,-90.7,0.003323410654824047
29071,38.3,-91.4,0.0065358701348405485
29071,38.3,-91.3,0.04028128585221345
29071,38.3,-91.2,0.040281285852215194
29071,38.3,-91.1,0.04028128585221423
29071,38.3,-91.0,0.0402812858522117
29071,38.3,-90.9,0.040281285852211385
29071,38.3,-90.8,0.035509712584479096
29071,38.2,-91.4,0.003163045334416139
29071,38.2,-91.3,0.018529758703900456
29071,38.2,-91.2,0.01850905832879846
29071,38.2,-91.1,0.01849907601460571
29071,38.2,-91.0,0.018286447571752167
29071,38.2,-90.9,0.018121598728367688
29071,38.2,-90.8,0.013617283213164815
29047,39.5,-94.6,0.0026876606904475725
29047,39.5,-94.5,0.005034399120689655
29047,39.5,-94.4,0.0050285901266110145
29047,39.5,-94.3,0.004901435879877632
29047,39.5,-94.2,0.0017386825681183376
29047,39.4,-94.6,0.04587102855600406
29047,39.4,-94.5,0.09034752343667142
29047,39.4,-94.4,0.09034752343667071
29047,39.4,-94.3,0.090347523436668
29047,39.4,-94.2,0.03499749480897495
29047,39.3,-94.6,0.04584043794500534
29047,39.3,-94.5,0.09047483182031069
29047,39.3,-94.4,0.09047483182031467
29047,39.3,-94.3,0.09047483182031284
29047,39.3,-94.2,0.034292712685869926
29047,39.2,-94.6,0.04564085822077488
29047,39.2,-94.5,0.09049204969303128
29047,39.2,-94.4,0.07603053874470099
29047,39.2,-94.3,0.02884701643906304
29047,39.2,-94.2,0.01036980267423669
29047,39.1,-94.6,0.01336420674582957
29047,39.1,-94.5,0.008439747964740181
29047,39.1,-94.4,0.0039562713650766
17061,39.5,-90.6,0.021691676976233296
17061,39.5,-90.5,0.04810113874936629
17061,39.5,-90.4,0.04779540043107799
17061,39.5,-90.3,0.047442739865777635
17061,39.5,-90.2,0.045775113124355775
17061,39.4,-90.6,0.04517213861611707
17061,39.4,-90.5,0.06759256534575019
17061,39.4,-90.4,0.06759256534575603
17061,39.4,-90.3,0.06759256534575532
17061,39.4,-90.2,0.06650357512336105
17061,39.3,-90.6,0.04053430894625646
17061,39.3,-90.5,0.06768780979642973
17061,39.3,-90.4,0.06768780979643042
17061,39.3,-90.3,0.06768780979643078
17061,39.3,-90.2,0.06363912771774627
17061,39.3,-90.1,0.0006925033552911826
17061,39.2,-90.6,0.026247998191658066
17061,39.2,-90.5,0.04835628688340982
17061,39.2,-90.4,0.051186543436750914
17061,39.2,-90.3,0.029446408694033598
17061,39.2,-90.2,0.007933149887261725
17061,39.1,-90.6,0.0036407645747503848
17059,37.9,-88.4,0.016466419410014033
17059,37.9,-88.3,0.06753161433073582
17059,37.9,-88.2,0.0667297084262844
17059,37.9,-88.1,0.04452795278990249
17059,37.8,-88.4,0.027620923819952754
17059,37.8,-88.3,0.11507226951762561
17059,37.8,-88.2,0.1150722695176197
17059,37.8,-88.1,0.10486299080671446
17059,37.8,-88.0,0.01230914489823269
17059,37.7,-88.4,0.02747256643843831
17059,37.7,-88.3,0.11522526749059027
17059,37.7,-88.2,0.11300060063214179
17059,37.7,-88.1,0.036617407149232443
17059,37.6,-88.4,0.014464805494269614
17059,37.6,-88.3,0.05869126108795291
17059,37.6,-88.2,0.0604134609599039
17059,37.6,-88.1,0.003921337230388862
17053,41.0,-88.2,0.032957625499532
17053,41.0,-88.1,0.00658234975361325
17053,40.9,-88.2,0.06986048207322579
17053,40.9,-88.1,0.015194612955534021
17053,40.8,-88.2,0.06748372265003927
17053,40.8,-88.1,0.017439717487767594
17053,40.7,-88.2,0.06528561428378053
17053,40.7,-88.1,0.0200732124855239
17053,40.6,-88.5,0.004711281509368972
17053,40.6,-88.4,0.050259493292468926
17053,40.6,-88.3,0.050491559025036374
17053,40.6,-88.2,0.07114577803861909
17053,40.6,-88.1,0.022972882469695994
17053,40.5,-88.5,0.006936324326517867
17053,40.5,-88.4,0.0747436977363631
17053,40.5,-88.3,0.07474369773636454
17053,40.5,-88.2,0.07474369773636544
17053,40.5,-88.1,0.043203515771631305
17053,40.5,-88.0,0.027767964552411626
17053,40.5,-87.9,0.00417179014616963
17053,40.4,-88.5,0.0037183961814115925
17053,40.4,-88.4,0.038501441933653444
17053,40.4,-88.3,0.038260764977710734
17053,40.4,-88.2,0.03756526169785295
17053,40.4,-88.1,0.03707599020778202
17053,40.4,-88.0,0.03752766293819345
17053,40.4,-87.9,0.00658146253336653
17149,39.8,-91.4,0.0006302012156779234
17149,39.8,-91.3,0.003425897014149432
17149,39.8,-91.2,0.0030356583360612484
17149,39.8,-91.1,0.003096452639333778
17149,39.8,-91.0,0.0030080181776126146
17149,39.8,-90.9,0.027329395075078762
17149,39.8,-90.8,0.03929236074703588
17149,39.8,-90.7,0.03896301702527211
17149,39.8,-90.6,0.022244314008698238
17149,39.7,-91.4,0.0024048656515161184
17149,39.7,-91.3,0.03042229595272465
17149,39.7,-91.2,0.04331518209692879
17149,39.7,-91.1,0.04331518209692988
17149,39.7,-91.0,0.04331518209692923
17149,39.7,-90.9,0.04331518209692853
17149,39.7,-90.8,0.04331518209692743
17149,39.7,-90.7,0.043315182096925614
17149,39.7,-90.6,0.007469999094153902
17149,39.6,-91.3,0.00021163821248570424
17149,39.6,-91.2,0.02080542645217243
17149,39.6,-91.1,0.04337688107231202
17149,39.6,-91.0,0.043376881072311406
17149,39.6,-90.9,0.04337688107231307
17149,39.6,-90.8,0.043376881072314945
17149,39.6,-90.7,0.043376881072313654
17149,39.6,-90.6,0.024094908514065212
17149,39.5,-91.2,4.75998323279711e-05
17149,39.5,-91.1,0.012396718056770345
17149,39.5,-91.0,0.04323576982289245
17149,39.5,-90.9,0.04343844573038383
17149,39.5,-90.8,0.0434384457303841
17149,39.5,-90.7,0.0434384457303843
17149,39.5,-90.6,0.026260516541792768
17149,39.4,-91.0,0.009595986354000363
17149,39.4,-90.9,0.021494503305488046
17149,39.4,-90.8,0.0219783939150542
17149,39.4,-90.7,0.023067197594537615
17149,39.4,-90.6,0.008398031326811385
17023,39.5,-88.0,0.014485222714628132
17023,39.5,-87.9,0.023549392476097778
17023,39.5,-87.8,0.02568226929494284
17023,39.5,-87.7,0.02410289567122398
17023,39.5,-87.6,0.01963654533276413
17023,39.5,-87.5,0.0036452929448972013
17023,39.4,-88.0,0.04579585904947613
17023,39.4,-87.9,0.07315472775871686
17023,39.4,-87.8,0.07315472775871792
17023,39.4,-87.7,0.07315472775871477
17023,39.4,-87.6,0.07315472775871279
17023,39.4,-87.5,0.013357399965349837
17023,39.3,-88.0,0.04436944287012257
17023,39.3,-87.9,0.0732578098332611
17023,39.3,-87.8,0.0732578098332629
17023,39.3,-87.7,0.07325780983326126
17023,39.3,-87.6,0.03947984529774946
17023,39.3,-87.5,5.934539117897103e-05
17023,39.2,-88.0,0.03251263264663473
17023,39.2,-87.9,0.05434630500864987
17023,39.2,-87.8,0.052650489244756064
17023,39.2,-87.7,0.05758723840267749
17023,39.2,-87.6,0.03634748315420325
39135,39.9,-84.8,0.036154649659223596
39135,39.9,-84.7,0.057310540477112974
39135,39.9,-84.6,0.057505228970246146
39135,39.9,-84.5,0.038094747425464925
39135,39.8,-84.8,0.05513341204452604
39135,39.8,-84.7,0.08608964092243382
39135,39.8,-84.6,0.08608964092243702
39135,39.8,-84.5,0.057731085372069765
39135,39.7,-84.8,0.0554639377789263
39135,39.7,-84.7,0.08621271096742504
39135,39.7,-84.6,0.08621271096742175
39135,39.7,-84.5,0.05950170318400902
39135,39.6,-84.8,0.046214099297941735
39135,39.6,-84.7,0.07131538534251297
39135,39.6,-84.6,0.07120391195036466
39135,39.6,-84.5,0.049766594717884284
29021,39.8,-94.9,0.02732384082910034
29021,39.8,-94.8,0.06295283131928602
29021,39.8,-94.7,0.06241010903014379
29021,39.8,-94.6,0.029367450716066487
29021,39.7,-95.0,0.03044100443016528
29021,39.7,-94.9,0.074522367730958
29021,39.7,-94.8,0.08854399204097381
29021,39.7,-94.7,0.08854399204097493
29021,39.7,-94.6,0.0422705818214408
29021,39.6,-95.1,0.016422108405288603
29021,39.6,-95.0,0.08764990481528422
29021,39.6,-94.9,0.08867011579992204
29021,39.6,-94.8,0.08867011579992193
29021,39.6,-94.7,0.08867011579992229
29021,39.6,-94.6,0.04288630057676743
29021,39.5,-95.1,0.008681284639320025
29021,39.5,-95.0,0.015000381993156295
29021,39.5,-94.9,0.015506050474876458
29021,39.5,-94.8,0.016133712184483916
29021,39.5,-94.7,0.01683965469713055
29021,39.5,-94.6,0.008494084854816723
19101,41.2,-92.2,0.003140914749076377
19101,41.2,-92.1,0.010693384450325211
19101,41.2,-92.0,0.011204191322383658
19101,41.2,-91.9,0.010335062984978808
19101,41.2,-91.8,0.00974687550880535
19101,41.2,-91.7,0.0035151178586682397
19101,41.1,-92.2,0.024506303582784102
19101,41.1,-92.1,0.08245534794622733
19101,41.1,-92.0,0.0824553479462309
19101,41.1,-91.9,0.08245534794623609
19101,41.1,-91.8,0.0824553479462294
19101,41.1,-91.7,0.02737281883768953
19101,41.0,-92.2,0.024257295797780177
19101,41.0,-92.1,0.08257884757469937
19101,41.0,-92.0,0.0825788475746958
19101,41.0,-91.9,0.08257884757469258
19101,41.0,-91.8,0.08257884757470181
19101,41.0,-91.7,0.026469107066962233
19101,40.9,-92.2,0.012093419725426532
19101,40.9,-92.1,0.04147263627821964
19101,40.9,-92.0,0.04107056752332223
19101,40.9,-91.9,0.0404409582661553
19101,40.9,-91.8,0.04052795153077737
19101,40.9,-91.7,0.013016612432931911
17175,41.2,-89.9,0.018907524734690515
17175,41.2,-89.8,0.10508970065227147
17175,41.2,-89.7,0.10464210633300276
17175,41.2,-89.6,0.011894247188292783
17175,41.1,-90.0,0.043214949432258905
17175,41.1,-89.9,0.1243267780538206
17175,41.1,-89.8,0.12492353480837899
17175,41.1,-89.7,0.12492353480837938
17175,41.1,-89.6,0.01436370570138247
17175,41.0,-90.0,0.033229167272855104
17175,41.0,-89.9,0.09389665363536319
17175,41.0,-89.8,0.09444248784378376
17175,41.0,-89.7,0.0952978546818352
17175,41.0,-89.6,0.010847754853684874
27149,45.8,-96.3,0.0002296162264436188
27149,45.8,-96.2,0.005703622475629173
27149,45.8,-96.1,0.005581950753459671
27149,45.8,-96.0,0.005502223399844273
27149,45.8,-95.9,0.005615634747671861
27149,45.8,-95.8,0.0052208511857285205
27149,45.7,-96.3,0.002336896132926417
27149,45.7,-96.2,0.05809356239678018
27149,45.7,-96.1,0.05809356239678529
27149,45.7,-96.0,0.05809356239679388
27149,45.7,-95.9,0.05809356239678531
27149,45.7,-95.8,0.0530948775770677
27149,45.6,-96.3,0.0012767636919076156
27149,45.6,-96.2,0.056412457242791016
27149,45.6,-96.1,0.05819601026251199
27149,45.6,-96.0,0.05819601026251775
27149,45.6,-95.9,0.05819601026251199
27149,45.6,-95.8,0.055077536727480725
27149,45.6,-95.7,0.0004891932709916221
27149,45.5,-96.2,0.05311617299684479
27149,45.5,-96.1,0.058298275938328224
27149,45.5,-96.0,0.05829827593833319
27149,45.5,-95.9,0.05829827593832825
27149,45.5,-95.8,0.05829827593832919
27149,45.5,-95.7,0.0014075049882034127
27149,45.4,-96.2,0.02010906517428731
27149,45.4,-96.1,0.022170476484573376
27149,45.4,-96.0,0.021975344670154325
27149,45.4,-95.9,0.021968298353219094
27149,45.4,-95.8,0.021996927637121185
27149,45.4,-95.7,0.0005592021356489906
19197,42.9,-94.0,0.007446451530146931
19197,42.9,-93.9,0.03505530705280795
19197,42.9,-93.8,0.03525144807405469
19197,42.9,-93.7,0.03516927801612776
19197,42.9,-93.6,0.03525975709227494
19197,42.9,-93.5,0.018116193486485726
19197,42.8,-94.0,0.012955364501996882
19197,42.8,-93.9,0.06026123694199208
19197,42.8,-93.8,0.060261236941999356
19197,42.8,-93.7,0.06026123694198892
19197,42.8,-93.6,0.060261236941991446
19197,42.8,-93.5,0.030910854204322564
19197,42.7,-94.0,0.012946331938710151
19197,42.7,-93.9,0.060357128445092854
19197,42.7,-93.8,0.06035712844510159
19197,42.7,-93.7,0.0603571284450926
19197,42.7,-93.6,0.060357128445090245
19197,42.7,-93.5,0.030787169625886585
19197,42.6,-94.0,0.012033726785545304
19197,42.6,-93.9,0.05571862371421831
19197,42.6,-93.8,0.05589341338658527
19197,42.6,-93.7,0.05587986347421947
19197,42.6,-93.6,0.05588639984188306
19197,42.6,-93.5,0.028216355726385388
19065,43.1,-92.1,0.004887099251472768
19065,43.1,-92.0,0.015550763511096861
19065,43.1,-91.9,0.015385138676318466
19065,43.1,-91.8,0.015247884155008608
19065,43.1,-91.7,0.015198916827499414
19065,43.1,-91.6,0.006765409445968637
19065,43.0,-92.1,0.015037156129398191
19065,43.0,-92.0,0.047823669394223806
19065,43.0,-91.9,0.047823669394222085
19065,43.0,-91.8,0.04782366939422129
19065,43.0,-91.7,0.047823669394221884
19065,43.0,-91.6,0.021085585537391205
19065,42.9,-92.1,0.015122583399400967
19065,42.9,-92.0,0.04790031177807881
19065,42.9,-91.9,0.04790031177807702
19065,42.9,-91.8,0.04790031177807813
19065,42.9,-91.7,0.047900311778077534
19065,42.9,-91.6,0.02074294841913414
19065,42.8,-92.1,0.015194115925220903
19065,42.8,-92.0,0.04797680494333512
19065,42.8,-91.9,0.047976804943336344
19065,42.8,-91.8,0.047976804943337184
19065,42.8,-91.7,0.0479768049433368
19065,42.8,-91.6,0.02047085167651104
19065,42.7,-92.1,0.01521478968369543
19065,42.7,-92.0,0.048053148678930714
19065,42.7,-91.9,0.048053148678931464
19065,42.7,-91.8,0.04805314867892962
19065,42.7,-91.7,0.04805314867892847
19065,42.7,-91.6,0.02090245019306014
19065,42.6,-92.1,0.001204483411583572
19065,42.6,-92.0,0.0037714122686222954
19065,42.6,-91.9,0.0035837619355356337
19065,42.6,-91.8,0.003123462912891415
19065,42.6,-91.7,0.003215317136514624
19065,42.6,-91.6,0.0012801303254094583
18157,40.6,-87.1,0.004188898789243009
18157,40.6,-87.0,0.008826634381686084
18157,40.6,-86.9,0.008374937201035623
18157,40.6,-86.8,0.008682073975437063
18157,40.6,-86.7,0.004718546755100892
18157,40.5,-87.1,0.03168980171403726
18157,40.5,-87.0,0.0722296711928084
18157,40.5,-86.9,0.07222967119280065
18157,40.5,-86.8,0.07222967119279443
18157,40.5,-86.7,0.03973898114320008
18157,40.4,-87.1,0.030804494257247735
18157,40.4,-87.0,0.07233555664932768
18157,40.4,-86.9,0.07233555664931658
18157,40.4,-86.8,0.0723355566493197
18157,40.4,-86.7,0.0399882351857976
18157,40.3,-87.1,0.03084349093877286
18157,40.3,-87.0,0.07244121779234354
18157,40.3,-86.9,0.07244121779233266
18157,40.3,-86.8,0.07244121779233433
18157,40.3,-86.7,0.03971495698695191
18157,40.2,-87.1,0.010855746899064649
18157,40.2,-87.0,0.025524002807798037
18157,40.2,-86.9,0.025415035415500373
18157,40.2,-86.8,0.025550816728533248
18157,40.2,-86.7,0.014064009917215528
17087,37.6,-89.0,0.04620901679258208
17087,37.6,-88.9,0.05100209430667839
17087,37.6,-88.8,0.0541002891039623
17087,37.6,-88.7,0.02220882533105264
17087,37.5,-89.0,0.1013890388004769
17087,37.5,-88.9,0.10868666501240058
17087,37.5,-88.8,0.10868666501240315
17087,37.5,-88.7,0.04374243367033728
17087,37.4,-89.0,0.10283537160949248
17087,37.4,-88.9,0.10882959531960171
17087,37.4,-88.8,0.10882959531960698
17087,37.4,-88.7,0.042876190976576065
17087,37.3,-89.0,0.04735228436792069
17087,37.3,-88.9,0.03139408575639804
17087,37.3,-88.8,0.015757014657407822
17087,37.3,-88.7,0.006100833963102863
39011,40.7,-84.5,0.0019165052476461395
39011,40.7,-84.4,0.03150646591136408
39011,40.7,-84.3,0.032175227472866094
39011,40.7,-84.2,0.013491125097644689
39011,40.7,-84.1,0.002901984259313865
39011,40.6,-84.5,0.005360558041988903
39011,40.6,-84.4,0.09029588432927332
39011,40.6,-84.3,0.09029588432927026
39011,40.6,-84.2,0.090295884329261
39011,40.6,-84.1,0.08688542146910298
39011,40.6,-84.0,0.08497661094822732
39011,40.6,-83.9,0.059562430620769116
39011,40.5,-84.5,0.004672969891320546
39011,40.5,-84.4,0.09042872925986548
39011,40.5,-84.3,0.06505496887332757
39011,40.5,-84.2,0.061247741567810585
39011,40.5,-84.1,0.06059295105786711
39011,40.5,-84.0,0.039780909243003135
39011,40.5,-83.9,0.00885117206441183
39011,40.4,-84.5,0.004440659352316502
39011,40.4,-84.4,0.06803233543563136
39011,40.4,-84.3,0.007233581197718134
19099,41.9,-93.3,0.006145969084164207
19099,41.9,-93.2,0.006169022146283023
19099,41.9,-93.1,0.006135334581291842
19099,41.9,-93.0,0.006077508809228355
19099,41.9,-92.9,0.006032731221981202
19099,41.9,-92.8,0.005032271368703402
19099,41.8,-93.3,0.047706042372381456
19099,41.8,-93.2,0.0486273359754815
19099,41.8,-93.1,0.048627335975482744
19099,41.8,-93.0,0.04862733597548303
19099,41.8,-92.9,0.04862733597548135
19099,41.8,-92.8,0.04080980622926426
19099,41.7,-93.3,0.04793384461049159
19099,41.7,-93.2,0.04870201092687948
19099,41.7,-93.1,0.04870201092687962
19099,41.7,-93.0,0.04870201092688068
19099,41.7,-92.9,0.048702010926881055
19099,41.7,-92.8,0.04070906835952656
19099,41.6,-93.3,0.04317253223134559
19099,41.6,-93.2,0.04877653449463577
19099,41.6,-93.1,0.04877653449463672
19099,41.6,-93.0,0.04877653449463708
19099,41.6,-92.9,0.04877653449463603
19099,41.6,-92.8,0.043105868394620356
19099,41.5,-93.3,0.01616954561273701
19099,41.5,-93.2,0.02048339616641399
19099,41.5,-93.1,0.02039660414790175
19099,41.5,-93.0,0.020357343724590696
19099,41.5,-92.9,0.020310235815976057
19099,41.5,-92.8,0.01882934953510358
19047,42.2,-95.7,0.006291884169310588
19047,42.2,-95.6,0.030263095653643275
19047,42.2,-95.5,0.030147696611918788
19047,42.2,-95.4,0.030116717407696923
19047,42.2,-95.3,0.030143322506301935
19047,42.2,-95.2,0.030136936462346116
19047,42.2,-95.1,0.017675634215161315
19047,42.1,-95.7,0.010601913049681227
19047,42.1,-95.6,0.04961600220474304
19047,42.1,-95.5,0.04961600220474445
19047,42.1,-95.4,0.04961600220474349
19047,42.1,-95.3,0.04961600220474198
19047,42.1,-95.2,0.0496160022047412
19047,42.1,-95.1,0.0289974824611486
19047,42.0,-95.7,0.010925093810577565
19047,42.0,-95.6,0.04969301376485169
19047,42.0,-95.5,0.04969301376485105
19047,42.0,-95.4,0.04969301376485092
19047,42.0,-95.3,0.04969301376485085
19047,42.0,-95.2,0.04969301376485014
19047,42.0,-95.1,0.028751688883871876
19047,41.9,-95.7,0.00969212233317646
19047,41.9,-95.6,0.04314196840539827
19047,41.9,-95.5,0.04315383672753058
19047,41.9,-95.4,0.04303019256229712
19047,41.9,-95.3,0.04277576161014289
19047,41.9,-95.2,0.04295589205337893
19047,41.9,-95.1,0.024653681228448732
19119,43.5,-96.6,0.012030639400197954
19119,43.5,-96.5,0.02976853259237862
19119,43.5,-96.4,0.029741844908006517
19119,43.5,-96.3,0.029745851416407558
19119,43.5,-96.2,0.02966764261031062
19119,43.5,-96.1,0.029614046792587802
19119,43.5,-96.0,0.029581120011106164
19119,43.5,-95.9,0.02636280694618432
19119,43.4,-96.6,0.00783505502145158
19119,43.4,-96.5,0.05191770821369667
19119,43.4,-96.4,0.059144065831656545
19119,43.4,-96.3,0.059144065831657405
19119,43.4,-96.2,0.05914406583165337
19119,43.4,-96.1,0.05914406583165415
19119,43.4,-96.0,0.05914406583166384
19119,43.4,-95.9,0.052897290768616226
19119,43.3,-96.6,0.006328926469519148
19119,43.3,-96.5,0.04723040776194283
19119,43.3,-96.4,0.054314801320764224
19119,43.3,-96.3,0.054743828096051925
19119,43.3,-96.2,0.05483433964954052
19119,43.3,-96.1,0.054716204908310265
19119,43.3,-96.0,0.05439643749691275
19119,43.3,-95.9,0.04855218645772906
19067,43.2,-93.0,0.032275510844322536
19067,43.2,-92.9,0.04362203756877439
19067,43.2,-92.8,0.0436514805836646
19067,43.2,-92.7,0.04355597563086932
19067,43.2,-92.6,0.04171794197674922
19067,43.1,-93.0,0.051258842675430606
19067,43.1,-92.9,0.06964864158054228
19067,43.1,-92.8,0.06964864158054614
19067,43.1,-92.7,0.06964864158054843
19067,43.1,-92.6,0.06678479348615071
19067,43.0,-93.0,0.05147995378998321
19067,43.0,-92.9,0.0697606576177497
19067,43.0,-92.8,0.06976065761775074
19067,43.0,-92.7,0.0697606576177506
19067,43.0,-92.6,0.06687179386885851
19067,42.9,-93.0,0.022259562993408984
19067,42.9,-92.9,0.029769955436054776
19067,42.9,-92.8,0.02986478537222062
19067,42.9,-92.7,0.02994532373721077
19067,42.9,-92.6,0.0287141444414139
18003,41.3,-85.3,0.00446542005197821
18003,41.3,-85.2,0.007731473085963972
18003,41.3,-85.1,0.00840643042550472
18003,41.3,-85.0,0.009218467626333183
18003,41.3,-84.9,0.010328024974726608
18003,41.3,-84.8,0.0051820664605816864
18003,41.2,-85.3,0.03709280843061257
18003,41.2,-85.2,0.054493483351222026
18003,41.2,-85.1,0.05449348335122143
18003,41.2,-85.0,0.05449348335122396
18003,41.2,-84.9,0.054493483351226085
18003,41.2,-84.8,0.025344839039240678
18003,41.1,-85.3,0.04758030562277246
18003,41.1,-85.2,0.05457539451358803
18003,41.1,-85.1,0.05457539451358742
18003,41.1,-85.0,0.05457539451358925
18003,41.1,-84.9,0.05457539451358801
18003,41.1,-84.8,0.025430019888580502
18003,41.0,-85.3,0.04687329918305691
18003,41.0,-85.2,0.054657136221240285
18003,41.0,-85.1,0.054657136221242054
18003,41.0,-85.0,0.054657136221238925
18003,41.0,-84.9,0.054657136221242776
18003,41.0,-84.8,0.025535401012942816
18003,40.9,-85.3,0.015486151365229921
18003,40.9,-85.2,0.01820895304819024
18003,40.9,-85.1,0.01780337384539738
18003,40.9,-85.0,0.0170450589615746
18003,40.9,-84.9,0.01616440397602067
18003,40.9,-84.8,0.007199446657082684
18167,39.6,-87.5,0.042261943624246075
18167,39.6,-87.4,0.051913119439769624
18167,39.6,-87.3,0.05214471144637986
18167,39.6,-87.2,0.026175376557285787
18167,39.5,-87.5,0.07347043925452308
18167,39.5,-87.4,0.08983521560621208
18167,39.5,-87.3,0.08983521560621506
18167,39.5,-87.2,0.02021859583022923
18167,39.4,-87.5,0.07353595441120525
18167,39.4,-87.4,0.08996225958488303
18167,39.4,-87.3,0.08996225958487832
18167,39.4,-87.2,0.00930531153482079
18167,39.3,-87.6,0.037953420503039965
18167,39.3,-87.5,0.08158746172291051
18167,39.3,-87.4,0.0818648963350312
18167,39.3,-87.3,0.08185240828854563
18167,39.3,-87.2,0.008121410669824542
27047,43.8,-93.6,0.04602135841801035
27047,43.8,-93.5,0.046846844382765124
27047,43.8,-93.4,0.046888536980694576
27047,43.8,-93.3,0.0469079849067105
27047,43.8,-93.2,0.04695382641134402
27047,43.8,-93.1,0.04702860415087139
27047,43.8,-93.0,0.0002127677427050974
27047,43.7,-93.6,0.047108401634400755
27047,43.7,-93.5,0.04786769377963364
27047,43.7,-93.4,0.04786769377963867
27047,43.7,-93.3,0.0478676937796402
27047,43.7,-93.2,0.04786769377963767
27047,43.7,-93.1,0.047867693779634964
27047,43.7,-93.0,0.0003191425294108353
27047,43.6,-93.6,0.04720592404304542
27047,43.6,-93.5,0.04794633531103751
27047,43.6,-93.4,0.04794633531103673
27047,43.6,-93.3,0.04794633531103647
27047,43.6,-93.2,0.04794633531103861
27047,43.6,-93.1,0.04794633531103971
27047,43.6,-93.0,0.0003122898866694495
27047,43.5,-93.6,0.023803562883426877
27047,43.5,-93.5,0.024202550185841987
27047,43.5,-93.4,0.024235899076006297
27047,43.5,-93.3,0.02428174618727342
27047,43.5,-93.2,0.02423720445139152
27047,43.5,-93.1,0.024171950344329805
27047,43.5,-93.0,0.0001912603317284487
17055,38.1,-89.1,0.04852413207728973
17055,38.1,-89.0,0.06552500519021451
17055,38.1,-88.9,0.06613065608512349
17055,38.1,-88.8,0.06637417629151157
17055,38.1,-88.7,0.0294492232843693
17055,38.0,-89.2,0.00259245601090072
17055,38.0,-89.1,0.08196217819635607
17055,38.0,-89.0,0.08723727859593368
17055,38.0,-88.9,0.08723727859594083
17055,38.0,-88.8,0.08723727859593863
17055,38.0,-88.7,0.03826178748638594
17055,37.9,-89.2,0.0006730779017726824
17055,37.9,-89.1,0.07679112760828517
17055,37.9,-89.0,0.07681712813691204
17055,37.9,-88.9,0.076519725862878
17055,37.9,-88.8,0.07588362211897846
17055,37.9,-88.7,0.03278386796120922
29127,39.9,-91.8,0.07395309428972001
29127,39.9,-91.7,0.08038834480635454
29127,39.9,-91.6,0.07995690276312237
29127,39.9,-91.5,0.07929326269416534
29127,39.9,-91.4,0.01190540798595305
29127,39.8,-91.8,0.0777509146026603
29127,39.8,-91.7,0.0826804279234413
29127,39.8,-91.6,0.08268042792343962
29127,39.8,-91.5,0.0826804279234525
29127,39.8,-91.4,0.054064988410063554
29127,39.7,-91.8,0.0730330625677941
29127,39.7,-91.7,0.06103655311069535
29127,39.7,-91.6,0.053264617746643136
29127,39.7,-91.5,0.053490252889168685
29127,39.7,-91.4,0.048919800797134816
29127,39.7,-91.3,0.004901513566191308
17005,39.0,-89.6,0.05266273955755602
17005,39.0,-89.5,0.07564741807194215
17005,39.0,-89.4,0.0754664651980683
17005,39.0,-89.3,0.0722160863108974
17005,38.9,-89.6,0.07603552669360057
17005,38.9,-89.5,0.09712295765480373
17005,38.9,-89.4,0.09712295765480208
17005,38.9,-89.3,0.09085882977589836
17005,38.8,-89.6,0.04717038110930345
17005,38.8,-89.5,0.09725736181946867
17005,38.8,-89.4,0.09725736181946616
17005,38.8,-89.3,0.09250999593493645
17005,38.7,-89.6,0.0034356972034327972
17005,38.7,-89.5,0.008780236534409762
17005,38.7,-89.4,0.008736689091860185
17005,38.7,-89.3,0.0077192955695539545
39171,41.7,-84.8,0.022319050767764914
39171,41.7,-84.7,0.04160329846187215
39171,41.7,-84.6,0.04340675427624751
39171,41.7,-84.5,0.04520445234937607
39171,41.7,-84.4,0.02365512225093186
39171,41.6,-84.8,0.04691311159630999
39171,41.6,-84.7,0.08447406055895874
39171,41.6,-84.6,0.08447406055895872
39171,41.6,-84.5,0.08447406055895575
39171,41.6,-84.4,0.05334150398750599
39171,41.5,-84.8,0.04612734076523043
39171,41.5,-84.7,0.084602862312034
39171,41.5,-84.6,0.084602862312036
39171,41.5,-84.5,0.08460286231203457
39171,41.5,-84.4,0.07525725149083788
39171,41.5,-84.3,0.004381584115720479
39171,41.4,-84.8,0.01089619114768965
39171,41.4,-84.7,0.01996982701678022
39171,41.4,-84.6,0.01960308591311398
39171,41.4,-84.5,0.019383654439142625
39171,41.4,-84.4,0.019138928052664955
39171,41.4,-84.3,0.0015680747558334512
29049,39.7,-94.6,0.044110601800778665
29049,39.7,-94.5,0.08482225670457477
29049,39.7,-94.4,0.08458857634510554
29049,39.7,-94.3,0.08420700563136205
29049,39.7,-94.2,0.036765784217970644
29049,39.6,-94.6,0.04489369555405228
29049,39.6,-94.5,0.08694620935502449
29049,39.6,-94.4,0.0869462093550335
29049,39.6,-94.3,0.08694620935503292
29049,39.6,-94.2,0.03739721315366967
29049,39.5,-94.6,0.04190120097070463
29049,39.5,-94.5,0.08221100517100456
29049,39.5,-94.4,0.08221661132508536
29049,39.5,-94.3,0.08233932556618354
29049,39.5,-94.2,0.033708095494417376
27009,45.8,-94.4,7.245885793951222e-05
27009,45.8,-94.3,0.030910745888436092
27009,45.8,-94.2,0.05908069717801362
27009,45.8,-94.1,0.059291203815756734
27009,45.8,-94.0,0.059751014687032915
27009,45.8,-93.9,0.05917503204091704
27009,45.8,-93.8,0.05105256397692176
27009,45.7,-94.3,0.0009159215025328068
27009,45.7,-94.2,0.05291594605870404
27009,45.7,-94.1,0.08091593128628786
27009,45.7,-94.0,0.08091593128628174
27009,45.7,-93.9,0.08091593128628402
27009,45.7,-93.8,0.07160270420711332
27009,45.6,-94.2,0.0267071028935949
27009,45.6,-94.1,0.07354971762713794
27009,45.6,-94.0,0.0734810635766361
27009,45.6,-93.9,0.07297200933015174
27009,45.6,-93.8,0.06577402450025785
29137,39.7,-92.2,0.002461109385629739
29137,39.7,-92.1,0.006345218687849426
29137,39.7,-92.0,0.005484231422994334
29137,39.7,-91.9,0.005010919075275404
29137,39.7,-91.8,0.004522409285631054
29137,39.7,-91.7,0.0014655685435982439
29137,39.6,-92.3,0.015704498476439566
29137,39.6,-92.2,0.038952639839677144
29137,39.6,-92.1,0.05494415291447565
29137,39.6,-92.0,0.0549441529144756
29137,39.6,-91.9,0.05494415291447469
29137,39.6,-91.8,0.05494415291447438
29137,39.6,-91.7,0.019716266829326486
29137,39.5,-92.3,0.030076470506420174
29137,39.5,-92.2,0.055022134961681866
29137,39.5,-92.1,0.055022134961681825
29137,39.5,-92.0,0.05502213496168186
29137,39.5,-91.9,0.05502213496168278
29137,39.5,-91.8,0.055022134961684725
29137,39.5,-91.7,0.019961701308342496
29137,39.4,-92.3,0.03197849531047716
29137,39.4,-92.2,0.055099946662735676
29137,39.4,-92.1,0.05509994666273522
29137,39.4,-92.0,0.055099946662737334
29137,39.4,-91.9,0.055099946662735426
29137,39.4,-91.8,0.05509994666273391
29137,39.4,-91.7,0.018497496731732066
29137,39.3,-92.3,0.0010171824974008925
29137,39.3,-92.2,0.0032728692737176266
29137,39.3,-92.1,0.004877038166168276
29137,39.3,-92.0,0.005495358232253606
29137,39.3,-91.9,0.006397911557671617
29137,39.3,-91.8,0.006462804821420941
29137,39.3,-91.7,0.0019127902679828461
29135,38.9,-92.5,0.028031284012376992
29135,38.8,-92.6,0.012852253870576988
29135,38.8,-92.5,0.08738921235937425
29135,38.8,-92.4,0.037703336512227466
29135,38.7,-92.8,0.027461329644663073
29135,38.7,-92.7,0.02883227952650383
29135,38.7,-92.6,0.06150926760373923
29135,38.7,-92.5,0.08900292880739302
29135,38.7,-92.4,0.03718111824283766
29135,38.6,-92.8,0.06880429939254083
29135,38.6,-92.7,0.08912520647802075
29135,38.6,-92.6,0.08912520647802541
29135,38.6,-92.5,0.08870972782700139
29135,38.6,-92.4,0.00987622462046373
29135,38.5,-92.8,0.0031758781207924963
29135,38.5,-92.7,0.05505366795335558
29135,38.5,-92.6,0.08924720866838563
29135,38.5,-92.5,0.06995000511700425
29135,38.4,-92.7,7.916529780967635e-08
29135,38.4,-92.6,0.015629179404871664
29135,38.4,-92.5,0.011340306194547876
29073,38.7,-91.6,0.024348662727450232
29073,38.7,-91.5,0.03421183038621691
29073,38.7,-91.4,0.033131443181510296
29073,38.6,-91.6,0.06506901947563042
29073,38.6,-91.5,0.07099358301953908
29073,38.6,-91.4,0.057931012837198724
29073,38.5,-91.6,0.0658974348585601
29073,38.5,-91.5,0.07109076509600515
29073,38.5,-91.4,0.058305347788891675
29073,38.4,-91.6,0.06695404029458969
29073,38.4,-91.5,0.07118772747502432
29073,38.4,-91.4,0.05902050657996908
29073,38.3,-91.6,0.06745839783169881
29073,38.3,-91.5,0.07128446989652322
29073,38.3,-91.4,0.05971815496843382
29073,38.2,-91.6,0.0655661868021893
29073,38.2,-91.5,0.03423707081603592
29073,38.2,-91.4,0.023594345964533317
18015,40.7,-86.8,0.007356527252896648
18015,40.7,-86.7,0.0836344410709944
18015,40.7,-86.6,0.08310570548673664
18015,40.7,-86.5,0.05118458227203357
18015,40.7,-86.4,0.031198632020074727
18015,40.6,-86.8,0.018709925117100963
18015,40.6,-86.7,0.09044775799380136
18015,40.6,-86.6,0.09677936366544515
18015,40.6,-86.5,0.09677936366544218
18015,40.6,-86.4,0.07359244040890868
18015,40.5,-86.7,0.04359779569230316
18015,40.5,-86.6,0.09692174720755267
18015,40.5,-86.5,0.09692174720755665
18015,40.5,-86.4,0.0724365483778466
18015,40.4,-86.7,0.007810930514371545
18015,40.4,-86.6,0.0179049313902799
18015,40.4,-86.5,0.018289336935213917
18015,40.4,-86.4,0.013328223721441221
27109,44.2,-92.7,0.006809149484100149
27109,44.2,-92.6,0.023649131558168945
27109,44.2,-92.5,0.02341984548850953
27109,44.2,-92.4,0.023238674759345372
27109,44.2,-92.3,0.0071782705521704765
27109,44.1,-92.7,0.014837645021454534
27109,44.1,-92.6,0.052466134435553584
27109,44.1,-92.5,0.05246613443555289
27109,44.1,-92.4,0.0524661344355514
27109,44.1,-92.3,0.03715131055367725
27109,44.1,-92.2,0.0301172558655649
27109,44.1,-92.1,0.021165354586305973
27109,44.0,-92.7,0.01477040995896264
27109,44.0,-92.6,0.052553561258376374
27109,44.0,-92.5,0.05255356125837539
27109,44.0,-92.4,0.052553561258375646
27109,44.0,-92.3,0.05255356125837689
27109,44.0,-92.2,0.05255356125837756
27109,44.0,-92.1,0.037299420338152346
27109,43.9,-92.7,0.01488125172371489
27109,43.9,-92.6,0.05264082403680834
27109,43.9,-92.5,0.05264082403680761
27109,43.9,-92.4,0.05264082403680993
27109,43.9,-92.3,0.05264082403681173
27109,43.9,-92.2,0.05264082403681059
27109,43.9,-92.1,0.037349919456269386
27109,43.8,-92.7,0.003254476205268171
27109,43.8,-92.6,0.00845349560043378
27109,43.8,-92.5,0.008428054499300905
27109,43.8,-92.4,0.0010280219792171469
27109,43.8,-92.3,0.0010730895404374358
27109,43.8,-92.2,0.001456425879760982
27109,43.8,-92.1,0.001068467166597318
27155,46.0,-96.6,0.008963300301827428
27155,46.0,-96.5,0.04075666519872769
27155,46.0,-96.4,0.04063746818271055
27155,46.0,-96.3,0.0340318268512856
27155,45.9,-96.6,0.010437600721765103
27155,45.9,-96.5,0.05684478812070082
27155,45.9,-96.4,0.05684478812070358
27155,45.9,-96.3,0.05350340085111745
27155,45.8,-96.6,0.03347537947988444
27155,45.8,-96.5,0.0569457465060404
27155,45.8,-96.4,0.056945746506042665
27155,45.8,-96.3,0.05463999502639528
27155,45.7,-96.8,0.010716326503927577
27155,45.7,-96.7,0.04095831424723516
27155,45.7,-96.6,0.05704622997136534
27155,45.7,-96.5,0.057046526550371936
27155,45.7,-96.4,0.05704652655037109
27155,45.7,-96.3,0.05475174892282259
27155,45.6,-96.9,0.0004989109006678686
27155,45.6,-96.8,0.03515200822851035
27155,45.6,-96.7,0.03666123534690807
27155,45.6,-96.6,0.036777031129277486
27155,45.6,-96.5,0.03685473553672053
27155,45.6,-96.4,0.03686219272224288
27155,45.6,-96.3,0.035601507522378124
29025,39.8,-94.2,0.018234527881708044
29025,39.8,-94.1,0.030996668196292418
29025,39.8,-94.0,0.030569409853470095
29025,39.8,-93.9,0.03117427738952177
29025,39.8,-93.8,0.02765896895145149
29025,39.7,-94.2,0.047900260704580006
29025,39.7,-94.1,0.08555431857273459
29025,39.7,-94.0,0.08555431857273028
29025,39.7,-93.9,0.0855543185727296
29025,39.7,-93.8,0.07804634657460446
29025,39.6,-94.2,0.04882523270796612
29025,39.6,-94.1,0.08567618378349115
29025,39.6,-94.0,0.08567618378349266
29025,39.6,-93.9,0.08567618378349141
29025,39.6,-93.8,0.07838355422987048
29025,39.5,-94.2,0.011627176221760259
29025,39.5,-94.1,0.020707973643940388
29025,39.5,-94.0,0.021705005471786623
29025,39.5,-93.9,0.02119755074023733
29025,39.5,-93.8,0.019281540364140776
29015,38.5,-93.5,0.019530807788317894
29015,38.5,-93.4,0.029498928432981613
29015,38.5,-93.3,0.034112962299648886
29015,38.5,-93.2,0.0418610169369441
29015,38.5,-93.1,0.03263472442739302
29015,38.4,-93.5,0.03198110102503944
29015,38.4,-93.4,0.04974930195841615
29015,38.4,-93.3,0.049749301958416654
29015,38.4,-93.2,0.04974930195841326
29015,38.4,-93.1,0.03922200366645068
29015,38.3,-93.5,0.03452470941219893
29015,38.3,-93.4,0.049816910071638014
29015,38.3,-93.3,0.04981691007163782
29015,38.3,-93.2,0.04981691007163967
29015,38.3,-93.1,0.036896021797939896
29015,38.2,-93.5,0.029882197108595125
29015,38.2,-93.4,0.049884364286980544
29015,38.2,-93.3,0.04988436428698107
29015,38.2,-93.2,0.04988436428698498
29015,38.2,-93.1,0.038430297866821596
29015,38.1,-93.5,0.020313174820627136
29015,38.1,-93.4,0.040241027983706865
29015,38.1,-93.3,0.041795121857460954
29015,38.1,-93.2,0.042814311242409246
29015,38.1,-93.1,0.03790986438235645
27141,45.6,-94.1,0.0066572205431778865
27141,45.6,-94.0,0.006939843066733792
27141,45.6,-93.9,0.007406055843809615
27141,45.6,-93.8,0.007252547530406132
27141,45.6,-93.7,0.007173335654192609
27141,45.6,-93.6,0.0068667446327023126
27141,45.6,-93.5,0.002583210065599071
27141,45.5,-94.2,4.79596815845492e-06
27141,45.5,-94.1,0.05996960088168372
27141,45.5,-94.0,0.07436727128787414
27141,45.5,-93.9,0.07436727128787493
27141,45.5,-93.8,0.07436727128788406
27141,45.5,-93.7,0.07436727128787081
27141,45.5,-93.6,0.07436727128787189
27141,45.5,-93.5,0.02932185594569327
27141,45.4,-94.1,0.00334819633988103
27141,45.4,-94.0,0.038108187262672295
27141,45.4,-93.9,0.06136258021428765
27141,45.4,-93.8,0.07449749210205535
27141,45.4,-93.7,0.07449749210204723
27141,45.4,-93.6,0.07449749210204744
27141,45.4,-93.5,0.029728688440073883
27141,45.3,-93.9,0.0022149613101521805
27141,45.3,-93.8,0.026877681846937566
27141,45.3,-93.7,0.03830138262500305
27141,45.3,-93.6,0.04242208404900232
27141,45.3,-93.5,0.027825256007482955
27141,45.2,-93.5,0.0003069390268243271
19089,43.5,-92.6,0.0012305698793068014
19089,43.5,-92.5,0.03685385012551591
19089,43.5,-92.4,0.037025547683620416
19089,43.5,-92.3,0.03705501001672793
19089,43.5,-92.2,0.03714349367059736
19089,43.5,-92.1,0.02601929861063438
19089,43.4,-92.6,0.002901908151587414
19089,43.4,-92.5,0.07337358706570332
19089,43.4,-92.4,0.07337358706570554
19089,43.4,-92.3,0.07337358706569862
19089,43.4,-92.2,0.07337358706569744
19089,43.4,-92.1,0.05125928573434819
19089,43.3,-92.6,0.0031964915481350873
19089,43.3,-92.5,0.07349285662029302
19089,43.3,-92.4,0.07349285662029176
19089,43.3,-92.3,0.0734928566202913
19089,43.3,-92.2,0.07349285662028997
19089,43.3,-92.1,0.05097848144310308
19089,43.2,-92.6,0.001208264846420292
19089,43.2,-92.5,0.02734493048870594
19089,43.2,-92.4,0.027263004202015953
19089,43.2,-92.3,0.02712350519814078
19089,43.2,-92.2,0.027137062116070417
19089,43.2,-92.1,0.018793521541099097
29089,39.3,-92.8,0.04490462551066696
29089,39.3,-92.7,0.05467197770557199
29089,39.3,-92.6,0.034172785639522224
29089,39.3,-92.5,0.013507047961389655
29089,39.3,-92.4,0.00023545211918714985
29089,39.2,-92.9,0.016843215105983942
29089,39.2,-92.8,0.07718652173697539
29089,39.2,-92.7,0.07852638234583399
29089,39.2,-92.6,0.07852638234582986
29089,39.2,-92.5,0.07075512080340227
29089,39.2,-92.4,0.0030705281559197917
29089,39.1,-92.9,0.05939375035148626
29089,39.1,-92.8,0.07863623731281263
29089,39.1,-92.7,0.07863623731280912
29089,39.1,-92.6,0.07863623731281691
29089,39.1,-92.5,0.033010373196974065
29089,39.0,-92.9,0.026229303762863733
29089,39.0,-92.8,0.05822934166190044
29089,39.0,-92.7,0.055641207824924065
29089,39.0,-92.6,0.05763955622391463
29089,39.0,-92.5,0.0015477156092149763
19077,41.9,-94.7,0.007145386817507087
19077,41.9,-94.6,0.007794507506458109
19077,41.9,-94.5,0.007943476157892617
19077,41.9,-94.4,0.007885812416197126
19077,41.9,-94.3,0.0054343016405990615
19077,41.8,-94.7,0.05664732439795835
19077,41.8,-94.6,0.06009172988715034
19077,41.8,-94.5,0.06009172988715095
19077,41.8,-94.4,0.06009172988715265
19077,41.8,-94.3,0.04168672653519763
19077,41.7,-94.7,0.056704755893437195
19077,41.7,-94.6,0.06018401022532871
19077,41.7,-94.5,0.060184010225330827
19077,41.7,-94.4,0.060184010225329994
19077,41.7,-94.3,0.04186472418397785
19077,41.6,-94.7,0.04311476464939252
19077,41.6,-94.6,0.06027610348962511
19077,41.6,-94.5,0.06027610348962461
19077,41.6,-94.4,0.06027610348962147
19077,41.6,-94.3,0.05145827635410524
19077,41.6,-94.2,0.0026555561172559024
19077,41.5,-94.7,0.014037505359950181
19077,41.5,-94.6,0.027802521749517427
19077,41.5,-94.5,0.027894732902860004
19077,41.5,-94.4,0.027925090038368867
19077,41.5,-94.3,0.02795684944105596
19077,41.5,-94.2,0.002392157031954105
39005,41.1,-82.4,0.011382357385398507
39005,41.1,-82.3,0.013057471025849378
39005,41.1,-82.2,0.009305260195779486
39005,41.0,-82.4,0.0652541108233528
39005,41.0,-82.3,0.08451986369678344
39005,41.0,-82.2,0.0734152853294533
39005,41.0,-82.1,0.007456869908960187
39005,40.9,-82.4,0.056236124637395586
39005,40.9,-82.3,0.0846460038010004
39005,40.9,-82.2,0.08464600380099963
39005,40.9,-82.1,0.019624271493780217
39005,40.8,-82.4,0.03879747096288022
39005,40.8,-82.3,0.08477188117803193
39005,40.8,-82.2,0.0847718811780341
39005,40.8,-82.1,0.01977293262914145
39005,40.7,-82.4,0.005591458297961586
39005,40.7,-82.3,0.07767898608733662
39005,40.7,-82.2,0.07430449694835511
39005,40.7,-82.1,0.01643653837214909
39005,40.6,-82.3,0.06740482520200758
39005,40.6,-82.2,0.020925907045349308
18081,39.6,-86.3,0.00039409993072467726
18081,39.6,-86.2,0.09652960042165251
18081,39.6,-86.1,0.09844320873741695
18081,39.6,-86.0,0.09808421194386283
18081,39.5,-86.3,0.001246771231169874
18081,39.5,-86.2,0.11456477721161647
18081,39.5,-86.1,0.11456477721161466
18081,39.5,-86.0,0.11302891214977522
18081,39.4,-86.3,0.0016455472233608331
18081,39.4,-86.2,0.1147267934656563
18081,39.4,-86.1,0.11472679346565982
18081,39.4,-86.0,0.11174846507000047
18081,39.3,-86.3,0.00015830692667486045
18081,39.3,-86.2,0.008966672390886
18081,39.3,-86.1,0.006940326414361356
18081,39.3,-86.0,0.0042307362055671064
19159,40.9,-94.5,0.007075434071360749
19159,40.9,-94.4,0.03302113621135061
19159,40.9,-94.3,0.03265181162548709
19159,40.9,-94.2,0.032075865119111806
19159,40.9,-94.1,0.03174630076842694
19159,40.9,-94.0,0.011092304424239884
19159,40.8,-94.5,0.014501321997802727
19159,40.8,-94.4,0.06713327887930504
19159,40.8,-94.3,0.06713327887930784
19159,40.8,-94.2,0.06713327887930995
19159,40.8,-94.1,0.06713327887930798
19159,40.8,-94.0,0.02332774476271539
19159,40.7,-94.5,0.014328744737900417
19159,40.7,-94.4,0.06723275644405914
19159,40.7,-94.3,0.06723275644405885
19159,40.7,-94.2,0.06723275644406003
19159,40.7,-94.1,0.06723275644405963
19159,40.7,-94.0,0.023288005057453775
19159,40.6,-94.5,0.011351320861795942
19159,40.6,-94.4,0.053068513230069635
19159,40.6,-94.3,0.05283254992498258
19159,40.6,-94.2,0.05242299381972495
19159,40.6,-94.1,0.05194944160332568
19159,40.6,-94.0,0.017802370490783422
17019,40.4,-88.5,0.001807797272285445
17019,40.4,-88.4,0.01770262933276452
17019,40.4,-88.3,0.017819834307748396
17019,40.4,-88.2,0.018158530815669982
17019,40.4,-88.1,0.018396796471506806
17019,40.4,-88.0,0.0181768406769841
17019,40.4,-87.9,0.003293414919988212
17019,40.3,-88.5,0.0037954165864017295
17019,40.3,-88.4,0.0365053251309109
17019,40.3,-88.3,0.03650532513091017
17019,40.3,-88.2,0.03650532513090943
17019,40.3,-88.1,0.03650532513091072
17019,40.3,-88.0,0.036505325130911266
17019,40.3,-87.9,0.007333825422508968
17019,40.2,-88.5,0.0046341040232526585
17019,40.2,-88.4,0.0365584578002141
17019,40.2,-88.3,0.036558457800212704
17019,40.2,-88.2,0.036558457800213454
17019,40.2,-88.1,0.03655845780021759
17019,40.2,-88.0,0.03655845780021571
17019,40.2,-87.9,0.004216284819655539
17019,40.1,-88.5,0.00482559083058986
17019,40.1,-88.4,0.03661147714243428
17019,40.1,-88.3,0.03661147714243474
17019,40.1,-88.2,0.036611477142433575
17019,40.1,-88.1,0.03661147714243125
17019,40.1,-88.0,0.036611477142432625
17019,40.1,-87.9,0.0036893535324544193
17019,40.0,-88.5,0.004697831406179936
17019,40.0,-88.4,0.03666438301377279
17019,40.0,-88.3,0.036664383013773005
17019,40.0,-88.2,0.03666438301377256
17019,40.0,-88.1,0.03666438301377272
17019,40.0,-88.0,0.03666438301377368
17019,40.0,-87.9,0.004088127376231809
17019,39.9,-88.5,0.0032202521854564014
17019,39.9,-88.4,0.025970086486886437
17019,39.9,-88.3,0.025966960497045666
17019,39.9,-88.2,0.025877560382743345
17019,39.9,-88.1,0.025692413653164905
17019,39.9,-88.0,0.025853549258903576
17019,39.9,-87.9,0.003084584304920078
17187,41.1,-90.8,0.00436213046859034
17187,41.1,-90.7,0.011858459395983952
17187,41.1,-90.6,0.010470632995453625
17187,41.1,-90.5,0.009157058119694118
17187,41.1,-90.4,0.0009688570816504471
17187,41.0,-90.8,0.02402337208315479
17187,41.0,-90.7,0.06644163808725889
17187,41.0,-90.6,0.06644163808726088
17187,41.0,-90.5,0.06644163808726199
17187,41.0,-90.4,0.0064473836211362354
17187,40.9,-90.8,0.024777298103815546
17187,40.9,-90.7,0.06654079767869622
17187,40.9,-90.6,0.0665407976786967
17187,40.9,-90.5,0.06654079767869626
17187,40.9,-90.4,0.005597817374256845
17187,40.8,-90.8,0.025570612498378893
17187,40.8,-90.7,0.06663975073851393
17187,40.8,-90.6,0.06663975073851618
17187,40.8,-90.5,0.06663975073851593
17187,40.8,-90.4,0.004675566026362721
17187,40.7,-90.8,0.026220818318375316
17187,40.7,-90.7,0.06673849699715091
17187,40.7,-90.6,0.06673849699714926
17187,40.7,-90.5,0.06673849699714904
17187,40.7,-90.4,0.0036662412854317466
17187,40.6,-90.8,0.00395881776694283
17187,40.6,-90.7,0.011693417779169902
17187,40.6,-90.6,0.01277152660378633
17187,40.6,-90.5,0.014017071472472734
17187,40.6,-90.4,0.0006808685004774915
17107,40.3,-89.6,0.021744898856067934
17107,40.3,-89.5,0.042306785575769425
17107,40.3,-89.4,0.043404440928096054
17107,40.3,-89.3,0.04065513972648705
17107,40.3,-89.2,0.01870992216041211
17107,40.3,-89.1,0.00029839365782539825
17107,40.2,-89.6,0.03093235480735962
17107,40.2,-89.5,0.058975397976339404
17107,40.2,-89.4,0.05897539797633882
17107,40.2,-89.3,0.058975397976345365
17107,40.2,-89.2,0.05897539797634487
17107,40.2,-89.1,0.0015968728466334403
17107,40.1,-89.6,0.02483296706050393
17107,40.1,-89.5,0.05906092775510803
17107,40.1,-89.4,0.059060927755108905
17107,40.1,-89.3,0.059060927755119286
17107,40.1,-89.2,0.059060927755107545
17107,40.1,-89.1,0.0026725961375632357
17107,40.0,-89.6,0.01260865113203177
17107,40.0,-89.5,0.04873111406457518
17107,40.0,-89.4,0.059146274484850936
17107,40.0,-89.3,0.059146274484858666
17107,40.0,-89.2,0.05914627448485198
17107,40.0,-89.1,0.003418194210685313
17107,39.9,-89.5,0.003340501941612991
17107,39.9,-89.4,0.015036243706142207
17107,39.9,-89.3,0.019458770424553882
17107,39.9,-89.2,0.019444302651879943
17107,39.9,-89.1,0.0012237237314267793
39101,40.7,-83.4,0.02332953969344116
39101,40.7,-83.3,0.040714163075926686
39101,40.7,-83.2,0.04689015702385566
39101,40.7,-83.1,0.04741628180975301
39101,40.7,-83.0,0.0478031937897091
39101,40.7,-82.9,0.044635745973000865
39101,40.6,-83.4,0.06243159362956403
39101,40.6,-83.3,0.08979345451714117
39101,40.6,-83.2,0.0897934545171368
39101,40.6,-83.1,0.08979345451713286
39101,40.6,-83.0,0.08304683031613834
39101,40.6,-82.9,0.0033000779700860217
39101,40.5,-83.4,0.026593701193347922
39101,40.5,-83.3,0.03904214787697892
39101,40.5,-83.2,0.08905239881540969
39101,40.5,-83.1,0.08992556026394778
39101,40.5,-83.0,0.06223480219018444
39101,40.4,-83.2,0.007928129161594596
39101,40.4,-83.1,0.012075110472629286
39101,40.4,-83.0,0.004200203193021696
19073,42.2,-94.6,0.02910129527842396
19073,42.2,-94.5,0.0367992695864819
19073,42.2,-94.4,0.036718230000893824
19073,42.2,-94.3,0.03693305030109148
19073,42.2,-94.2,0.03163110344843301
19073,42.1,-94.6,0.049060581173380455
19073,42.1,-94.5,0.062110754608334456
19073,42.1,-94.4,0.06211075460833565
19073,42.1,-94.3,0.06211075460833258
19073,42.1,-94.2,0.052952974917281195
19073,42.0,-94.6,0.049269366141841776
19073,42.0,-94.5,0.062207159919106095
19073,42.0,-94.4,0.062207159919110945
19073,42.0,-94.3,0.06220715991911124
19073,42.0,-94.2,0.05315893505367205
19073,41.9,-94.6,0.042811950298111204
19073,41.9,-94.5,0.05405484793558267
19073,41.9,-94.4,0.05411472609695633
19073,41.9,-94.3,0.05419043526025723
19073,41.9,-94.2,0.04624949092526196
19053,40.9,-94.0,0.020618004522789203
19053,40.9,-93.9,0.03189553939339473
19053,40.9,-93.8,0.033143542386621094
19053,40.9,-93.7,0.03340924144841108
19053,40.9,-93.6,0.030896231177488846
19053,40.8,-94.0,0.04426196704286606
19053,40.8,-93.9,0.06783277586175974
19053,40.8,-93.8,0.06783277586177063
19053,40.8,-93.7,0.06783277586176122
19053,40.8,-93.6,0.06333082759005858
19053,40.7,-94.0,0.044402634890920153
19053,40.7,-93.9,0.06793328993563465
19053,40.7,-93.8,0.0679332899356412
19053,40.7,-93.7,0.06793328993563406
19053,40.7,-93.6,0.06348086109428305
19053,40.6,-94.0,0.03358577914893912
19053,40.6,-93.9,0.0504067152235798
19053,40.6,-93.8,0.04945178284081443
19053,40.6,-93.7,0.04905668075175817
19053,40.6,-93.6,0.04476199509587429
19175,41.2,-94.5,0.0013171234890518085
19175,41.2,-94.4,0.006338977965658611
19175,41.2,-94.3,0.006174947879641585
19175,41.2,-94.2,0.005923929241090498
19175,41.2,-94.1,0.005725552492931976
19175,41.2,-94.0,0.0020428544083694817
19175,41.1,-94.5,0.01744734538961381
19175,41.1,-94.4,0.08460351161335111
19175,41.1,-94.3,0.08460351161335002
19175,41.1,-94.2,0.08460351161334606
19175,41.1,-94.1,0.08460351161334834
19175,41.1,-94.0,0.03011881547659618
19175,41.0,-94.5,0.017575613642287744
19175,41.0,-94.4,0.08473022870947326
19175,41.0,-94.3,0.08473022870947046
19175,41.0,-94.2,0.08473022870947296
19175,41.0,-94.1,0.08473022870946942
19175,41.0,-94.0,0.02990224742572914
19175,40.9,-94.5,0.00880853384271954
19175,40.9,-94.4,0.04305578928390168
19175,40.9,-94.3,0.043523310982013015
19175,40.9,-94.2,0.04425239184743038
19175,40.9,-94.1,0.04466958174154635
19175,40.9,-94.0,0.015788023600136484
19115,41.4,-91.5,0.021737121695432935
19115,41.4,-91.4,0.05124474873779632
19115,41.3,-91.5,0.030026391582999187
19115,41.3,-91.4,0.08369806035125932
19115,41.3,-91.3,0.0737325349667296
19115,41.3,-91.2,0.07303024170979075
19115,41.3,-91.1,0.04481464748657208
19115,41.2,-91.5,0.027068590979875552
19115,41.2,-91.4,0.07813507585726523
19115,41.2,-91.3,0.08613469394843926
19115,41.2,-91.2,0.08613469394843622
19115,41.2,-91.1,0.06574630733139064
19115,41.2,-91.0,0.007914183027582542
19115,41.1,-91.4,0.013441320400159315
19115,41.1,-91.3,0.06545172302495511
19115,41.1,-91.2,0.06603656115160948
19115,41.1,-91.1,0.06639853123925234
19115,41.1,-91.0,0.05876147825535582
19115,41.1,-90.9,0.0004930943050983432
19001,41.5,-94.7,0.017191911521083587
19001,41.5,-94.6,0.03387014073324479
19001,41.5,-94.5,0.03377423537565528
19001,41.5,-94.4,0.03374266205907806
19001,41.5,-94.3,0.03370963029707288
19001,41.5,-94.2,0.0028625733059547513
19001,41.4,-94.7,0.03173777800351741
19001,41.4,-94.6,0.06288189230046322
19001,41.4,-94.5,0.06288189230046032
19001,41.4,-94.4,0.06288189230046452
19001,41.4,-94.3,0.06288189230046515
19001,41.4,-94.2,0.005365779966215098
19001,41.3,-94.7,0.031644921803161634
19001,41.3,-94.6,0.06297708977031821
19001,41.3,-94.5,0.0629770897703197
19001,41.3,-94.4,0.06297708977031959
19001,41.3,-94.3,0.0629770897703156
19001,41.3,-94.2,0.005325250877923028
19001,41.2,-94.7,0.029290851002161993
19001,41.2,-94.6,0.05810128857714179
19001,41.2,-94.5,0.058249739056280905
19001,41.2,-94.4,0.05833926713224896
19001,41.2,-94.3,0.05846173570892369
19001,41.2,-94.2,0.004896306297209902
17201,42.5,-89.4,0.0172457410426689
17201,42.5,-89.3,0.0332588592787795
17201,42.5,-89.2,0.032376783680491655
17201,42.5,-89.1,0.03166780888559093
17201,42.5,-89.0,0.031194943259646418
17201,42.5,-88.9,0.002912062749386101
17201,42.4,-89.4,0.03305388692906921
17201,42.4,-89.3,0.06801511366187019
17201,42.4,-89.2,0.06801511366185777
17201,42.4,-89.1,0.06801511366186265
17201,42.4,-89.0,0.06801511366186247
17201,42.4,-88.9,0.006390011958568494
17201,42.3,-89.4,0.03236112663389491
17201,42.3,-89.3,0.06812181611701698
17201,42.3,-89.2,0.0681218161170098
17201,42.3,-89.1,0.0681218161170109
17201,42.3,-89.0,0.06812181611700903
17201,42.3,-88.9,0.006382536497330274
17201,42.2,-89.4,0.015243809175151633
17201,42.2,-89.3,0.032154776566501106
17201,42.2,-89.2,0.039808076307317905
17201,42.2,-89.1,0.06780613830199449
17201,42.2,-89.0,0.06710907987518384
17201,42.2,-88.9,0.006486639742924887
17123,41.1,-89.6,0.07888009309363171
17123,41.1,-89.5,0.08909057688868253
17123,41.1,-89.4,0.08853382511768969
17123,41.1,-89.3,0.05415324462264701
17123,41.1,-89.2,0.04882065694072687
17123,41.1,-89.1,0.0491394393447604
17123,41.1,-89.0,0.001231176442312451
17123,41.0,-89.6,0.06146111116706782
17123,41.0,-89.5,0.06958984123366087
17123,41.0,-89.4,0.0902924888689083
17123,41.0,-89.3,0.09051326931102183
17123,41.0,-89.2,0.09051326931100737
17123,41.0,-89.1,0.09051326931100745
17123,41.0,-89.0,0.0024091936299357733
17123,40.9,-89.5,0.0023127052901744127
17123,40.9,-89.4,0.02546413742513617
17123,40.9,-89.3,0.023653041899787487
17123,40.9,-89.2,0.021555146560242818
17123,40.9,-89.1,0.021355411427781922
17123,40.9,-89.0,0.0005181021138171321
